STT,Mã Tỉnh/TP,Tên Tỉnh/TP,Mã Quận/Huyện,Tên Quận/Huyện,Mã Trường,Tên Trường,Địa Chỉ,Khu Vực,Trường DTNT
1,01,Hà Nội,00,Sở Giáo dục và Đào tạo,800,Học ở nước ngoài,,KV3,
2,01,Hà Nội,00,Sở Giáo dục và Đào tạo,900,"Quân nhân, Công an tại ngũ",,KV3,
3,01,Hà Nội,01,Quận Ba Đình,062,THPT Nguyễn Trãi-Ba Đình,"Số 50 phố Nam Cao, phường Giảng Võ, quận Ba Đình, TP Hà Nội",KV3,
4,01,Hà Nội,01,Quận Ba Đình,066,THPT Phan Đình Phùng,"Số 30, phố Phan Đình Phùng, phường Quán Thánh, quận Ba Đình, TP Hà Nội",KV3,
5,01,Hà Nội,01,Quận Ba Đình,068,THPT Phạm Hồng Thái,"Số 1 Phố Nguyễn Văn Ngọc, phường Cống Vị, quận Ba Đình, TP Hà Nội",KV3,
6,01,Hà Nội,01,Quận Ba Đình,088,"TH,THCS&THPT Thực nghiệm Khoa học Giáo dục","Số 50 đường Liễu Giai, phường Cống Vị, quận Ba Đình, TP Hà Nội",KV3,
7,01,Hà Nội,01,Quận Ba Đình,223,THPT Hoàng Long,"Số 94, ngõ 189 Hoàng Hoa Thám, phường Liễu Giai, quận Ba Đình, TP Hà Nội",KV3,
8,01,Hà Nội,01,Quận Ba Đình,401,GDNN-GDTX quận Ba Đình,"Số 1 Ngõ 294 Đội Cấn, phường Cống Vị, quận Ba Đình, TP Hà Nội",KV3,
9,01,Hà Nội,01,Quận Ba Đình,441,GDTX Ba Đình,"Ngõ 294 Phố Đội Cấn, quận Ba Đình, TP Hà Nội",KV3,
10,01,Hà Nội,01,Quận Ba Đình,610,CĐ nghề Hùng Vương,"Số 324, Đường Bưởi, Phường Vĩnh Phúc, Quận Ba Đình, TP Hà Nội",KV3,
11,01,Hà Nội,01,Quận Ba Đình,621,CĐ nghề VIGLACERA,"Số 92 phố Vĩnh Phúc, Phường Vĩnh Phúc, Quận Ba Đình, TP Hà Nội",KV3,
12,01,Hà Nội,01,Quận Ba Đình,801,Trường THPT - Khu vực 1,,KV1,
13,01,Hà Nội,01,Quận Ba Đình,802,Trường THPT - KV2NT,,KV2-NT,
14,01,Hà Nội,01,Quận Ba Đình,803,Trường THPT - KV2,,KV2,
15,01,Hà Nội,01,Quận Ba Đình,804,Trường THPT - Khu vực 3,,KV3,
16,01,Hà Nội,02,Quận Hoàn Kiếm,098,THPT Trần Phú-Hoàn Kiếm,"Số 8 phố Hai Bà Trưng, phường Tràng Tiền, quận Hoàn Kiếm, TP Hà Nội",KV3,
17,01,Hà Nội,02,Quận Hoàn Kiếm,111,THPT Việt Đức,"Số 47 Lý Thường Kiệt, phường Trần Hưng Đạo, quận Hoàn Kiếm, TP Hà Nội",KV3,
18,01,Hà Nội,02,Quận Hoàn Kiếm,211,THPT Đinh Tiên Hoàng-Ba Đình,"Số 10 Chương Dương Độ, Phường Chương Dương, quận Hoàn Kiếm, TP Hà Nội",KV3,
19,01,Hà Nội,02,Quận Hoàn Kiếm,228,THPT Hồng Hà,"Số 10, Chương Dương Độ, phường Chương dương, quận Hoàn Kiếm, TP Hà Nội",KV3,
20,01,Hà Nội,02,Quận Hoàn Kiếm,406,GDNN-GDTX Nguyễn Văn Tố quận Hoàn Kiếm,"Số 47 Hàng Quạt, phường Hàng Gai, quận Hoàn Kiếm, TP Hà Nội",KV3,
21,01,Hà Nội,02,Quận Hoàn Kiếm,456,GDTX Nguyễn Văn Tố,Số 47 Hàng Quạt- Quận Hoàn Kiếm- TP Hà Nội,KV3,
22,01,Hà Nội,02,Quận Hoàn Kiếm,501,Cao đẳng Nghệ thuật Hà Nội,"Số 7 phố Hai Bà Trưng, phường Tràng Tiền, quận Hoàn Kiếm, TP Hà Nội",KV3,
23,01,Hà Nội,02,Quận Hoàn Kiếm,636,TC nghề đồng hồ - điện tử - tin học HN,"Số 55 Hàng Bông, Quận Hoàn Kiếm, TP Hà Nội",KV3,
24,01,Hà Nội,03,Quận Hai Bà Trưng,024,THPT Đoàn Kết-Hai Bà Trưng,"Số 174 Hồng Mai, phường Bạch Mai, quận Hai Bà Trưng, TP Hà Nội",KV3,
25,01,Hà Nội,03,Quận Hai Bà Trưng,087,THPT Thăng Long,"Số 44 phố Tạ Quang Bửu, phường Bạch Mai, quận Hai Bà Trưng, TP Hà Nội",KV3,
26,01,Hà Nội,03,Quận Hai Bà Trưng,097,THPT Trần Nhân Tông,"Số 15 phố Hương Viên, phường Đồng Nhân, quận Hai Bà Trưng, TP Hà Nội",KV3,
27,01,Hà Nội,03,Quận Hai Bà Trưng,214,THPT Đông Kinh,"Số 18C Tam Trinh, phường Minh Khai, quận Hai Bà Trưng, TP Hà Nội",KV3,
28,01,Hà Nội,03,Quận Hai Bà Trưng,222,THPT Hoàng Diệu,"Số 9 Phố Bùi Ngọc Dương, phường Bạch Mai, quận Hai Bà Trưng, TP Hà Nội",KV3,
29,01,Hà Nội,03,Quận Hai Bà Trưng,241,THPT Mai Hắc Đế,"Ngõ 29A Phường Vĩnh Tuy, quận Hai Bà Trưng, TP Hà Nội",KV3,
30,01,Hà Nội,03,Quận Hai Bà Trưng,271,THCS và THPT Tạ Quang Bửu,"Số 92 Phố Lê Thanh Nghị, phường Bách Khoa, quận Hai Bà Trưng, TP Hà Nội",KV3,
31,01,Hà Nội,03,Quận Hai Bà Trưng,283,THPT Văn Hiến,"số 310 phố Minh Khai, phường Minh Khai, quận Hai Bà Trưng, TP Hà Nội",KV3,
32,01,Hà Nội,03,Quận Hai Bà Trưng,295,"TH,THCS&THPT Vinschool","Tòa nhà T37 khu đô thị Times City, 458 Minh Khai, phường Vĩnh Tuy, quận Hai Bà Trưng, TP Hà Nội",KV3,
33,01,Hà Nội,03,Quận Hai Bà Trưng,297,THPT Hòa Bình-La Trobe-Hà Nội,"Số 65 Cảm Hội, phường Đống Mác, quận Hai Bà Trưng, TP Hà Nội",KV3,
34,01,Hà Nội,03,Quận Hai Bà Trưng,405,GDNN-GDTX quận Hai Bà Trưng,"Số 15 phố Bùi Ngọc Dương, phường Bạch Mai, quận Hai Bà Trưng, TP Hà Nội",KV3,
35,01,Hà Nội,03,Quận Hai Bà Trưng,450,GDTX Hai Bà Trưng,"Số 14- Phố Lê Gia Đỉnh, phường Phố Huế, quận Hai Bà Trưng- TP Hà Nội",KV3,
36,01,Hà Nội,03,Quận Hai Bà Trưng,603,CĐ nghề Bách Khoa Hà Nội,"Số 15A Tạ Quang Bửu, Phường Bách Khoa, Quận Hai Bà Trưng, TP Hà Nội",KV3,
37,01,Hà Nội,03,Quận Hai Bà Trưng,612,CĐ nghề KT công nghệ LOD - Phân hiệu HN,"Số 924 Bạch Đằng, Phường Thanh Lương, Quận Hai Bà Trưng, TP Hà Nội",KV3,
38,01,Hà Nội,03,Quận Hai Bà Trưng,631,TC nghề Dân lập Công nghệ Thăng Long,"Số 28 Ngõ 20 Trương Định, Quận Hai Bà Trưng, TP Hà Nội",KV3,
39,01,Hà Nội,04,Quận Đống Đa,027,THPT Đống Đa,"Số 10 ngõ Quan Thổ 1 Phố Tôn Đức Thắng, phường Hàng Bột, quận Đống Đa, TP Hà Nội",KV3,
40,01,Hà Nội,04,Quận Đống Đa,031,THPT Hoàng Cầu,"Số 27/44 Nguyễn Phúc Lai, phường Ô Chợ Dừa, quận Đống Đa, TP Hà Nội",KV3,
41,01,Hà Nội,04,Quận Đống Đa,038,THPT Kim Liên,"Số 1 Ngõ 4C Đặng Văn Ngữ, phường Trung Tự, quận Đống Đa, TP Hà Nội",KV3,
42,01,Hà Nội,04,Quận Đống Đa,041,THPT Lê Quý Đôn-Đống Đa,"Số 195 Ngõ Xã Đàn II, phường Nam Đồng, quận Đống Đa, TP Hà Nội",KV3,
43,01,Hà Nội,04,Quận Đống Đa,067,THPT Phan Huy Chú-Đống Đa,"Số 34 Ngõ 49 Huỳnh Thúc Kháng, phường Láng Hạ, quận Đống Đa, TP Hà Nội",KV3,
44,01,Hà Nội,04,Quận Đống Đa,074,THPT Quang Trung-Đống Đa,"Số 178 Đường Láng, phường Thịnh Quang, quận Đống Đa, TP Hà Nội",KV3,
45,01,Hà Nội,04,Quận Đống Đa,201,THCS&THPT Alfred Nobel,"Ngõ 14C Pháo đài Láng, phường Láng Thượng, quận Đống Đa, TP Hà Nội",KV3,
46,01,Hà Nội,04,Quận Đống Đa,203,THPT Bắc Hà-Đống Đa,"Số 1A, ngõ 538 Đường Láng, phường Láng Hạ, quận Đống Đa, TP Hà Nội",KV3,
47,01,Hà Nội,04,Quận Đống Đa,218,THPT Hà Nội,"Số 106, phố Thái Thịnh, quận Đống Đa, TP Hà Nội",KV3,
48,01,Hà Nội,04,Quận Đống Đa,251,THPT Nguyễn Du-Mê Linh,"Số 20 Tôn Thất Tùng, quận Đống Đa, TP Hà Nội",KV3,
49,01,Hà Nội,04,Quận Đống Đa,259,THPT Nguyễn Văn Huyên,"Số 55A Phố Nhuệ Giang, Phường Tây Mỗ, quận Nam Từ Liêm, TP. Hà Nội",KV3,
50,01,Hà Nội,04,Quận Đống Đa,266,THPT Phùng Khắc Khoan,"Số 85 phố Lương Đình Của, phường Phương Mai, quận Đống Đa, TP Hà Nội",KV3,
51,01,Hà Nội,04,Quận Đống Đa,284,THPT Văn Lang,"Số 160 Tôn Đức Thắng, quận Đống Đa, TP Hà Nội",KV3,
52,01,Hà Nội,04,Quận Đống Đa,301,THCS&THPT TH School,"Số 4-6 Chùa Bộc, phường Quang Trung, quận Đống Đa, Hà Nội",KV3,
53,01,Hà Nội,04,Quận Đống Đa,403,GDNN-GDTX quận Đống Đa,"Số 5 ngõ 4A Phố Đặng Văn Ngữ, phường Trung Tự, quận Đống Đa, TP Hà Nội",KV3,
54,01,Hà Nội,04,Quận Đống Đa,449,GDTX Đống Đa,Số 5 ngõ 4A Đặng Văn Ngữ- Quận Đống Đa- TP Hà Nội,KV3,
55,01,Hà Nội,04,Quận Đống Đa,503,Học viện âm nhạc QGVN,"Số 77 Hào Nam, phường Ô Chợ Dừa, quận Đống Đa, TP Hà Nội",KV3,
56,01,Hà Nội,04,Quận Đống Đa,507,Đại học Văn Hóa Nghệ thuật Quân đội,"số 101 đường Nguyễn Chí Thanh, Phường Láng Hạ, Quận Đống Đa, TP Hà Nội",KV3,
57,01,Hà Nội,04,Quận Đống Đa,601,CĐ Kỹ thuật thiết bị y tế,"Số 1 Ngõ 89, Phương Mai, Quận Đống Đa, TP Hà Nội",KV3,
58,01,Hà Nội,04,Quận Đống Đa,606,CĐ nghề Công nghiệp Hà Nội,"Số 131 Phố Thái Thịnh, Quận Đống Đa, TP Hà Nội",KV3,
59,01,Hà Nội,04,Quận Đống Đa,625,TC nghề Công đoàn Việt Nam,"Số 21 ngõ 167 Tây Sơn, Quang Trung, Quận Đống Đa, TP Hà Nội",KV3,
60,01,Hà Nội,04,Quận Đống Đa,647,TC nghề may và thời trang Hà Nội,"Số 56 Khâm Thiên, Quận Đống Đa, TP Hà Nội",KV3,
61,01,Hà Nội,04,Quận Đống Đa,648,TC nghề Nấu ăn và Nghiệp vụ khách sạn HN,"Số 6, ngõ Lệnh Cư, Khâm Thiên, Quận Đống Đa, TP Hà Nội",KV3,
62,01,Hà Nội,04,Quận Đống Đa,659,TC nghề thông tin và truyền thông HN,"Số 30 Trung Liệt, Quận Đống Đa, TP Hà Nội",KV3,
63,01,Hà Nội,04,Quận Đống Đa,668,Trường Nghệ thuật Quân đội,"Đường Nguyễn Chí Thanh, Quận Đống Đa, TP Hà Nội",KV3,
64,01,Hà Nội,05,Quận Tây Hồ,008,THPT chuyên Chu Văn An,"Số 10 Thuỵ Khuê, Quận Tây Hồ, TP Hà Nội",KV3,
65,01,Hà Nội,05,Quận Tây Hồ,082,THPT Tây Hồ,"Số 41, phố Phú Thượng, phường Phú Thượng, quận Tây Hồ, TP Hà Nội",KV3,
66,01,Hà Nội,05,Quận Tây Hồ,152,THPT Chu Văn An (trước 01/2025),"Số 10 Thuỵ Khuê, Quận Tây Hồ, TP Hà Nội",KV3,
67,01,Hà Nội,05,Quận Tây Hồ,213,THPT Đông Đô,"Số 8 Võng Thị, phường Bưởi, quận Tây Hồ, TP Hà Nội",KV3,
68,01,Hà Nội,05,Quận Tây Hồ,219,THPT Hà Nội Academy,"Lô D45-D46 Khu đô thị Quốc tế Nam Thăng Long Ciputra, phường Phú Thượng, quận Tây Hồ, TP Hà Nội",KV3,
69,01,Hà Nội,05,Quận Tây Hồ,262,THPT Phan Chu Trinh,"Số 481 đường Âu Cơ, phường Nhật Tân, quận Tây Hồ, TP Hà Nội",KV3,
70,01,Hà Nội,05,Quận Tây Hồ,270,"TH,THCS,THPT Song ngữ QT Horizon","Số 98 Tô Ngọc Vân, phường Quảng An, quận Tây Hồ, TP Hà Nội",KV3,
71,01,Hà Nội,05,Quận Tây Hồ,410,GDNN-GDTX quận Tây Hồ,"Số 43 Phố Phú Thượng, phường Phú Thượng, quận Tây Hồ, TP Hà Nội",KV3,
72,01,Hà Nội,05,Quận Tây Hồ,463,GDTX Tây Hồ,Số 57/15 đường An Dương Vương- Phú Thượng- Quận Tây Hồ- TP Hà Nội,KV3,
73,01,Hà Nội,05,Quận Tây Hồ,642,TC nghề Kỹ nghệ thực hành HIPT,"Ngõ 28, tầng 2, chung cư nhà F, Xuân La, Quận Tây Hồ, TP Hà Nội",KV3,
74,01,Hà Nội,06,Quận Cầu Giấy,007,THPT Cầu Giấy,"Ngõ 118, Đường Nguyễn Khánh Toàn, Quận Cầu Giấy, TP Hà Nội",KV3,
75,01,Hà Nội,06,Quận Cầu Giấy,009,THPT chuyên Đại học Sư phạm,"Số 136 đường Xuân Thuỷ, Phường Dịch Vọng Hậu, Quận Cầu Giấy, TP Hà Nội",KV3,
76,01,Hà Nội,06,Quận Cầu Giấy,010,THPT chuyên Hà Nội-Amsterdam,"Số 1, đường Hoàng Minh Giám, quận Cầu Giấy, TP Hà Nội",KV3,
77,01,Hà Nội,06,Quận Cầu Giấy,013,THPT chuyên Ngoại ngữ,"Số 2 đường Phạm Văn Đồng, phường Dịch Vọng Hậu, quận Cầu Giấy, TP Hà Nội",KV3,
78,01,Hà Nội,06,Quận Cầu Giấy,060,THCS và THPT Nguyễn Tất Thành,"Số 136 Đường Xuân Thuỷ, phường Dịch Vọng Hậu, quận Cầu Giấy, TP Hà Nội",KV3,
79,01,Hà Nội,06,Quận Cầu Giấy,117,THPT Yên Hòa,"Số 251 Nguyễn Khang, phường Yên Hòa, quận Cầu Giấy, TP Hà Nội",KV3,
80,01,Hà Nội,06,Quận Cầu Giấy,215,THPT Einstein,"Số 169, phố Nguyễn Ngọc Vũ, phường Trung Hòa, quận Cầu Giấy, TP Hà Nội",KV3,
81,01,Hà Nội,06,Quận Cầu Giấy,221,PTDL Hermann Gmeiner,"Số 2 Doãn Kế Thiện, phường Mai Dịch, quận Cầu Giấy, TP Hà Nội",KV3,
82,01,Hà Nội,06,Quận Cầu Giấy,226,THPT Hồng Bàng,"Số 169 Nguyễn Ngọc Vũ, Quận Cầu Giấy, TP Hà Nội",KV3,
83,01,Hà Nội,06,Quận Cầu Giấy,236,THCS&THPT Lương Thế Vinh,"Số 35 phố Đinh Núp, phường Trung Hòa, quận Cầu giấy, TP Hà Nội",KV3,
84,01,Hà Nội,06,Quận Cầu Giấy,238,THPT Lương Văn Can,"Lô NT1, khu đô thị Nam Trung Yên, phường Trung Hòa, quận Cầu Giấy, TP Hà Nội",KV3,
85,01,Hà Nội,06,Quận Cầu Giấy,239,THPT Lý Thái Tổ,"Số 165 Đường Hoàng Ngân, phường Trung Hòa, quận Cầu Giấy, TP Hà Nội",KV3,
86,01,Hà Nội,06,Quận Cầu Giấy,250,THCS&THPT Nguyễn Bỉnh Khiêm-Cầu Giấy,"Số 6 Trần Quốc Hoàn, phường Dịch Vọng Hậu, quận Cầu Giấy, TP Hà Nội",KV3,
87,01,Hà Nội,06,Quận Cầu Giấy,253,THCS và THPT Nguyễn Siêu,"Số 35, Phố Mạc Thái Tổ, phường Yên Hòa, quận Cầu Giấy, TP Hà Nội",KV3,
88,01,Hà Nội,06,Quận Cầu Giấy,296,THPT Global,"Lô C1, C2 Khu đô thị mới Yên Hòa, phường Yên Hòa, quận Cầu Giấy, TP Hà Nội",KV3,
89,01,Hà Nội,06,Quận Cầu Giấy,305,"TH,THCS&THPT Đa Trí Tuệ","Lô TH2, Khu đô thị mới Dịch Vọng, phường Dịch Vọng, quận Cầu Giấy, TP Hà Nội",KV3,
90,01,Hà Nội,06,Quận Cầu Giấy,402,GDNN-GDTX quận Cầu Giấy,"Số 2 Ngõ 181 đường Xuân Thuỷ, phường Dịch Vọng Hậu, quận Cầu Giấy, TP Hà Nội",KV3,
91,01,Hà Nội,06,Quận Cầu Giấy,443,GDTX&DN Cầu Giấy,"Ngõ 223 đường Xuân Thuỷ, quận Cầu Giấy, TP Hà Nội",KV3,
92,01,Hà Nội,06,Quận Cầu Giấy,505,Trung cấp NT Xiếc và Tạp kỹ Việt Nam,"Khu Văn hóa nghệ thuật, phường Mai Dịch, quận Cầu Giấy, TP Hà Nội",KV3,
93,01,Hà Nội,06,Quận Cầu Giấy,506,Cao đẳng Sư phạm Trung ương,"Số 387 Hoàng Quốc Việt, phường Nghĩa Tân, quận Cầu Giấy, TP Hà Nội",KV3,
94,01,Hà Nội,06,Quận Cầu Giấy,508,Học viện Múa Việt Nam,"Khu văn hóa nghệ thuật, phường Mai Dịch, quận Cầu Giấy, TP Hà Nội",KV3,
95,01,Hà Nội,06,Quận Cầu Giấy,604,CĐ nghề cơ điện Hà Nội,"Số 160 Mai Dịch, Quận Cầu Giấy, TP Hà Nội",KV3,
96,01,Hà Nội,06,Quận Cầu Giấy,617,CĐ nghề Phú Châu,"Số 104, đường Hoàng Quốc Việt, Quận Cầu Giấy, TP Hà Nội",KV3,
97,01,Hà Nội,06,Quận Cầu Giấy,619,CĐ nghề Trần Hưng Đạo,"Số 24, ngõ 4, Phố Phạm Tuấn Tài, Quận Cầu Giấy, TP Hà Nội",KV3,
98,01,Hà Nội,06,Quận Cầu Giấy,669,Trường CĐ Múa Việt Nam,,KV3,
99,01,Hà Nội,07,Quận Thanh Xuân,011,THPT chuyên Khoa học tự nhiên,"Số 182 đường Lương Thế Vinh, phường Thanh Xuân Bắc, quận Thanh Xuân, TP Hà Nội",KV3,
100,01,Hà Nội,07,Quận Thanh Xuân,065,THPT Nhân Chính,"Phố Ngụy Như Kon Tum, phường Nhân Chính, quận Thanh Xuân, TP Hà Nội",KV3,
101,01,Hà Nội,07,Quận Thanh Xuân,096,THPT Trần Hưng Đạo-Thanh Xuân,"Ngõ 477 Nguyễn Trãi, phường Thanh Xuân Nam, quận Thanh Xuân, TP Hà Nội",KV3,
102,01,Hà Nội,07,Quận Thanh Xuân,128,THPT Khương Đình,"Ngách 29/78 Khương Hạ, Phường Khương Đình,quận Thanh Xuân, TP Hà Nội",KV3,
103,01,Hà Nội,07,Quận Thanh Xuân,129,THPT chuyên Khoa học Xã hội và Nhân văn,"số 336 đường Nguyễn Trãi, phường Thanh Xuân Trung, quận Thanh Xuân, TP Hà Nội",KV3,
104,01,Hà Nội,07,Quận Thanh Xuân,132,"TH,THCS và THPT Khương Hạ","Số 31 Khương Hạ, Phường Khương Đình, quận Thanh Xuân, TP Hà Nội",KV3,
105,01,Hà Nội,07,Quận Thanh Xuân,207,THPT Đào Duy Từ,"Số 182 đường Lương Thế Vinh, phường Thanh Xuân Bắc, quận Thanh Xuân, TP Hà Nội",KV3,
106,01,Hà Nội,07,Quận Thanh Xuân,208,THPT Đại Việt,"Số 301 Nguyễn Trãi, phường Thanh Xuân Trung, quận Thanh Xuân, TP Hà Nội",KV3,
107,01,Hà Nội,07,Quận Thanh Xuân,224,THPT Hồ Tùng Mậu,"Số 18 Khương Hạ, Phường Khương Đình, Quận Thanh Xuân, TP Hà Nội",KV3,
108,01,Hà Nội,07,Quận Thanh Xuân,229,THPT Huỳnh Thúc Kháng,"Số 131, đường Nguyễn Trãi, quận Thanh Xuân, TP Hà Nội",KV3,
109,01,Hà Nội,07,Quận Thanh Xuân,254,THPT Nguyễn Tất Thành,"Số 54, phố Vũ Trọng Phụng, quận Thanh Xuân, TP Hà Nội",KV3,
110,01,Hà Nội,07,Quận Thanh Xuân,255,THPT Hoàng Mai,"Số 54A2, đường Vũ Trọng Phụng, quận Thanh Xuân, TP Hà Nội",KV3,
111,01,Hà Nội,07,Quận Thanh Xuân,322,THPT Lương Thế Vinh (trước 9/2015),"Số 233 Vũ Tông Phan, phường Khương Trung, quận Thanh Xuân, TP Hà Nội",KV3,
112,01,Hà Nội,07,Quận Thanh Xuân,335,THPT Nguyễn Trường Tộ,"Số 30 ngõ 208 tổ 20 phố Lê Trọng Tấn, phường Khương Mai, quận Thanh Xuân, TP Hà Nội",KV3,
113,01,Hà Nội,07,Quận Thanh Xuân,342,THPT Đông Nam Á (Trước 12/2017),"Số 19 Cự Lộc, phường Thanh Xuân, quận Thanh Xuân, TP Hà Nội",KV3,
114,01,Hà Nội,07,Quận Thanh Xuân,347,THPT Hồ Xuân Hương,"Số 1 Nguyễn Quý Đức, phường Thanh Xuân Bắc, quận Thanh Xuân, TP Hà Nội",KV3,
115,01,Hà Nội,07,Quận Thanh Xuân,348,THPT Nguyễn Tất Thành-Sơn Tây (từ 3/2019 đến 11/2020),"Số 54, phố Vũ Trọng Phụng, quận Thanh Xuân, TP Hà Nội",KV3,
116,01,Hà Nội,07,Quận Thanh Xuân,411,GDNN-GDTX quận Thanh Xuân,"Số 140 phố Bùi Xương Trạch, phường Khương Đình, quận Thanh Xuân, TP Hà Nội",KV3,
117,01,Hà Nội,07,Quận Thanh Xuân,466,GDTX Thanh Xuân,"Số 140 phố Bùi Xương Trạch, phường Khương Đình, quận Thanh Xuân, TP Hà Nội",KV3,
118,01,Hà Nội,07,Quận Thanh Xuân,502,BTVH Công ty Xây dựng Công nghiệp,"Số 25 ngõ 85 phố Hạ Đình, Quận Thanh Xuân, TP Hà Nội",KV3,
119,01,Hà Nội,07,Quận Thanh Xuân,626,TC nghề Công nghệ ôtô,"Số 83 Triều Khúc, Quận Thanh Xuân, TP Hà Nội",KV3,
120,01,Hà Nội,07,Quận Thanh Xuân,641,TC nghề Kinh tế Kỹ thuật vinamotor,"Số 35 B Nguyễn Huy Tưởng, P. Thanh Xuân Trung, Quận Thanh Xuân, TP Hà Nội",KV3,
121,01,Hà Nội,07,Quận Thanh Xuân,652,TC nghề số 10,"Số 101 Tô Vĩnh Diện, Khương Trung, Quận Thanh Xuân, TP Hà Nội",KV3,
122,01,Hà Nội,08,Quận Hoàng Mai,032,THPT Hoàng Văn Thụ,"Số 234 Đường Lĩnh Nam, phường Lĩnh Nam, quận Hoàng Mai, TP Hà Nội",KV3,
123,01,Hà Nội,08,Quận Hoàng Mai,102,THPT Trương Định,"Số 204 phố Tân Mai, phường Tân Mai, quận Hoàng Mai, TP Hà Nội",KV3,
124,01,Hà Nội,08,Quận Hoàng Mai,112,THPT Việt Nam-Ba Lan,"Số 1 ngõ 48, đường Ngọc Hồi, phường Hoàng Liệt, quận Hoàng Mai, TP Hà Nội",KV3,
125,01,Hà Nội,08,Quận Hoàng Mai,252,THPT Nguyễn Đình Chiểu,"Lô 12 Đền Lừ II, phường Hoàng Văn Thụ, quận Hoàng Mai, TP Hà Nội",KV3,
126,01,Hà Nội,08,Quận Hoàng Mai,268,THPT May,"Lô18 khu đô thị Định Công, phường Định Công, quận Hoàng Mai, TP Hà Nội",KV3,
127,01,Hà Nội,08,Quận Hoàng Mai,279,THPT Trần Quang Khải,"Số 11 ngách 1277/26 đường Giải Phóng, phường Thịnh Liệt, quận Hoàng Mai, TP Hà Nội",KV3,
128,01,Hà Nội,08,Quận Hoàng Mai,294,THCS&THPT Quốc tế Thăng Long,"Lô X1 Khu đô thị Bắc Linh Đàm, phường Đại Kim, quận Hoàng Mai, TP Hà Nội",KV3,
129,01,Hà Nội,08,Quận Hoàng Mai,349,THPT Phương Nam,"Lô 18 khu đô thi Định Công, phường Định Công, quận Hoàng Mai, TP Hà Nội",KV3,
130,01,Hà Nội,08,Quận Hoàng Mai,407,GDNN-GDTX quận Hoàng Mai,"Số 8 ngõ 22, tổ 5, đường Khuyến Lương, phường Trần Phú, quận Hoàng Mai, TP Hà Nội",KV3,
131,01,Hà Nội,08,Quận Hoàng Mai,453,GDTX Hoàng Mai,Tổ 10 Phường Trần Phú- Quận Hoàng Mai- TP Hà Nội,KV3,
132,01,Hà Nội,08,Quận Hoàng Mai,611,CĐ nghề kinh doanh và công nghệ Hà Nội,"Số 29A, ngõ 124, Vĩnh Tuy, Phường Vĩnh Tuy, Quận Hoàng Mai, TP Hà Nội",KV3,
133,01,Hà Nội,08,Quận Hoàng Mai,637,TC nghề Du lịch Hà Nội,"Số 24 Ngõ 85 Lĩnh Nam, Quận Hoàng Mai, TP Hà Nội",KV3,
134,01,Hà Nội,08,Quận Hoàng Mai,639,TC nghề Giao thông Vận tải,"5B12A, Phường Mai Động, Quận Hoàng Mai, TP Hà Nội",KV3,
135,01,Hà Nội,08,Quận Hoàng Mai,646,TC nghề Kỹ thuật và Nghiệp vụ XD HN,"16C đường Tam Trinh, Quận Hoàng Mai, TP Hà Nội",KV3,
136,01,Hà Nội,08,Quận Hoàng Mai,653,TC nghề số 17,"Ngõ 228 Lê Trọng Tấn, Khu đô thị mới Định Công, Quận Hoàng Mai, TP Hà Nội",KV3,
137,01,Hà Nội,09,Quận Long Biên,045,THPT Lý Thường Kiệt,"Tổ 11, phường Thượng Thanh, quận Long Biên, TP Hà Nội",KV3,
138,01,Hà Nội,09,Quận Long Biên,059,THPT Nguyễn Gia Thiều,"Số 27 ngõ 298, phường Ngọc Lâm, quận Long Biên, TP Hà Nội",KV3,
139,01,Hà Nội,09,Quận Long Biên,085,THPT Thạch Bàn,"Tổ 12, phường Thạch Bàn, quận Long Biên, TP Hà Nội",KV3,
140,01,Hà Nội,09,Quận Long Biên,121,THPT Phúc Lợi,"Tổ 4 Phường Phúc Lợi, quận Long Biên, TP Hà Nội",KV3,
141,01,Hà Nội,09,Quận Long Biên,234,THPT Lê Văn Thiêm,"Số 44 phố Ô Cách, phường Đức Giang, quận Long Biên, TP Hà Nội",KV3,
142,01,Hà Nội,09,Quận Long Biên,273,THPT Tây Sơn,"Số 2/167 Gia Quất, phường Thượng Thanh, quận Long Biên, TP Hà Nội",KV3,
143,01,Hà Nội,09,Quận Long Biên,282,THPT Vạn Xuân-Long Biên,"Số 56 Hoàng Như Tiếp, phường Bồ Đề, quận Long Biên, TP Hà Nội",KV3,
144,01,Hà Nội,09,Quận Long Biên,287,THPT Wellspring-Mùa Xuân,"Số 95 Phố Ái Mộ, phường Bồ Đề, quận Long Biên, TP Hà Nội",KV3,
145,01,Hà Nội,09,Quận Long Biên,300,"TH,THCS&THPT Vinschool The Harmony","Đường Chu Huy Mân, phường Phúc Đồng, quận Long Biên, TP Hà Nội",KV3,
146,01,Hà Nội,09,Quận Long Biên,408,GDNN-GDTX quận Long Biên,"Ngõ 161 phố Hoa Lâm, phường Việt Hưng, quận Long Biên, TP Hà Nội",KV3,
147,01,Hà Nội,09,Quận Long Biên,471,GDTX Việt Hưng,"Ngách 161 Hoa Lâm, phường Việt Hưng, quận Long Biên, TP Hà Nội",KV3,
148,01,Hà Nội,09,Quận Long Biên,504,Trung cấp Quang Trung,"Tổ 14 phường Phúc Đồng, quận Long Biên, TP Hà Nội",KV3,
149,01,Hà Nội,09,Quận Long Biên,608,CĐ nghề đường sắt I,"Phường Thượng Thanh, Quận Long Biên, TP Hà Nội",KV3,
150,01,Hà Nội,09,Quận Long Biên,616,CĐ nghề Long Biên,"2/765 đường Nguyễn Văn Linh, Phường Sài Đồng, Quận Long Biên, TP Hà Nội",KV3,
151,01,Hà Nội,10,Quận Bắc Từ Liêm,061,THPT Nguyễn Thị Minh Khai,"Đường Võ Quý Huân, phường Phúc Diễn, quận Bắc Từ Liêm, TP Hà Nội",KV3,
152,01,Hà Nội,10,Quận Bắc Từ Liêm,090,THPT Thượng Cát,"Đường Sùng Khang, phường Thượng Cát, quận Bắc Từ Liêm, TP Hà Nội",KV3,
153,01,Hà Nội,10,Quận Bắc Từ Liêm,113,THPT Xuân Đỉnh,"Số 178, đường Xuân Đỉnh, phường Xuân Đỉnh, quận Bắc Từ Liêm, TP Hà Nội",KV3,
154,01,Hà Nội,10,Quận Bắc Từ Liêm,154,THPT Khoa học Giáo dục (trước 01/2025)5),"Phố Kiều Mai, phường Phúc Diễn, quận Bắc Từ Liêm, TP Hà Nội",KV3,
155,01,Hà Nội,10,Quận Bắc Từ Liêm,212,THPT Đoàn Thị Điểm,"Khu ĐT Bắc Cổ Nhuế, phường Cổ Nhuế 2, quận Bắc Từ Liêm, TP Hà Nội",KV3,
156,01,Hà Nội,10,Quận Bắc Từ Liêm,220,THCS&THPT Hà Thành,"Số 36A Phạm Văn Đồng, phường Cổ Nhuế 1, quận Bắc Từ Liêm, TP Hà Nội",KV3,
157,01,Hà Nội,10,Quận Bắc Từ Liêm,245,THCS&THPT Newton,"Khu dự án TNR Gold Mark City, phường Phú Diễn, quận Bắc Từ Liêm, TP Hà Nội",KV3,
158,01,Hà Nội,10,Quận Bắc Từ Liêm,272,THPT Tây Đô,"Đường Phú Minh tổ dân phố Phúc Lý 2, phường Minh Khai, quận Bắc Từ Liêm, TP Hà Nội",KV3,
159,01,Hà Nội,10,Quận Bắc Từ Liêm,298,THPT Nguyễn Huệ,"Khu đô thị Nam Cường, ngõ 234 Hoàng Quốc Việt, quận Bắc Từ Liêm, TP Hà Nội",KV3,
160,01,Hà Nội,10,Quận Bắc Từ Liêm,309,THCS và THPT Dewey,"Tầng 1,3,4,5 Tòa A, toà B, C thuộc ô đất H3-LC khu đô thi tây hồ Tây, phường Xuân Tảo, quận Bắc Từ Liêm",KV3,
161,01,Hà Nội,10,Quận Bắc Từ Liêm,311,THPT Tây Hà Nội,"Tổ dân phố 12, Phố Kiều Mai, Phương Phúc Diễn, quận Bắc Từ Liêm, TP Hà Nội",KV3,
162,01,Hà Nội,10,Quận Bắc Từ Liêm,313,"TH,THCS và THPT Everest","Khu đô thị mới Nghĩa Đô, ngõ 106 đường Hoàng Quốc Việt, Phường Cổ Nhuế 1, quận Bắc Từ Liêm, TP Hà Nội",KV3,
163,01,Hà Nội,10,Quận Bắc Từ Liêm,321,THPT Lê Thánh Tông (từ 12/2013 đến 9/2015),"Số 154 Phạm Văn Đồng, quận Bắc Từ Liêm- TP Hà Nội",KV3,
164,01,Hà Nội,10,Quận Bắc Từ Liêm,351,THPT Việt Hoàng ( trước 29/12/2023),"Km12 đường Cầu Diễn, phường Phúc Diễn, quận Bắc Từ Liêm, TP Hà Nội",KV3,
165,01,Hà Nội,10,Quận Bắc Từ Liêm,509,Cao đẳng FPT Polytechnic,"Km12 đường Cầu Diễn, phường Phúc Diễn, quận Bắc Từ Liêm, TP Hà Nội",KV3,
166,01,Hà Nội,10,Quận Bắc Từ Liêm,620,CĐ nghề Văn Lang Hà Nội,"Phường Đông Ngạc, Quận Bắc Từ Liêm, TP Hà Nội",KV3,
167,01,Hà Nội,10,Quận Bắc Từ Liêm,634,TC nghề Dân lập Quang Trung,"104 Hoàng Quốc Việt, X. Cổ Nhuế, Quận Bắc Từ Liêm, TP Hà Nội",KV3,
168,01,Hà Nội,10,Quận Bắc Từ Liêm,638,TC nghề Giao thông Công chính Hà Nội,"Phường Minh Khai, Quận Bắc Từ Liêm, TP Hà Nội",KV3,
169,01,Hà Nội,10,Quận Bắc Từ Liêm,640,TC nghề Giao thông Vận tải Thăng Long,"Xóm 1, xã Đông Ngạc, Quận Bắc Từ Liêm, TP Hà Nội",KV3,
170,01,Hà Nội,11,Huyện Thanh Trì,054,THPT Ngọc Hồi,"Xã Ngũ Hiệp, huyện Thanh Trì, TP Hà Nội",KV2,
171,01,Hà Nội,11,Huyện Thanh Trì,057,THPT Ngô Thì Nhậm,"Xã Tả Thanh Oai, huyện Thanh Trì, TP Hà Nội",KV2,
172,01,Hà Nội,11,Huyện Thanh Trì,123,THPT Đông Mỹ,"Xã Đông Mỹ, huyện Thanh Trì, TP Hà Nội",KV2,
173,01,Hà Nội,11,Huyện Thanh Trì,127,THPT Nguyễn Quốc Trinh,"xã Đại Áng, huyện Thanh Trì, thành phố Hà Nội",KV2,
174,01,Hà Nội,11,Huyện Thanh Trì,233,THPT Lê Thánh Tông,"Thôn Việt Yên, xã Ngũ Hiệp, huyện Thanh Trì, TP Hà Nội",KV2,
175,01,Hà Nội,11,Huyện Thanh Trì,323,THPT Lương Thế Vinh (từ 9/2015 đến 4/2017),"Thôn Yên Xá, xã Tân Triều, huyện Thanh Trì, TP Hà Nội",KV2,
176,01,Hà Nội,11,Huyện Thanh Trì,426,GDNN-GDTX huyện Thanh Trì,"Km 2,5 đường Phan Trọng Tuệ, Xã Thanh Liệt, Huyện Thanh Trì, TP Hà Nội",KV2,
177,01,Hà Nội,11,Huyện Thanh Trì,448,GDTX Đông Mỹ,Xã Đông Mỹ- Huyện Thanh Trì- TP Hà Nội,KV2,
178,01,Hà Nội,11,Huyện Thanh Trì,465,GDTX Thanh Trì,"Km 2,5 đường Phan Trọng Tuệ- Xã Thanh Liệt- Huyện Thanh Trì- TP Hà Nội",KV2,
179,01,Hà Nội,11,Huyện Thanh Trì,654,TC nghề số 18,"Huỳnh Cung, Xã Tam Hiệp, Huyện Thanh trì, TP Hà Nội",KV2,
180,01,Hà Nội,11,Huyện Thanh Trì,657,TC nghề T thục Formach,"Thị trấn Văn Điển, Huyện Thanh trì, TP Hà Nội",KV2,
181,01,Hà Nội,12,Huyện Gia Lâm,005,THPT Cao Bá Quát-Gia Lâm,"Số 57 đường Cổ Bi, Xã Cổ Bi, Huyện Gia Lâm, TP Hà Nội",KV2,
182,01,Hà Nội,12,Huyện Gia Lâm,019,THPT Dương Xá,"Xã Dương Xá, huyện Gia Lâm, TP Hà Nội",KV2,
183,01,Hà Nội,12,Huyện Gia Lâm,064,THPT Nguyễn Văn Cừ,"Thôn Thuận Tốn, xã Đa Tốn, huyện Gia Lâm, TP Hà Nội",KV2,
184,01,Hà Nội,12,Huyện Gia Lâm,119,THPT Yên Viên,"Thị trấn Yên Viên, huyện Gia Lâm, TP Hà Nội",KV2,
185,01,Hà Nội,12,Huyện Gia Lâm,205,THPT Bắc Đuống,"Số 133 Đặng Phúc Thông, xã Yên Thường, huyện Gia Lâm, TP Hà Nội",KV2,
186,01,Hà Nội,12,Huyện Gia Lâm,232,THPT Lê Ngọc Hân,"Số 28/622 đường Hà Huy Tập, thị trấn Yên Viên, huyện Gia Lâm, TP Hà Nội",KV2,
187,01,Hà Nội,12,Huyện Gia Lâm,240,THPT Lý Thánh Tông,"Đường Nguyễn Bình, xã Dương Xá, huyện Gia Lâm, TP Hà Nội",KV2,
188,01,Hà Nội,12,Huyện Gia Lâm,276,THPT Tô Hiệu-Gia Lâm,"Số 163 đường Ỷ Lan, xã Phú Sơn, huyện Gia Lâm, TP Hà Nội",KV2,
189,01,Hà Nội,12,Huyện Gia Lâm,304,"TH,THCS&THPT Vinschool Ocean Park","Lô đất B3-TH01, B1-CS01, PT-02, Khu đô thị Gia Lâm, thị trấn Trâu Quỳ, huyện Gia Lâm, TP Hà Nội",KV2,
190,01,Hà Nội,12,Huyện Gia Lâm,314,PT Võ thuật Bảo Long,"Số 447 đường đê Thiên Đức, xã Thiên Đức, huyện Gia Lâm, TP Hà Nội",KV2,
191,01,Hà Nội,12,Huyện Gia Lâm,417,GDNN-GDTX huyện Gia Lâm,"Số 6, đường Cổ Bi, xã Cổ Bi, huyện Gia Lâm, TP Hà Nội",KV2,
192,01,Hà Nội,12,Huyện Gia Lâm,446,GDTX Đình Xuyên,"xã Đình Xuyên, huyện Gia Lâm, TP Hà Nội",KV2,
193,01,Hà Nội,12,Huyện Gia Lâm,457,GDTX Phú Thị,Xã Đặng Xá- Huyện Gia Lâm- TP Hà Nội,KV2,
194,01,Hà Nội,12,Huyện Gia Lâm,615,CĐ nghề Kỹ thuật Mỹ nghệ Việt Nam,"Xã Dương Xá, Huyện Gia Lâm, TP Hà Nội",KV2,
195,01,Hà Nội,12,Huyện Gia Lâm,624,TC nghề Cơ khí xây dựng,"Số 73 Đường Cổ Bi, xã Cổ Bi, Huyện Gia Lâm, TP Hà Nội",KV2,
196,01,Hà Nội,13,Huyện Đông Anh,003,THPT Bắc Thăng Long,"Thôn Bầu, Xã Kim Chung, Huyện Đông Anh, TP Hà Nội",KV2,
197,01,Hà Nội,13,Huyện Đông Anh,017,THPT Cổ Loa,"Đường Đông Hội, xã Đông Hội, huyện Đông Anh, TP Hà Nội",KV2,
198,01,Hà Nội,13,Huyện Đông Anh,025,THPT Đông Anh,"Tổ 9, thị trấn Đông Anh, huyện Đông Anh, TP Hà Nội",KV2,
199,01,Hà Nội,13,Huyện Đông Anh,043,THPT Liên Hà,"Thôn Lỗ Khê, xã Liên Hà, huyện Đông Anh, TP Hà Nội",KV2,
200,01,Hà Nội,13,Huyện Đông Anh,109,THPT Vân Nội,"Thôn Ba Chữ, xã Vân Nội, huyện Đông Anh, TP Hà Nội",KV2,
201,01,Hà Nội,13,Huyện Đông Anh,202,THPT An Dương Vương,"Tổ 12, Thị trấn Đông Anh, huyện Đông Anh, TP Hà Nội",KV2,
202,01,Hà Nội,13,Huyện Đông Anh,246,THPT Ngô Quyền-Đông Anh,"Thôn Vĩnh Thanh, xã Vĩnh Ngọc, huyện Đông Anh, TP Hà Nội",KV2,
203,01,Hà Nội,13,Huyện Đông Anh,248,"TH,THCS&THPT Chu Văn An","Xã Kim Chung, huyện Đông Anh, TP Hà Nội",KV2,
204,01,Hà Nội,13,Huyện Đông Anh,264,THPT Phạm Ngũ Lão,"Thôn Đìa, xã Nam Hồng, huyện Đông Anh, TP Hà Nội",KV2,
205,01,Hà Nội,13,Huyện Đông Anh,291,THPT Lê Hồng Phong,"Xã Đông Hội, huyện Đông Anh, TP Hà Nội",KV2,
206,01,Hà Nội,13,Huyện Đông Anh,299,THPT Kinh Đô,"Thôn Ngoài, xã Uy Nỗ, huyện Đông Anh, TP Hà Nội",KV2,
207,01,Hà Nội,13,Huyện Đông Anh,306,"TH,THCS&THPT Archimedes Đông Anh","Ô đất I-F1, khu đấu giá quyền sử dụng đất phía Bắc đường 23B, xã Tiên Dương, huyện Đông Anh, TP Hà Nội",KV2,
208,01,Hà Nội,13,Huyện Đông Anh,340,THPT Hoàng Long (trước 7/2016),"Xã Kim Nỗ, huyện Đông Anh, TP Hà Nội",KV2,
209,01,Hà Nội,13,Huyện Đông Anh,346,THPT Ngô Tất Tố,"Xã Kim Chung, huyện Đông Anh, TP Hà Nội",KV2,
210,01,Hà Nội,13,Huyện Đông Anh,416,GDNN-GDTX huyện Đông Anh,"Xã Uy Nỗ, huyện Đông Anh, TP Hà Nội",KV2,
211,01,Hà Nội,13,Huyện Đông Anh,447,GDTX Đông Anh,"Xã Uy Nỗ, huyện Đông Anh, TP Hà Nội",KV2,
212,01,Hà Nội,13,Huyện Đông Anh,614,CĐ nghề Kỹ thuật Công nghệ,"Tổ 59, Thị trấn Đông Anh, Huyện Đông Anh, TP Hà Nội",KV2,
213,01,Hà Nội,13,Huyện Đông Anh,618,CĐ nghề Thăng Long,"Tổ 45, TT Đông Anh, Huyện Đông Anh, TP Hà Nội",KV2,
214,01,Hà Nội,13,Huyện Đông Anh,623,TC nghề Cơ khí 1 Hà Nội,"Số 28 tổ 47, Thị trấn Đông Anh, Huyện Đông Anh, TP Hà Nội",KV2,
215,01,Hà Nội,14,Huyện Sóc Sơn,020,THPT Đa Phúc,"Số 29 đường Núi Đôi, Thị trấn Sóc Sơn, huyện Sóc Sơn, TP Hà Nội",KV2,
216,01,Hà Nội,14,Huyện Sóc Sơn,037,THPT Kim Anh,"Thôn Kim Anh, xã Thanh Xuân, huyện Sóc Sơn, TP Hà Nội",KV2,
217,01,Hà Nội,14,Huyện Sóc Sơn,049,THPT Minh Phú,"Km9+500, quốc lộ 35, xã Minh Phú, huyện Sóc Sơn, TP Hà Nội",KV2,
218,01,Hà Nội,14,Huyện Sóc Sơn,078,THPT Sóc Sơn,"Km số 1 Quốc lộ 2, xã Phù Lỗ, huyện Sóc Sơn, TP Hà Nội",KV2,
219,01,Hà Nội,14,Huyện Sóc Sơn,100,THPT Trung Giã,"Phố Nỉ, xã Trung Giã, huyện Sóc Sơn, TP Hà Nội",KV2,
220,01,Hà Nội,14,Huyện Sóc Sơn,114,THPT Xuân Giang,"Khu Thá, xã Xuân Giang, huyện Sóc Sơn, TP Hà Nội",KV2,
221,01,Hà Nội,14,Huyện Sóc Sơn,209,THPT Đặng Thai Mai,"Thôn 4, xã Hồng Kỳ, huyện Sóc Sơn, TP Hà Nội",KV2,
222,01,Hà Nội,14,Huyện Sóc Sơn,230,THPT Lam Hồng,"Khối 5, xã Phù Lỗ, huyện Sóc Sơn, TP Hà Nội",KV2,
223,01,Hà Nội,14,Huyện Sóc Sơn,231,THPT Lạc Long Quân,"Ngõ 84 đường Núi Đôi, Thị trấn Sóc Sơn, huyện Sóc Sơn, TP Hà Nội",KV2,
224,01,Hà Nội,14,Huyện Sóc Sơn,243,THPT Mạc Đĩnh Chi,"Số 128 Phố Kim Anh, xã Thanh Xuân, huyện Sóc Sơn, TP Hà Nội",KV2,
225,01,Hà Nội,14,Huyện Sóc Sơn,244,THPT Minh Trí,"Thôn Thắng Trí, xã Minh Trí, huyện Sóc Sơn, TP Hà Nội",KV2,
226,01,Hà Nội,14,Huyện Sóc Sơn,339,THPT DL Nguyễn Thượng Hiền (trước 10/2017),"Xã Phú Minh, huyện Sóc Sơn, TP Hà Nội",KV2,
227,01,Hà Nội,14,Huyện Sóc Sơn,341,THPT DL Phùng Khắc Khoan (Trước 7/2017),"Xã Minh Phú, huyện Sóc Sơn, TP Hà Nội",KV2,
228,01,Hà Nội,14,Huyện Sóc Sơn,424,GDNN-GDTX huyện Sóc Sơn,"Thôn Miếu Thờ, xã Tiên Dược, huyện Sóc Sơn, TP Hà Nội",KV2,
229,01,Hà Nội,14,Huyện Sóc Sơn,461,GDTX Sóc Sơn,Xã Tiên Dược- Huyện Sóc Sơn- TP Hà Nội,KV2,
230,01,Hà Nội,14,Huyện Sóc Sơn,607,CĐ nghề điện,"Xã Tân Dân, Huyện Sóc Sơn, TP Hà Nội",KV2,
231,01,Hà Nội,14,Huyện Sóc Sơn,628,TC nghề Công trình I,"Xã Tân Dân, Huyện Sóc Sơn, TP Hà Nội",KV2,
232,01,Hà Nội,14,Huyện Sóc Sơn,630,TC nghề Dân lập Cờ Đỏ,"Thôn Bình An, xã Trung Giã, Huyện Sóc Sơn, TP Hà Nội",KV2,
233,01,Hà Nội,15,Quận Hà Đông,012,THPT chuyên Nguyễn Huệ,"Số 560B đường Quang Trung, phường La Khê, quận Hà Đông, TP Hà Nội",KV3,
234,01,Hà Nội,15,Quận Hà Đông,040,THPT Lê Lợi,"Số 72 Phố Bà Triệu, phường Nguyễn Trãi, quận Hà Đông, TP Hà Nội",KV3,
235,01,Hà Nội,15,Quận Hà Đông,042,THPT Lê Quý Đôn-Hà Đông,"Số 4 Phố Nhuệ Giang, phường Nguyễn Trãi, quận Hà Đông, TP Hà Nội",KV3,
236,01,Hà Nội,15,Quận Hà Đông,075,THPT Quang Trung-Hà Đông,"Ngõ 2 đường Quang Trung, phường Quang Trung, quận Hà Đông, TP Hà Nội",KV3,
237,01,Hà Nội,15,Quận Hà Đông,095,THPT Trần Hưng Đạo-Hà Đông,"Số 157, phố Xốm, phường Phú Lãm, quận Hà Đông, TP Hà Nội",KV3,
238,01,Hà Nội,15,Quận Hà Đông,217,THPT Hà Đông,"Khu đô thị Mộ Lao, phường Mộ Lao, quận Hà Đông, TP Hà Nội",KV3,
239,01,Hà Nội,15,Quận Hà Đông,225,THPT H.A.S,"C35-NT3, Khu C, Khu đô thị mới Lê Trọng Tấn-Geleximco, phường Dương Nội, quận Hà Đông, TP Hà Nội",KV3,
240,01,Hà Nội,15,Quận Hà Đông,261,THPT Phan Bội Châu,"Lô NT1 khu đô thi Văn Quán, phường Phúc La, quận Hà Đông, TP Hà Nội",KV3,
241,01,Hà Nội,15,Quận Hà Đông,269,PT Quốc Tế Việt Nam,"Khu đô thị mới Dương Nội, phường Dương Nội, quận Hà Đông, TP Hà Nội",KV3,
242,01,Hà Nội,15,Quận Hà Đông,275,THPT Tô Hiến Thành,"42 Lương Ngọc Quyến, phường Văn Quán, quận Hà Đông, TP Hà Nội",KV3,
243,01,Hà Nội,15,Quận Hà Đông,288,THPT Xa La,"Số 1 dãy 5 lô 3 Khu Đô thị Xa La, phường Phúc La, quận Hà Đông, TP Hà Nội",KV3,
244,01,Hà Nội,15,Quận Hà Đông,290,THPT Ban Mai,"Lô TH4 khu đô thị Văn Phú, phường Phú La, quận Hà Đông, Hà Nội",KV3,
245,01,Hà Nội,15,Quận Hà Đông,292,THPT Ngô Gia Tự,"Ngõ 2 Xa La, phường Phúc La, quận Hà Đông, TP Hà Nội",KV3,
246,01,Hà Nội,15,Quận Hà Đông,307,THCS&THPT Marie Curie -Hà Đông,"TH3, KĐT Văn Phú, phường Phú La, quận Hà Đông, TP Hà Nội",KV3,
247,01,Hà Nội,15,Quận Hà Đông,308,"TH,THCS và THPT Quốc tế Nhật Bản","số 84A Nguyễn Thanh Bình, phường Vạn Phúc, quận Hà Đông, TP Hà Nội",KV3,
248,01,Hà Nội,15,Quận Hà Đông,315,THPT Lê Hồng Phong,"Số 69 phố Tố Hữu, phường Vạn Phúc, quận Hà Đông, TP Hà Nội",KV3,
249,01,Hà Nội,15,Quận Hà Đông,324,PT Phùng Hưng (trước 9/2016),"Ngõ 2 Xa La, phường Phúc La, quận Hà Đông - Hà Nội",KV3,
250,01,Hà Nội,15,Quận Hà Đông,404,GDNN-GDTX quận Hà Đông,"Số 23 Bùi Bằng Đoàn, phường Nguyễn Trãi, quận Hà Đông, TP Hà Nội",KV3,
251,01,Hà Nội,15,Quận Hà Đông,451,GDTX Hà Tây,Số 23 Bùi Bằng Đoàn- Quận Hà Đông- TP Hà Nội,KV3,
252,01,Hà Nội,15,Quận Hà Đông,635,TC nghề Đào tạo nhân lực Vinaconex,"Xã Đồng Mai, Quận Hà Đông, TP Hà Nội",KV3,
253,01,Hà Nội,15,Quận Hà Đông,660,TC nghề Tổng hợp Hà Nội,"Số 21 Phố Bùi Bằng Đoàn, Quận Hà Đông, TP Hà Nội",KV3,
254,01,Hà Nội,16,Thị xã Sơn Tây,036,Hữu Nghị 80,"Số 109, đường Đền Và, phường Trung Hưng, thị xã Sơn Tây, TP Hà Nội",KV2,DTNT
255,01,Hà Nội,16,Thị xã Sơn Tây,079,THPT chuyên Sơn Tây,"Số 57 đường Đền Và, phường Trung Hưng, thị xã Sơn Tây, TP Hà Nội",KV2,
256,01,Hà Nội,16,Thị xã Sơn Tây,103,THPT Tùng Thiện,"Số 20 Phố Tùng Thiện, phường Sơn Lộc, thị xã Sơn Tây, TP Hà Nội",KV2,
257,01,Hà Nội,16,Thị xã Sơn Tây,115,THPT Xuân Khanh,"Số 175, đường Đá Bạc, phường Xuân Khanh, thị xã Sơn Tây, TP Hà Nội",KV2,
258,01,Hà Nội,16,Thị xã Sơn Tây,153,THPT Sơn Tây (trước 01/2025),"Số 57 đường Đền Và, phường Trung Hưng, thị xã Sơn Tây, TP Hà Nội",KV2,
259,01,Hà Nội,16,Thị xã Sơn Tây,337,PT Võ Thuật Bảo Long,"xã Cổ Đông, thị xã Sơn Tây, TP Hà Nội",KV2,
260,01,Hà Nội,16,Thị xã Sơn Tây,344,THPT Nguyễn Tất Thành-Sơn Tây (Trước 3/2019),"Số 35 phố Chùa Thông, thị xã Sơn Tây, TP Hà Nội",KV2,
261,01,Hà Nội,16,Thị xã Sơn Tây,412,GDNN-GDTX thị xã Sơn Tây,"Số 129 Phố Hàng, phường Phú Thịnh, thị xã Sơn Tây, TP Hà Nội",KV2,
262,01,Hà Nội,16,Thị xã Sơn Tây,462,GDTX Sơn Tây,"Số 129 đường Phú Thịnh, Phường Phú Thịnh- Thị xã Sơn Tây- TP Hà Nội",KV2,
263,01,Hà Nội,16,Thị xã Sơn Tây,656,TC nghề Sơn Tây,"Thanh Mỹ, Thị xã Sơn Tây, TP Hà Nội",KV2,
264,01,Hà Nội,16,Thị xã Sơn Tây,658,TC nghề Thăng Long,"Số 46 phường Sơn Lộc, Thị xã Sơn Tây, TP Hà Nội",KV2,
265,01,Hà Nội,17,Huyện Ba Vì,001,THPT Ba Vì,"Thôn 7, xã Ba Trại, Huyện Ba Vì, TP Hà Nội",KV1,
266,01,Hà Nội,17,Huyện Ba Vì,004,THPT Bất Bạt,"Thôn Khê Thượng, Xã Sơn Đà, Huyện Ba Vì, TP Hà Nội",KV2,
267,01,Hà Nội,17,Huyện Ba Vì,018,PT Dân tộc nội trú,"Thôn 7, xã Ba Trại, huyện Ba Vì, TP Hà Nội",KV1,DTNT
268,01,Hà Nội,17,Huyện Ba Vì,056,THPT Ngô Quyền-Ba Vì,"Xã Vạn Thắng, huyện Ba Vì, TP Hà Nội",KV2,
269,01,Hà Nội,17,Huyện Ba Vì,076,THPT Quảng Oai,"Số 288 đường Quảng Oai, thị trấn Tây Đằng, huyện Ba Vì, TP Hà Nội",KV2,
270,01,Hà Nội,17,Huyện Ba Vì,120,THPT Minh Quang,"Thôn Lặt, xã Minh Quang, huyện Ba Vì, TP Hà Nội",KV1,
271,01,Hà Nội,17,Huyện Ba Vì,149,THPT Ba Vì (trước 4/2017),"Thôn 7, xã Ba Trại, huyện Ba Vì, TP Hà Nội",KV1,
272,01,Hà Nội,17,Huyện Ba Vì,150,PT Dân tộc nội trú (trước 4/2017),"Thôn 7, xã Ba Trại, huyện Ba Vì, TP Hà Nội",KV1,DTNT
273,01,Hà Nội,17,Huyện Ba Vì,151,THPT Minh Quang (trước 4/2017),"Thôn Lặt, xã Minh Quang, huyện Ba Vì, TP Hà Nội",KV1,
274,01,Hà Nội,17,Huyện Ba Vì,237,THPT Lương Thế Vinh-Ba Vì,"Thôn Vật Phụ, xã Vật Lại, huyện Ba Vì, TP Hà Nội",KV2,
275,01,Hà Nội,17,Huyện Ba Vì,278,THPT Trần Phú-Ba Vì,"Số 03 - Ngõ 107 - Đường Quảng Oai - Thị trấn Tây Đằng, huyện Ba Vì, TP Hà Nội",KV2,
276,01,Hà Nội,17,Huyện Ba Vì,413,GDNN-GDTX huyện Ba Vì,"Quốc lộ 32 thôn Vật Phụ, xã Vật Lại, huyện Ba Vì, TP Hà Nội",KV2,
277,01,Hà Nội,17,Huyện Ba Vì,442,GDTX Ba Vì,"Xã Vật Lại, huyện Ba Vì, TP Hà Nội",KV2,
278,01,Hà Nội,17,Huyện Ba Vì,609,CĐ nghề Giao thông vận tải Trung ương I,"Xã Thụy An, Huyện Ba Vì, TP Hà Nội",KV2,
279,01,Hà Nội,18,Huyện Phúc Thọ,035,Hữu Nghị T78,"Xã Tích Lộc, huyện Phúc Thọ, TP Hà Nội",KV2,DTNT
280,01,Hà Nội,18,Huyện Phúc Thọ,055,THPT Ngọc Tảo,"Thôn 8, Xã Ngọc Tảo, xã Ngọc Tảo, huyện Phúc Thọ, TP Hà Nội",KV2,
281,01,Hà Nội,18,Huyện Phúc Thọ,072,THPT Phúc Thọ,"Xã Võng Xuyên, huyện Phúc Thọ, TP Hà Nội",KV2,
282,01,Hà Nội,18,Huyện Phúc Thọ,108,THPT Vân Cốc,"Xã Nam Hà, huyện Phúc Thọ, TP Hà Nội",KV2,
283,01,Hà Nội,18,Huyện Phúc Thọ,227,PT Hồng Đức,"Thôn Tây, xã Phụng Thượng, huyện Phúc Thọ, TP Hà Nội",KV2,
284,01,Hà Nội,18,Huyện Phúc Thọ,422,GDNN-GDTX huyện Phúc Thọ,"Số 19, thôn Phúc Xuyên, xã Võng Xuyên, huyện Phúc Thọ, TP Hà Nội",KV2,
285,01,Hà Nội,18,Huyện Phúc Thọ,459,GDTX Phúc Thọ,Xã Võng Xuyên- Huyện Phúc Thọ- TP Hà Nội,KV2,
286,01,Hà Nội,19,Huyện Thạch Thất,002,THPT Bắc Lương Sơn,"Thôn 2, Xã Yên Bình, Huyện Thạch Thất, TP Hà Nội",KV1,
287,01,Hà Nội,19,Huyện Thạch Thất,028,THPT Hai Bà Trưng-Thạch Thất,"Thôn Mục Uyên 1, xã Tân Xã, huyện Thạch Thất, TP Hà Nội",KV2,
288,01,Hà Nội,19,Huyện Thạch Thất,069,THPT Phùng Khắc Khoan-Thạch Thất,"Thôn Bình Xá, xã Quang Trung, huyện Thạch Thất, TP Hà Nội",KV2,
289,01,Hà Nội,19,Huyện Thạch Thất,086,THPT Thạch Thất,"Số 120 đường 420, xã Kim Quan, huyện Thạch Thất, TP Hà Nội",KV2,
290,01,Hà Nội,19,Huyện Thạch Thất,122,THPT Khoa học Giáo dục,"Nhà HT2, Khu Đô thị Đại học Quốc gia Hà Nội, Xã Thạch Hòa, huyện Thạch Thất, TP Hà Nội",KV2,
291,01,Hà Nội,19,Huyện Thạch Thất,133,THPT Minh Hà,"Thôn 4, Xã Lam Sơn, huyện Thạch Thất, TP Hà Nội",KV2,
292,01,Hà Nội,19,Huyện Thạch Thất,216,THPT FPT,"Km29 Đại lộ Thăng Long Khu Công nghệ cao Hòa Lạc, xã Thạch Hòa, huyện Thạch Thất, TP Hà Nội",KV2,
293,01,Hà Nội,19,Huyện Thạch Thất,263,THPT Phan Huy Chú-Thạch Thất,"Xã Quang Trung, huyện Thạch Thất, TP Hà Nội",KV2,
294,01,Hà Nội,19,Huyện Thạch Thất,303,THCS&THPT TH School Hòa Lạc,"Khu dịch vụ tổng hợp 1, Khu công nghệ cao Hòa Lạc, huyện Thạch Thất, TP Hà Nội",KV2,
295,01,Hà Nội,19,Huyện Thạch Thất,427,GDNN-GDTX huyện Thạch Thất,"Số 226, đường 419, tổ dân phố Đồng Cam, thị trấn Liên Quan, huyện Thạch Thất, TP Hà Nội",KV2,
296,01,Hà Nội,19,Huyện Thạch Thất,467,GDTX Thạch Thất,"Thị trấn Liên Quan, huyện Thạch Thất, TP Hà Nội",KV2,
297,01,Hà Nội,19,Huyện Thạch Thất,650,TC nghề Phùng Khắc Khoan,"Thạch Xá, Huyện Thạch Thất, TP Hà Nội",KV2,
298,01,Hà Nội,19,Huyện Thạch Thất,661,TC nghề Tư thục ASEAN,"Xã Tiến Xuân, Huyện Thạch Thất , TP Hà Nội",KV1,
299,01,Hà Nội,19,Huyện Thạch Thất,662,TC nghề tư thục Âu Việt,"Xã Đại Đồng, Huyện Thạch Thất, TP Hà Nội",KV2,
300,01,Hà Nội,20,Huyện Quốc Oai,006,THPT Cao Bá Quát-Quốc Oai,"Thôn 12, Xã Cộng Hoà, Huyện Quốc Oai, TP Hà Nội",KV2,
301,01,Hà Nội,20,Huyện Quốc Oai,048,THPT Minh Khai,"Thôn Đĩnh Tú, xã Cấn Hữu, huyện Quốc Oai, TP Hà Nội",KV2,
302,01,Hà Nội,20,Huyện Quốc Oai,077,THPT Quốc Oai,"Thị trấn Quốc Oai, huyện Quốc Oai, TP Hà Nội",KV2,
303,01,Hà Nội,20,Huyện Quốc Oai,124,THPT Phan Huy Chú-Quốc Oai,"Thôn Sài Khê, xã Sài Sơn, huyện Quốc Oai, TP Hà Nội",KV2,
304,01,Hà Nội,20,Huyện Quốc Oai,258,PT Nguyễn Trực,"Thôn Đồng Lư, xã Đồng Quang, huyện Quốc Oai, TP Hà Nội",KV2,
305,01,Hà Nội,20,Huyện Quốc Oai,267,PT Phú Bình,"Thôn 7, xã Phú Cát, huyện Quốc Oai, TP Hà Nội",KV2,
306,01,Hà Nội,20,Huyện Quốc Oai,423,GDNN-GDTX huyện Quốc Oai,"Tổ dân phố Đình Tổ, thị trấn Quốc Oai, huyện Quốc Oai, TP Hà Nội",KV2,
307,01,Hà Nội,20,Huyện Quốc Oai,460,GDTX Quốc Oai,Thị trấn Quốc Oai- Huyện Quốc Oai- TP Hà Nội,KV2,
308,01,Hà Nội,21,Huyện Chương Mỹ,014,THPT Chúc Động,"Xóm Bến, xã Tốt Động, huyện Chương Mỹ, TP Hà Nội",KV2,
309,01,Hà Nội,21,Huyện Chương Mỹ,015,THPT Chương Mỹ A,"Số 42, Khu Yên Sơn, thị trấn Chúc Sơn, huyện Chương Mỹ, TP Hà Nội",KV2,
310,01,Hà Nội,21,Huyện Chương Mỹ,016,THPT Chương Mỹ B,"Xã Hồng Phú, huyện Chương Mỹ, TP Hà Nội",KV2,
311,01,Hà Nội,21,Huyện Chương Mỹ,039,THPT Lâm Nghiệp,"Thị trấn Xuân Mai, Huyện Chương Mỹ, TP Hà Nội",KV2,DTNT
312,01,Hà Nội,21,Huyện Chương Mỹ,116,THPT Xuân Mai,"Tổ 5 khu Tân Bình, thị trấn Xuân Mai, huyện Chương Mỹ, TP Hà Nội",KV2,
313,01,Hà Nội,21,Huyện Chương Mỹ,131,THPT Nguyễn Văn Trỗi,"Xã Hữu Văn, huyện Chương Mỹ, TP Hà Nội",KV2,
314,01,Hà Nội,21,Huyện Chương Mỹ,141,ĐH Lâm Nghiệp (trước 11/2017),"Thị trấn Xuân Mai, huyện Chương Mỹ, TP Hà Nội",KV2,DTNT
315,01,Hà Nội,21,Huyện Chương Mỹ,210,THPT Đặng Tiến Đông,"Thôn Nội An, xã Đại Yên, huyện Chương Mỹ, TP Hà Nội",KV2,
316,01,Hà Nội,21,Huyện Chương Mỹ,247,THPT Ngô Sỹ Liên,"Tổ 5 khu Chiến Thắng, Thị trấn Xuân Mai, huyện Chương Mỹ, TP Hà Nội",KV2,
317,01,Hà Nội,21,Huyện Chương Mỹ,277,THPT Lômônôxốp Tây Hà Nội,"Khuôn viên Trường Đại học Sư phạm Thể dục Thể Thao Hà Nội, xã Phụng Châu, huyện Chương Mỹ, TP Hà Nội",KV2,
318,01,Hà Nội,21,Huyện Chương Mỹ,350,THPT Trần Đại Nghĩa (trước ngày 08/3/2024),"Khuôn viên trường ĐHSP TDTT Hà Nội, xã Phụng Châu, huyện Chương Mỹ, TP Hà Nội",KV2,
319,01,Hà Nội,21,Huyện Chương Mỹ,414,GDNN-GDTX huyện Chương Mỹ,"Thị trấn Chúc Sơn, huyện Chương Mỹ, TP Hà Nội",KV2,
320,01,Hà Nội,21,Huyện Chương Mỹ,444,GDTX Chương Mỹ,"Thị trấn Chúc Sơn, huyện Chương Mỹ, TP Hà Nội",KV2,
321,01,Hà Nội,22,Huyện Đan Phượng,023,THPT Đan Phượng,"Số 19 phố Phan Đình Phùng, thị trấn Phùng, huyện Đan Phượng, TP Hà Nội",KV2,
322,01,Hà Nội,22,Huyện Đan Phượng,033,THPT Hồng Thái,"Cụm 8, xã Hồng Hà, huyện Đan Phượng, TP Hà Nội",KV2,
323,01,Hà Nội,22,Huyện Đan Phượng,081,THPT Tân Lập,"Xã Tân Lập, huyện Đan Phượng, TP Hà Nội",KV2,
324,01,Hà Nội,22,Huyện Đan Phượng,257,THPT Green City Academy,"Cụm 13, thôn Thượng Hội, xã Tân Hội, huyện Đan Phượng, TP Hà Nội",KV2,
325,01,Hà Nội,22,Huyện Đan Phượng,415,GDNN-GDTX huyện Đan Phượng,"Thị trấn Phùng, huyện Đan Phượng, TP Hà Nội",KV2,
326,01,Hà Nội,22,Huyện Đan Phượng,445,GDTX Đan Phượng,"Thị trấn Phùng, huyện Đan Phượng, TP Hà Nội",KV2,
327,01,Hà Nội,22,Huyện Đan Phượng,627,TC nghề Công nghệ Tây An,"Xã Tân Hội, Huyện Đan Phượng, TP Hà Nội",KV2,
328,01,Hà Nội,23,Huyện Hoài Đức,029,THPT Hoài Đức A,"Đường Triệu Túc, xã Đức Giang, huyện Hoài Đức, Hà Nội",KV2,
329,01,Hà Nội,23,Huyện Hoài Đức,030,THPT Hoài Đức B,"Thôn Ngãi Cầu, xã An Khánh, huyện Hoài Đức, TP Hà Nội",KV2,
330,01,Hà Nội,23,Huyện Hoài Đức,107,THPT Vạn Xuân-Hoài Đức,"Đội 2, xã Cát Quế, huyện Hoài Đức, TP Hà Nội",KV2,
331,01,Hà Nội,23,Huyện Hoài Đức,126,THPT Hoài Đức C,"Xã Song Phương, huyện Hoài Đức, Hà Nội",KV2,
332,01,Hà Nội,23,Huyện Hoài Đức,206,THPT Bình Minh,"Thôn Cựu Quán, xã Đức Thượng, huyện Hoài Đức, TP Hà Nội",KV2,
333,01,Hà Nội,23,Huyện Hoài Đức,285,THPT Việt Hoàng,"Tòa nhà C, Trường Đại Học Thành Đô, Km 15 quốc lộ 32, Cụm Công nghiệp lai xá, xã Kim Chung, huyện Hoài Đức,TP Hà Nội",KV2,
334,01,Hà Nội,23,Huyện Hoài Đức,293,THCS&THPT Phạm Văn Đồng,"Lô A26, Geleximco, Nam An Khánh, đường Lê Trọng Tấn, huyện Hoài Đức, TP Hà Nội",KV2,
335,01,Hà Nội,23,Huyện Hoài Đức,418,GDNN-GDTX huyện Hoài Đức,"Thôn Yên Vĩnh, xã Kim Chung, huyện Hoài Đức, TP Hà Nội",KV2,
336,01,Hà Nội,23,Huyện Hoài Đức,452,GDTX Hoài Đức,Xã Kim Chung- Huyện Hoài Đức- TP Hà Nội,KV2,
337,01,Hà Nội,23,Huyện Hoài Đức,602,CĐ nghề bách Khoa,"Xã Đức Thượng, Huyện Hoài Đức, TP Hà Nội",KV2,
338,01,Hà Nội,23,Huyện Hoài Đức,649,TC nghề Nhân lực Quốc tế,"Xã Vân Canh, Huyện Hoài Đức, TP Hà Nội",KV2,
339,01,Hà Nội,23,Huyện Hoài Đức,664,TC nghề Vân Canh,"Xã Vân Canh, Huyện Hoài Đức, TP Hà Nội",KV2,
340,01,Hà Nội,23,Huyện Hoài Đức,667,Trung cấp Công nghệ Thăng Long (Từ 4/2012),"Thị trấn Trạm Trôi, huyện Hoài Đức, TP Hà Nội",KV2,
341,01,Hà Nội,24,Huyện Thanh Oai,058,THPT Nguyễn Du-Thanh Oai,"Km 16+500 quốc lộ 21B, xã Dân Hoà, huyện Thanh Oai, TP Hà Nội",KV2,
342,01,Hà Nội,24,Huyện Thanh Oai,083,THPT Thanh Oai A,"Thôn Văn Quán, xã Đỗ Động, huyện Thanh Oai, TP Hà Nội",KV2,
343,01,Hà Nội,24,Huyện Thanh Oai,084,THPT Thanh Oai B,"Xã Tam Hưng, huyện Thanh Oai, TP Hà Nội",KV2,
344,01,Hà Nội,24,Huyện Thanh Oai,204,THPT IVS,"Tổ 1 Thị trấn Kim Bài, huyện Thanh Oai, TP Hà Nội",KV2,
345,01,Hà Nội,24,Huyện Thanh Oai,274,THPT Thanh Xuân,"Thôn Đại Định, xã Tam Hưng, huyện Thanh Oai, TP Hà Nội",KV2,
346,01,Hà Nội,24,Huyện Thanh Oai,336,THPT Bắc Hà-Thanh Oai,"Tổ 1 Thị trấn Kim Bài, huyện Thanh Oai, TP Hà Nội",KV2,
347,01,Hà Nội,24,Huyện Thanh Oai,425,GDNN-GDTX huyện Thanh Oai,"Thôn Đại Định, xã Tam Hưng, huyện Thanh Oai, TP Hà Nội",KV2,
348,01,Hà Nội,24,Huyện Thanh Oai,464,GDTX Thanh Oai,Xã Phương Trung- Huyện Thanh Oai- TP Hà Nội,KV2,
349,01,Hà Nội,24,Huyện Thanh Oai,613,CĐ nghề kỹ thuật - công nghệ - kinh tế S,"Xã Bình Minh, Huyện Thanh Oai, TP Hà Nội",KV2,
350,01,Hà Nội,24,Huyện Thanh Oai,663,TC nghề Tư thục Điện tử - Cơ khí và Xây,"Xã Cao Dương, Huyện Thanh Oai, TP Hà Nội",KV2,
351,01,Hà Nội,25,Huyện Mỹ Đức,034,THPT Hợp Thanh,"Thôn Vài, xã Hợp Thanh, huyện Mỹ Đức, TP Hà Nội",KV2,
352,01,Hà Nội,25,Huyện Mỹ Đức,050,THPT Mỹ Đức A,"Tổ dân phố Văn Giang, Thị trấn Đại Nghĩa, huyện Mỹ Đức, TP Hà Nội",KV2,
353,01,Hà Nội,25,Huyện Mỹ Đức,051,THPT Mỹ Đức B,"Xã An Mỹ, huyện Mỹ Đức, TP Hà Nội",KV2,
354,01,Hà Nội,25,Huyện Mỹ Đức,052,THPT Mỹ Đức C,"Xã Vạn Tín, huyện Mỹ Đức, TP Hà Nội",KV2,
355,01,Hà Nội,25,Huyện Mỹ Đức,338,THPT Đinh Tiên Hoàng-Mỹ Đức (trước 9/2016),"Thị trấn Đại Nghĩa, huyện Mỹ Đức, TP Hà Nội",KV2,
356,01,Hà Nội,25,Huyện Mỹ Đức,420,GDNN-GDTX huyện Mỹ Đức,"Thôn 5, xã Phù Lưu Tế, huyện Mỹ Đức, TP Hà Nội",KV2,
357,01,Hà Nội,25,Huyện Mỹ Đức,455,GDTX Mỹ Đức,Xã Lê Thanh- Huyện Mỹ Đức- TP Hà Nội,KV2,
358,01,Hà Nội,25,Huyện Mỹ Đức,643,TC nghề kỹ thuật công nghệ vạn xuân,"Thị trấn Đại Nghĩa, Huyện Mỹ Đức, TP Hà Nội",KV2,
359,01,Hà Nội,26,Huyện Ứng Hòa,021,THPT Đại Cường,"Xóm 25 thôn Kim Giang, xã Đại Cường, huyện Ứng Hòa, TP Hà Nội",KV2,
360,01,Hà Nội,26,Huyện Ứng Hòa,044,THPT Lưu Hoàng,"Xã Lưu Hoàng, huyện Ứng Hòa, TP Hà Nội",KV2,
361,01,Hà Nội,26,Huyện Ứng Hòa,094,THPT Trần Đăng Ninh,"Xã Hoa Viên, huyện Ứng Hòa, TP Hà Nội",KV2,
362,01,Hà Nội,26,Huyện Ứng Hòa,105,THPT Ứng Hòa A,"Số 175 Nguyễn Thượng Hiền, thị trấn Vân Đình, huyện Ứng Hòa, TP Hà Nội",KV2,
363,01,Hà Nội,26,Huyện Ứng Hòa,106,THPT Ứng Hòa B,"Thôn Đồng Xung, xã Đồng Tân, huyện Ứng Hòa, TP Hà Nội",KV2,
364,01,Hà Nội,26,Huyện Ứng Hòa,256,THPT Nguyễn Thượng Hiền-Ứng Hòa,"Số 2 Đường Đê, TT Vân Đình, huyện Ứng Hòa, TP Hà Nội",KV2,
365,01,Hà Nội,26,Huyện Ứng Hòa,429,GDNN-GDTX huyện Ứng Hòa,"Xóm Thủy Nông, thôn Thanh Ấm, thị trấn Vân Đình, huyện Ứng Hòa, TP Hà Nội",KV2,
366,01,Hà Nội,26,Huyện Ứng Hòa,470,GDTX Ứng Hòa,"Thị trấn Vân Đình, huyện Ứng Hòa, TP Hà Nội",KV2,
367,01,Hà Nội,27,Huyện Thường Tín,046,THPT Lý Tử Tấn,"Thôn Lộc Dư, xã Nguyễn Trãi, huyện Thường Tín, TP Hà Nội",KV2,
368,01,Hà Nội,27,Huyện Thường Tín,063,THPT Nguyễn Trãi-Thường Tín,"Xã Nhị Khê, huyện Thường Tín, TP Hà Nội",KV2,
369,01,Hà Nội,27,Huyện Thường Tín,089,THPT Thường Tín,"Tổ dân phố Trần Phú, thị trấn Thường Tín, huyện Thường Tín, TP Hà Nội",KV2,
370,01,Hà Nội,27,Huyện Thường Tín,093,THPT Tô Hiệu-Thường Tín,"Thôn An Duyên, xã Tô Hiệu, huyện Thường Tín, TP Hà Nội",KV2,
371,01,Hà Nội,27,Huyện Thường Tín,110,THPT Vân Tảo,"Số 34 Vân Hòa, xã Vân Tảo, huyện Thường Tín, TP Hà Nội",KV2,
372,01,Hà Nội,27,Huyện Thường Tín,265,PT Phùng Hưng,"Thị trấn Thường Tín, huyện Thường Tín, TP Hà Nội",KV2,
373,01,Hà Nội,27,Huyện Thường Tín,428,GDNN-GDTX huyện Thường Tín,"Tiểu khu Trần Phú, thị trấn Thường Tín, huyện Thường Tín, TP Hà Nội",KV2,
374,01,Hà Nội,27,Huyện Thường Tín,468,GDTX Thường Tín,"Thị trấn Thường Tín, huyện Thường Tín- TP Hà Nội",KV2,
375,01,Hà Nội,27,Huyện Thường Tín,644,TC nghề Kỹ thuật và Công nghệ,"Minh Cường, Huyện Thường Tín, TP Hà Nội",KV2,
376,01,Hà Nội,27,Huyện Thường Tín,665,TC nghề Việt Tiệp,"Km16+500 QL 1A, Duyên Thái, Huyện Thường Tín, TP Hà Nội",KV2,
377,01,Hà Nội,28,Huyện Phú Xuyên,026,THPT Đồng Quan,"Thôn Phượng Vũ, xã Phượng Dực, huyện Phú Xuyên, TP Hà Nội",KV2,
378,01,Hà Nội,28,Huyện Phú Xuyên,070,THPT Phú Xuyên A,"Tiểu khu Phú Mỹ, Thị trấn Phú Xuyên, huyện Phú Xuyên, TP Hà Nội",KV2,
379,01,Hà Nội,28,Huyện Phú Xuyên,071,THPT Phú Xuyên B,"Thôn Tri Thủy, xã Tri Thuỷ, huyện Phú Xuyên, TP Hà Nội",KV2,
380,01,Hà Nội,28,Huyện Phú Xuyên,080,THPT Tân Dân,"Thôn Đại Nghiệp, xã Tân Dân, huyện Phú Xuyên, TP Hà Nội",KV2,
381,01,Hà Nội,28,Huyện Phú Xuyên,249,THPT Nguyễn Bỉnh Khiêm,"Thôn Vĩnh Thượng, xã Khai Thái, huyện Phú Xuyên, TP Hà Nội",KV2,
382,01,Hà Nội,28,Huyện Phú Xuyên,421,GDNN-GDTX huyện Phú Xuyên,"Thôn Nam Quất, xã Nam Triều, huyện Phú Xuyên, TP Hà Nội",KV2,
383,01,Hà Nội,28,Huyện Phú Xuyên,458,GDTX Phú Xuyên,Xã Nam Triều- Huyện Phú Xuyên- TP Hà Nội,KV2,
384,01,Hà Nội,28,Huyện Phú Xuyên,622,TC nghề Cơ điện và Chế biến thực phẩm Hà Nội,"Thị trấn Phú Minh, Huyện Phú Xuyên, TP Hà Nội",KV2,
385,01,Hà Nội,28,Huyện Phú Xuyên,655,TC nghề số I Hà Nội,"Huyện Phú Xuyên, TP Hà Nội",KV2,
386,01,Hà Nội,29,Huyện Mê Linh,047,THPT Mê Linh,"Thôn Thường Lệ, xã Đại Thịnh, huyện Mê Linh, TP Hà Nội",KV2,
387,01,Hà Nội,29,Huyện Mê Linh,073,THPT Quang Minh,"Tổ 2, Thị trấn Chi Đông, huyện Mê Linh, TP Hà Nội",KV2,
388,01,Hà Nội,29,Huyện Mê Linh,091,THPT Tiền Phong,"Thôn Trung Hậu Đoài, xã Tiền Phong, huyện Mê Linh, TP Hà Nội",KV2,
389,01,Hà Nội,29,Huyện Mê Linh,092,THPT Tiến Thịnh,"Thôn Chu Trần, xã Tiến Thịnh, huyện Mê Linh, TP Hà Nội",KV2,
390,01,Hà Nội,29,Huyện Mê Linh,104,THPT Tự Lập,"Thôn Phú Mỹ, xã Tự Lập, huyện Mê Linh, TP Hà Nội",KV2,
391,01,Hà Nội,29,Huyện Mê Linh,118,THPT Yên Lãng,"Thôn Bồng Mạc, xã Liên Mạc, huyện Mê Linh, TP Hà Nội",KV2,
392,01,Hà Nội,29,Huyện Mê Linh,343,THPT Nguyễn Du-Mê Linh (Trước 5/2019),"Xã Đại Thịnh, huyện Mê Linh, TP Hà Nội",KV2,
393,01,Hà Nội,29,Huyện Mê Linh,419,GDNN-GDTX huyện Mê Linh,"Khu Hành chính huyện Mê Linh, thôn Nội Đồng, xã Đại Thịnh, huyện Mê Linh, TP Hà Nội",KV2,
394,01,Hà Nội,29,Huyện Mê Linh,454,GDTX Mê Linh,Khu Hành chính- Huyện Mê Linh- TP Hà Nội,KV2,
395,01,Hà Nội,29,Huyện Mê Linh,645,TC nghề Kỹ thuật và Nghiệp vụ Du lịch,"Thị trấn Chi Đông, Huyện Mê Linh, TP Hà Nội",KV2,
396,01,Hà Nội,30,Quận Nam Từ Liêm,022,THPT Đại Mỗ,"Đường Quang Tiến, phường Đại Mỗ, quận Nam Từ Liêm, TP Hà Nội",KV3,
397,01,Hà Nội,30,Quận Nam Từ Liêm,053,PT Năng khiếu TDTT Hà Nội,"Đường Lê Đức Thọ, phường Mỹ Đình 2, quận Nam Từ Liêm, TP Hà Nội",KV3,
398,01,Hà Nội,30,Quận Nam Từ Liêm,099,THCS-THPT Trần Quốc Tuấn,"Phường Mỹ Đình II, Quận Nam Từ Liêm, TP Hà Nội",KV3,
399,01,Hà Nội,30,Quận Nam Từ Liêm,101,THPT Trung Văn,"Phố Tố Hữu, phường Trung Văn, quận Nam Từ Liêm, TP Hà Nội",KV3,
400,01,Hà Nội,30,Quận Nam Từ Liêm,125,THPT Xuân Phương,"Phường Xuân Phương, quận Nam Từ Liêm, TP Hà Nội",KV3,
401,01,Hà Nội,30,Quận Nam Từ Liêm,130,THPT Mỹ Đình,"Số 89 đường Mỹ Đình, Phường Mỹ Đình 1, quận Nam Từ Liêm, TP Hà Nội",KV3,
402,01,Hà Nội,30,Quận Nam Từ Liêm,235,THCS&THPT M.V.Lô-mô-nô-xốp,"Khu đô thị Mỹ Đình 2, phường Mỹ Đình 2, quận Nam Từ Liêm, TP Hà Nội",KV3,
403,01,Hà Nội,30,Quận Nam Từ Liêm,242,THCS&THPT Marie Curie,"Lô TH1 phố Trần Văn Lai KĐT Mỹ Đình Mễ Trì, phường Mỹ Đình 1, quận Nam Từ Liêm, TP Hà Nội",KV3,
404,01,Hà Nội,30,Quận Nam Từ Liêm,260,THPT Olympia,"Khu đô thị mới Trung Văn, phường Trung Văn, quận Nam Từ Liêm, TP Hà Nội",KV3,
405,01,Hà Nội,30,Quận Nam Từ Liêm,280,THPT Trần Thánh Tông,"Trường Cao đẳng Xây dựng số 1, đường Trung Văn, phường Trung văn, quận Nam Từ Liêm, TP Hà Nội",KV3,
406,01,Hà Nội,30,Quận Nam Từ Liêm,281,THPT Trí Đức,"Tổ dân phố 5 Phú Mỹ, phường Mỹ Đình 2, quận Nam Từ Liêm, TP Hà Nội",KV3,
407,01,Hà Nội,30,Quận Nam Từ Liêm,286,THCS&THPT Việt Úc Hà Nội,"Khu Đô thị Mỹ Đình 1, phường Cầu Diễn, quận Nam Từ Liêm, TP Hà Nội",KV3,
408,01,Hà Nội,30,Quận Nam Từ Liêm,289,THPT Xuân Thủy,"Trung tâm huấn luyện thể thao Quốc Gia Hà Nội, Tu Hoàng, phường Phương Canh, quận Nam Từ Liêm, TP Hà Nội",KV3,
409,01,Hà Nội,30,Quận Nam Từ Liêm,302,THCS&THPT Lê Quý Đôn,"Lô 1.A.II, đường Hàm Nghi, Khu Đô thị Mỹ Đình 1, phường Cầu Diễn, quận Nam Từ Liêm, TP Hà Nội",KV3,
410,01,Hà Nội,30,Quận Nam Từ Liêm,310,THCS và THPT Phenikaa,"Tổ dân phố Tu Hoàng, phường Phương Canh, Quận Nam Từ Liêm, TP Hà Nội",KV3,
411,01,Hà Nội,30,Quận Nam Từ Liêm,312,"TH,THCS và THPT Vinschool Smart City","Lô F4-THCS 1, Khu đô thị Tây Mỗ - Đại Mỗ, Phường Tây Mỗ, quận Nam Từ Liêm, TP Hà Nội",KV3,
412,01,Hà Nội,30,Quận Nam Từ Liêm,316,"TH, THCS và THPT SenTia","Số 19 Tố Hữu, Khu đô thị Phùng Khoang, phường Trung Văn, quận Nam Từ Liêm, TP Hà Nội",KV3,
413,01,Hà Nội,30,Quận Nam Từ Liêm,345,THCS&THPT Phạm Văn Đồng (Trước 02/2020),"Số 8A, phố Tôn Thất Thuyết, quận Nam Từ Liêm, TP Hà Nội",KV3,
414,01,Hà Nội,30,Quận Nam Từ Liêm,409,GDNN-GDTX quận Nam Từ Liêm,"Số 283, đường Phương Canh, phường Phương Canh, quận Nam Từ Liêm, TP Hà Nội",KV3,
415,01,Hà Nội,30,Quận Nam Từ Liêm,469,GDTX Từ Liêm,"Tổ dân phố số 7, phường Phương Canh, quận Nam Từ Liêm, TP Hà Nội",KV3,
416,01,Hà Nội,30,Quận Nam Từ Liêm,605,CĐ nghề công nghệ cao Hà Nội,"Phường Tây Mỗ, Quận Nam Từ Liêm, TP Hà Nội",KV3,
417,01,Hà Nội,30,Quận Nam Từ Liêm,629,TC nghề Dân lập CN và NV tổng hợp HN,"Phường Đại Mỗ, Quận Nam Từ Liêm, TP Hà Nội",KV3,
418,01,Hà Nội,30,Quận Nam Từ Liêm,632,TC nghề Dân lập Kỹ nghệ thực hành Tây Mỗ,"Phường Tây Mỗ, Quận Nam Từ Liêm, TP Hà Nội",KV3,
419,01,Hà Nội,30,Quận Nam Từ Liêm,633,TC nghề Dân lập Kỹ thuật tổng hợp Hà Nội,"Phường Mỹ Đình, Quận Nam Từ Liêm, TP Hà Nội",KV3,
420,01,Hà Nội,30,Quận Nam Từ Liêm,651,TC nghề Q. tế Đông dương - Phân hiệu HN,"Đường Phạm Hùng, Phường Mỹ Đình, Quận Nam Từ Liêm, TP Hà Nội",KV3,
421,01,Hà Nội,30,Quận Nam Từ Liêm,666,TC nghề Việt Úc,"Tầng 3, toà Intracom, Lô C2F, Khu tiểu thủ CN, Quận Nam Từ Liêm, TP Hà Nội",KV3,
422,01,Hà Nội,31,Huyện Từ Liêm,142,THPT Đại Mỗ (trước 12/2013),"Xã Đại Mỗ, huyện Từ Liêm, TP Hà Nội",KV2,
423,01,Hà Nội,31,Huyện Từ Liêm,143,PT Năng khiếu TDTT Hà Nội (trước 12/2013),"Đường Lê Đức Thọ, xã Mỹ Đình, huyện Từ Liêm, TP Hà Nội",KV2,
424,01,Hà Nội,31,Huyện Từ Liêm,144,THPT Nguyễn Thị Minh Khai (trước 12/2013),"xã Phúc Diễn, huyện Từ Liêm, TP Hà Nội",KV2,
425,01,Hà Nội,31,Huyện Từ Liêm,145,THPT Thượng Cát (trước 12/2013),"xã Thượng Cát, huyện Từ Liêm, TP Hà Nội",KV2,
426,01,Hà Nội,31,Huyện Từ Liêm,146,THCS-THPT Trần Quốc Tuấn (trước 12/2013),"Xã Mỹ Đình, huyện Từ Liêm, TP Hà Nội",KV2,
427,01,Hà Nội,31,Huyện Từ Liêm,147,THPT Trung Văn (trước 12/2013),"Tố Hữu , xã Trung Văn, huyện Từ Liêm, TP Hà Nội",KV2,
428,01,Hà Nội,31,Huyện Từ Liêm,148,THPT Xuân Đỉnh (trước 12/2013),"Số 178, Đường Xuân Đỉnh, huyện Từ Liêm, TP Hà Nội",KV2,
429,01,Hà Nội,31,Huyện Từ Liêm,320,THPT Lê Thánh Tông (trước 12/2013),Số 154 Phạm Văn Đồng- huyện Từ Liêm- TP Hà Nội,KV2,
430,01,Hà Nội,31,Huyện Từ Liêm,325,THPT DL Đoàn Thị Điểm (trước 12/2013),"Khu ĐT Bắc Cổ Nhuế, huyện Từ Liêm, TP Hà Nội",KV2,
431,01,Hà Nội,31,Huyện Từ Liêm,326,THCS-THPT Hà Thành (trước 12/2013),"Số 36A Phạm Văn Đồng, Cổ Nhuế, huyện Từ Liêm, TP Hà Nội",KV2,
432,01,Hà Nội,31,Huyện Từ Liêm,327,THPT Huỳnh Thúc Kháng (trước 12/2013),"Cổ Nhuế, huyện Từ Liên, TP Hà Nội",KV2,
433,01,Hà Nội,31,Huyện Từ Liêm,328,THCS&THPT M.V.Lô-mô-nô- xốp (trước 12/2013),Đường Lê Đức Thọ- Huyện Từ Liêm- TP Hà Nội,KV2,
434,01,Hà Nội,31,Huyện Từ Liêm,329,THCS-THPT Newton (trước 12/2013),"Lô TH2 Khu đô thị Hoàng Quốc Việt, Cổ Nhuế, huyện Từ Liêm, TP Hà Nội",KV2,
435,01,Hà Nội,31,Huyện Từ Liêm,330,THPT Olympia (trước 12/2013),"Xã Trung Văn, huyện Từ Liêm, TP Hà Nội",KV2,
436,01,Hà Nội,31,Huyện Từ Liêm,331,THPT Tây Đô (trước 12/2013),"Xã Minh Khai, huyện Từ Liêm, TP Hà Nội",KV2,
437,01,Hà Nội,31,Huyện Từ Liêm,332,THPT Trí Đức (trước 12/2013),"Tổ dân phố 5 Phú Mỹ, phường Mỹ Đình 2, huyện Từ Liêm, TP Hà Nội.",KV2,
438,01,Hà Nội,31,Huyện Từ Liêm,333,THCS&THPT Việt Úc Hà Nội (trước 12/2013),"Khu Đô thị Mỹ Đình 1, huyện Từ Liêm, TP Hà Nội",KV2,
439,01,Hà Nội,31,Huyện Từ Liêm,334,THPT Xuân Thủy (trước 12/2013),"phường Phương Canh, huyện Từ Liêm, TP Hà Nội",KV2,
440,01,Hà Nội,31,Huyện Từ Liêm,472,GDTX Từ Liêm (trước 12/2013),Phường Phương Canh- Huyện Từ Liêm- TP Hà Nội,KV2,
441,02,Tp. Hồ Chí Minh,00,Sở Giáo dục và Đào tạo,800,Học ở nước ngoài_02,,KV3,
442,02,Tp. Hồ Chí Minh,00,Sở Giáo dục và Đào tạo,900,"Quân nhân, Công an tại ngũ_02",,KV3,
443,02,Tp. Hồ Chí Minh,01,Quận 1,001,THPT Trưng Vương,"03 Nguyễn Bỉnh Khiêm, P.Bến Nghé, Q.1",KV3,
444,02,Tp. Hồ Chí Minh,01,Quận 1,002,THPT Bùi Thị Xuân,"73-75 Bùi Thị Xuân, P.Phạm Ngũ Lão, Q.1",KV3,
445,02,Tp. Hồ Chí Minh,01,Quận 1,003,THPT Tenlơman,"08 Trần Hưng Đạo, Q.1",KV3,
446,02,Tp. Hồ Chí Minh,01,Quận 1,004,THPT chuyên Trần Đại Nghĩa,"20 Lý Tự Trọng. P.Bến Nghé, Q.1",KV3,
447,02,Tp. Hồ Chí Minh,01,Quận 1,005,THPT Lương Thế Vinh,"131 Cô Bắc, P.Cô Giang, Q.1",KV3,
448,02,Tp. Hồ Chí Minh,01,Quận 1,006,THPT Năng Khiếu Thể dục thể thao,"43 Điện Biên Phủ, P.Đa Kao, Q.1",KV3,
449,02,Tp. Hồ Chí Minh,01,Quận 1,201,"THCS, THPT Đăng Khoa","571 Cô Bắc, P.Cầu Ông Lãnh, Q.1",KV3,
450,02,Tp. Hồ Chí Minh,01,Quận 1,202,TH THCS và THPT Quốc tế á Châu,"41/3-41/4 bis Trần Nhật Duật, P.Tân Định, Q.1",KV3,
451,02,Tp. Hồ Chí Minh,01,Quận 1,203,Song ngữ Quốc tế Horizon,"2 Lương Hữu Khánh, P.Phạm Ngũ Lão, Q.1",KV3,
452,02,Tp. Hồ Chí Minh,01,Quận 1,204,"THCS, THPT Châu á Thái Bình Dương","33 C-D-E Nguyễn Bỉnh Khiêm, P.Đa Kao, Q.1",KV3,
453,02,Tp. Hồ Chí Minh,01,Quận 1,205,"TH, THCS và THPT úc Châu","49 Điện Biên Phủ, P.Đa Kao, Q.1",KV3,
454,02,Tp. Hồ Chí Minh,01,Quận 1,501,TT GDNN VÀ GDTX Quận 1,"65 Huỳnh Thúc Kháng, Q.1",KV3,
455,02,Tp. Hồ Chí Minh,01,Quận 1,525,TT GDTX Lê Quý Đôn,"94 Nguyễn Đình Chiểu, Q.1",KV3,
456,02,Tp. Hồ Chí Minh,01,Quận 1,526,Nhạc Viện Thành phố Hồ Chí Minh,"112 Nguyễn Du, Q.1",KV3,
457,02,Tp. Hồ Chí Minh,01,Quận 1,537,BTVH CĐKT Cao Thắng,"65 Huỳnh Thúc Kháng, Q.1",KV3,
458,02,Tp. Hồ Chí Minh,01,Quận 1,601,TC KT Nông Nghiệp,"40 Đinh Tiên Hoàng, Q.1",KV3,
459,02,Tp. Hồ Chí Minh,01,Quận 1,701,CĐ nghề Thành phố Hồ Chí Minh,"38 Trần Khánh Dư, P.Tân Định, Q.1",KV3,
460,02,Tp. Hồ Chí Minh,01,Quận 1,713,ĐH Sân Khấu Điện Ảnh,ABC,KV3,
461,02,Tp. Hồ Chí Minh,01,Quận 1,801,Trường THPT - Khu vực 1,,KV1,
462,02,Tp. Hồ Chí Minh,01,Quận 1,802,Trường THPT - KV2NT,,KV2-NT,
463,02,Tp. Hồ Chí Minh,01,Quận 1,803,Trường THPT - KV2,,KV2,
464,02,Tp. Hồ Chí Minh,01,Quận 1,804,Trường THPT - Khu vực 3,,KV3,
465,02,Tp. Hồ Chí Minh,02,Quận 2,007,THPT Giồng Ông Tố,"200/10 Nguyễn Thị Định, P.Bình Trưng Tây, Q.2",KV3,
466,02,Tp. Hồ Chí Minh,02,Quận 2,008,THPT Thủ Thiêm,"01 Vũ Tông Phan, KĐT mới An Khánh, P.An Phú, Q.2",KV3,
467,02,Tp. Hồ Chí Minh,02,Quận 2,714,Đại học Văn Hóa Thành Phố Hồ Chí Minh,ABC,KV3,
468,02,Tp. Hồ Chí Minh,03,Quận 3,009,THPT Lê Quý Đôn,"110 Nguyễn Thị Minh Khai, Q.3",KV3,
469,02,Tp. Hồ Chí Minh,03,Quận 3,010,THPT Nguyễn Thị Minh Khai,"275 Điện Biên Phủ, Q.3",KV3,
470,02,Tp. Hồ Chí Minh,03,Quận 3,011,THPT Marie Curie,"159 Nam Kỳ Khởi Nghĩa, P.7, Q.3",KV3,
471,02,Tp. Hồ Chí Minh,03,Quận 3,012,Phân hiệu THPT Lê Thị Hồng Gấm,"147 Pasteur, Q.3",KV3,
472,02,Tp. Hồ Chí Minh,03,Quận 3,013,THPT Nguyễn Thị Diệu,"12 Trần Quốc Toản, P.8, Q.3",KV3,
473,02,Tp. Hồ Chí Minh,03,Quận 3,206,"THCS, THPT Nguyễn Bỉnh Khiêm","140 Lý Chính Thắng, Q.3",KV3,
474,02,Tp. Hồ Chí Minh,03,Quận 3,284,TH Múa,"155 BIS Nam Kỳ Khởi Nghĩa, Q.3",KV3,
475,02,Tp. Hồ Chí Minh,03,Quận 3,296,"TH, THCS và THPT Tây Úc","157 Lý Chính Thắng, P.7, Q.3",KV3,
476,02,Tp. Hồ Chí Minh,03,Quận 3,502,TT GDNN VÀ GDTX Quận 2,"45 Phan Bá Vành, P.Thạnh Mỹ Lợi, Quận 2, TP. HCM",KV3,
477,02,Tp. Hồ Chí Minh,03,Quận 3,503,TT GDNN VÀ GDTX Quận 3,"204 Lý Chính Thắng, P.9, Q.3",KV3,
478,02,Tp. Hồ Chí Minh,03,Quận 3,527,TT BTDN&TVL cho người tàn tật,"215 Võ Thị Sáu, P.7, Q.3",KV3,
479,02,Tp. Hồ Chí Minh,03,Quận 3,538,Phân hiệu BTVH Lê Thị Hồng Gấm,"147 Pasteur, Q.3",KV3,
480,02,Tp. Hồ Chí Minh,03,Quận 3,543,TT GDTX Quận 3,Quận 3,KV3,
481,02,Tp. Hồ Chí Minh,03,Quận 3,548,TT Bảo trợ - Dạy nghề và TVL Thành phố,Q1,KV3,
482,02,Tp. Hồ Chí Minh,03,Quận 3,602,TC nghề Nhân Đạo,"648/28 Cách mạng tháng Tám, P.11, Q.3",KV3,
483,02,Tp. Hồ Chí Minh,03,Quận 3,603,TC nghề TT Kinh tế kỹ thuật Sài Gòn 3,"49/6B Trần Văn Đang, P.9, Q.3",KV3,
484,02,Tp. Hồ Chí Minh,03,Quận 3,702,CĐ Giao thông Vận tải,"252 Lý Chính Thắng, Q.3",KV3,
485,02,Tp. Hồ Chí Minh,03,Quận 3,703,CĐ nghề Việt Mỹ,"21 Lê Quý Đôn, P.6, Q.3",KV3,
486,02,Tp. Hồ Chí Minh,04,Quận 4,014,THPT Nguyễn Trãi,"364 Nguyễn Tất Thành, P.18, Q.4",KV3,
487,02,Tp. Hồ Chí Minh,04,Quận 4,015,THPT Nguyễn Hữu Thọ,"02 Bến Vân Đồn, P.12, Q.4",KV3,
488,02,Tp. Hồ Chí Minh,04,Quận 4,504,TT GDNN VÀ GDTX Quận 4,"64-66 Nguyễn Khoái, P.2, Q.4",KV3,
489,02,Tp. Hồ Chí Minh,05,Quận 5,016,THPT chuyên Lê Hồng Phong,"235 Nguyễn Văn Cừ, P.4, Q.5",KV3,
490,02,Tp. Hồ Chí Minh,05,Quận 5,017,THPT Hùng Vương,"124 Hồng Bàng, P.12, Q.5",KV3,
491,02,Tp. Hồ Chí Minh,05,Quận 5,018,THPT Trần Khai Nguyên,"225 Nguyễn Tri Phương, Q.5",KV3,
492,02,Tp. Hồ Chí Minh,05,Quận 5,019,Phổ Thông Năng Khiếu ĐHQG TP. HCM,"153 Nguyễn Chí Thanh, Q.5",KV3,
493,02,Tp. Hồ Chí Minh,05,Quận 5,020,Trung học Thực hành Đại học Sư phạm,"280 An Dương Vương, Q.5",KV3,
494,02,Tp. Hồ Chí Minh,05,Quận 5,021,THPT Trần Hữu Trang,"276 Trần Hưng Đạo B, Q.5",KV3,
495,02,Tp. Hồ Chí Minh,05,Quận 5,022,THTH Đại học Sài Gòn,"220 Trần Bình Trọng, Q.5",KV3,
496,02,Tp. Hồ Chí Minh,05,Quận 5,207,THCS THPT An Đông,"91 Nguyễn Chí Thanh, Q.5",KV3,
497,02,Tp. Hồ Chí Minh,05,Quận 5,208,THPT Thăng Long,"118-120 Hải Thượng Lãm Ông, Q.5",KV3,
498,02,Tp. Hồ Chí Minh,05,Quận 5,209,THPT Văn Lang,"02-04 Tân Thành, P.12, Q.5",KV3,
499,02,Tp. Hồ Chí Minh,05,Quận 5,210,"THCS, THPT Quang Trung Nguyễn Huệ","223 Nguyễn Tri Phương, Q.5",KV3,
500,02,Tp. Hồ Chí Minh,05,Quận 5,285,THCS THPT Khai Trí,"133 Nguyễn Trãi, Q.5",KV3,
501,02,Tp. Hồ Chí Minh,05,Quận 5,286,THPT Tân Nam Mỹ,"67-69 Dương Tử Giang, Q.5",KV3,
502,02,Tp. Hồ Chí Minh,05,Quận 5,313,"TH, THCS và THPT Văn Lang","84 tân Hưng, P. 12, Quận 5",KV3,
503,02,Tp. Hồ Chí Minh,05,Quận 5,505,TT GDNN VÀ GDTX Quận 5,"770 Nguyễn Trãi, Q.5",KV3,
504,02,Tp. Hồ Chí Minh,05,Quận 5,528,TT GDTX Chu Văn An,"546 Ngô Gia Tự, Q.5",KV3,
505,02,Tp. Hồ Chí Minh,05,Quận 5,604,TC Kinh tế Du lịch TP. Hồ Chí Minh,"137E Nguyễn Chí Thanh, P.9, Q.5",KV3,
506,02,Tp. Hồ Chí Minh,06,Quận 6,023,THPT Mạc Đĩnh Chi,"04 Tân Hòa Đông, P.14, Q.6",KV3,
507,02,Tp. Hồ Chí Minh,06,Quận 6,024,THPT Bình Phú,"102 Trần Văn Kiểu, P.10, Q.6",KV3,
508,02,Tp. Hồ Chí Minh,06,Quận 6,025,THPT Nguyễn Tất Thành,"249C Nguyễn Văn Luông, P.11, Q.6",KV3,
509,02,Tp. Hồ Chí Minh,06,Quận 6,111,THPT Phạm Phú Thứ,Quận 6,KV3,
510,02,Tp. Hồ Chí Minh,06,Quận 6,211,THCS THPT Phan Bội Châu,"293-299 Nguyễn Đình Chi, Q.6",KV3,
511,02,Tp. Hồ Chí Minh,06,Quận 6,212,THPT Quốc Trí,"313 Nguyễn Văn Luông, Q.6",KV3,
512,02,Tp. Hồ Chí Minh,06,Quận 6,213,THCS và THPT Đào Duy Anh,"355 Nguyễn Văn Luông, Q.6",KV3,
513,02,Tp. Hồ Chí Minh,06,Quận 6,506,TT GDNN VÀ GDTX Quận 6,"743/15 Hồng Bàng, P.6, Q.6",KV3,
514,02,Tp. Hồ Chí Minh,06,Quận 6,704,CĐ GTVT 3,"569 Kinh Dương Vương, Q.6",KV3,
515,02,Tp. Hồ Chí Minh,06,Quận 6,705,CĐ Kỹ thuật Phú Lâm,"215-217 Nguyễn Văn Luông, Q.6",KV3,
516,02,Tp. Hồ Chí Minh,07,Quận 7,026,THPT Lê Thánh Tôn,"124 Đường 17, P.Tân Kiểng, Q.7",KV3,
517,02,Tp. Hồ Chí Minh,07,Quận 7,027,THPT Ngô Quyền,"1360 Huỳnh Tấn Phát, P.Phú Mỹ, Q.7",KV3,
518,02,Tp. Hồ Chí Minh,07,Quận 7,028,THPT Tân Phong,"19F KDC ven sông Nguyễn Văn Linh, P.Tân Phong, Q.7",KV3,
519,02,Tp. Hồ Chí Minh,07,Quận 7,029,THPT Nam Sài gòn,"Khu A Đô thị mới Phú Mỹ Hưng, P.Tân Phú, Q.7",KV3,
520,02,Tp. Hồ Chí Minh,07,Quận 7,215,THCS và THPT Đinh Thiện Lý,"Lô P1, Khu A, Đô thị mới Nam TP, P.Tân Phong, Q.7",KV3,
521,02,Tp. Hồ Chí Minh,07,Quận 7,216,THCS và THPT Sao Việt,"KDC Him Lam đường Nguyễn Hữu Thọ, Q.7",KV3,
522,02,Tp. Hồ Chí Minh,07,Quận 7,217,THCS và THPT Đức Trí,"39/23 Bùi Văn Ba, P.Tân Thuận Đông, Q.7",KV3,
523,02,Tp. Hồ Chí Minh,07,Quận 7,218,TH THCS và THPT quốc tế Canada,"86 Đường 23, P.Tân Phú, Q.7",KV3,
524,02,Tp. Hồ Chí Minh,07,Quận 7,287,THPT quốc tế Khai Sáng,"74 Nguyễn Thị Thập, P.Bình Thuận, Q.7",KV3,
525,02,Tp. Hồ Chí Minh,07,Quận 7,306,"TH, THCS Và THPT Hoàng Gia","Q7, TP. HCM",KV3,
526,02,Tp. Hồ Chí Minh,07,Quận 7,307,Quốc Tế Việt Nam - Phần Lan,"Q7, TP. HCM",KV3,
527,02,Tp. Hồ Chí Minh,07,Quận 7,507,TT GDNN VÀ GDTX Quận 7,"27/3 đường số 10 KP3, P.Bình Thuận, Q.7",KV3,
528,02,Tp. Hồ Chí Minh,07,Quận 7,605,TCKTNV Nguyễn Hữu Cảnh,"500-502 Huỳnh Tấn Phát, P.Bình Thuận, Q.7",KV3,
529,02,Tp. Hồ Chí Minh,07,Quận 7,706,CĐ BC CN&QTDN,"Trần Văn Trà KP1, P.Tân Phú Q.7",KV3,
530,02,Tp. Hồ Chí Minh,08,Quận 8,030,THPT Lương Văn Can,"173 Phạm Hùng, P.4, Q.8",KV3,
531,02,Tp. Hồ Chí Minh,08,Quận 8,031,THPT Ngô Gia Tự,"360E Bến Bình Đông, P.15, Q.8",KV3,
532,02,Tp. Hồ Chí Minh,08,Quận 8,032,THPT Tạ Quang Bửu,"909 Tạ Quang Bửu, P.5, Q.8",KV3,
533,02,Tp. Hồ Chí Minh,08,Quận 8,033,THPT Chuyên NKTDTT Nguyễn Thị Định,"Đường 41 P.16, Q.8",KV3,
534,02,Tp. Hồ Chí Minh,08,Quận 8,034,THPT Nguyễn Văn Linh,"Lô F' khu dân cư, P.7, Q.8",KV3,
535,02,Tp. Hồ Chí Minh,08,Quận 8,035,THPT Võ Văn Kiệt,"629 Bến Bình Đông, P.13, Q.8",KV3,
536,02,Tp. Hồ Chí Minh,08,Quận 8,508,TT GDNN VÀ GDTX Quận 8,"3-5 Huỳnh Thị Phụng, P.4, Q.8",KV3,
537,02,Tp. Hồ Chí Minh,08,Quận 8,606,THCN L.Thực T.Phẩm,"296 Lưu Hữu Phước, P.15, Q.8",KV3,
538,02,Tp. Hồ Chí Minh,08,Quận 8,607,TCKT&NV Nam Sài Gòn,"47 Cao Lỗ, P.4, Q.8",KV3,
539,02,Tp. Hồ Chí Minh,09,Quận 9,036,THPT Nguyễn Huệ,"Nguyễn Văn Tăng, KP Chân Phúc Cẩm, P.Long Thạnh Mỹ, Q.9",KV3,
540,02,Tp. Hồ Chí Minh,09,Quận 9,037,THPT Phước Long,"Đường Dương Đình Hội, P.Phước Long B, Q.9",KV3,
541,02,Tp. Hồ Chí Minh,09,Quận 9,038,THPT Long Trường,"309 Võ Văn Hát, KP Phước Hiệp, P.Long Trường, Q.9",KV3,
542,02,Tp. Hồ Chí Minh,09,Quận 9,039,THPT Nguyễn Văn Tăng,"Khu tái định cư Phước Thiện, P.Long Bình, Q.9",KV3,
543,02,Tp. Hồ Chí Minh,09,Quận 9,220,"TH, THCS và THPT Ngô Thời Nhiệm","65D Hồ Bá Phấn, P.Phước Long A, Q.9",KV3,
544,02,Tp. Hồ Chí Minh,09,Quận 9,221,THCS và THPT Hoa Sen,"26 Phan Chu trinh, P.Hiệp Phú, Q.9",KV3,
545,02,Tp. Hồ Chí Minh,09,Quận 9,509,TT GDNN VÀ GDTX Quận 9,"Đình Phong Phú KP1, P.Tăng Nhơn Phú B, Q.9",KV3,
546,02,Tp. Hồ Chí Minh,09,Quận 9,608,TC nghề xây lắp điện,"356A Xa lộ Hà Nội, P.Phước Long A, Q.9",KV3,
547,02,Tp. Hồ Chí Minh,09,Quận 9,609,TC nghề Lê Thị Riêng,"Đường 9, P.Phước Bình, Q.9",KV3,
548,02,Tp. Hồ Chí Minh,09,Quận 9,707,CĐ KT KT Công Nghiệp 2,"P.Phước Long B, Q.9",KV3,
549,02,Tp. Hồ Chí Minh,09,Quận 9,708,CĐ nghề Kỹ thuật Công nghệ,"502 Đỗ Xuân Hợp, P.Phước Bình, Q.9",KV3,
550,02,Tp. Hồ Chí Minh,10,Quận 10,040,THPT Nguyễn Khuyến,"50 Thành Thái, P.12, Q.10",KV3,
551,02,Tp. Hồ Chí Minh,10,Quận 10,041,THPT Nguyễn Du,"XX1 Đồng Nai, P.15, Q.10",KV3,
552,02,Tp. Hồ Chí Minh,10,Quận 10,042,THPT Nguyễn An Ninh,"93 Trần Nhân Tôn, P.2, Q.10",KV3,
553,02,Tp. Hồ Chí Minh,10,Quận 10,043,THPT Sương Nguyệt Anh,"249 Hoà Hảo, Q.10",KV3,
554,02,Tp. Hồ Chí Minh,10,Quận 10,044,THCS VÀ THPT Diên Hồng,"11 Thành Thái, P.14, Q.10",KV3,
555,02,Tp. Hồ Chí Minh,10,Quận 10,222,TH THCS và THPT Vạn Hạnh,"781E Lê Hồng Phong nối dài, Q.10",KV3,
556,02,Tp. Hồ Chí Minh,10,Quận 10,223,"THCS, THPT Duy Tân","106 Nguyễn Giản Thanh, P.15, Q.10",KV3,
557,02,Tp. Hồ Chí Minh,10,Quận 10,224,TH THCS và THPT Việt úc,"594 Đường 3/2, P.14, Q.10",KV3,
558,02,Tp. Hồ Chí Minh,10,Quận 10,510,TT GDNN VÀ GDTX Quận 10,"461 Lê Hồng Phong, Q.10",KV3,
559,02,Tp. Hồ Chí Minh,10,Quận 10,530,Phổ thông đặc biệt Nguyễn Đình Chiểu,"184 Nguyễn Chí Thanh, P.3, Q.10",KV3,
560,02,Tp. Hồ Chí Minh,10,Quận 10,610,TC Hồng Hà,"700A Lê Hồng Phong, P.12, Q.10",KV3,
561,02,Tp. Hồ Chí Minh,10,Quận 10,611,TC Vạn Tường,"469 Lê Hồng Phong, Q.10",KV3,
562,02,Tp. Hồ Chí Minh,10,Quận 10,612,TC nghề KTNV Tôn Đức Thắng,"TT 17 Tam Đảo, P.5, Q.10",KV3,
563,02,Tp. Hồ Chí Minh,10,Quận 10,613,TC nghề số 7,"51/2 Thành Thái, P.14, Q.10",KV3,
564,02,Tp. Hồ Chí Minh,10,Quận 10,709,CĐ Kinh Tế,"33 Vĩnh Viễn, Q.10",KV3,
565,02,Tp. Hồ Chí Minh,11,Quận 11,045,THPT Nguyễn Hiền,"03 Dương Đình Nghệ, Q.11",KV3,
566,02,Tp. Hồ Chí Minh,11,Quận 11,046,THPT Nam Kỳ Khởi Nghĩa,"269/8 Nguyễn Thị Nhỏ, P.16, Q.11",KV3,
567,02,Tp. Hồ Chí Minh,11,Quận 11,047,THPT Trần Quang Khải,"343D Lạc Long Quân, P.5, Q.11",KV3,
568,02,Tp. Hồ Chí Minh,11,Quận 11,225,"TH, THCS và THPT Trương Vĩnh Ký","21 Trịnh Đình Trọng, P.5, Q.11",KV3,
569,02,Tp. Hồ Chí Minh,11,Quận 11,227,THPT Trần Quốc Tuấn,"236/10-12 Thái Phiên, P.8, Q.11",KV3,
570,02,Tp. Hồ Chí Minh,11,Quận 11,228,THPT Việt Mỹ Anh,"252 Lạc Long Quân, P.10, Q.11",KV3,
571,02,Tp. Hồ Chí Minh,11,Quận 11,288,THPT Quốc tế APU,"286 Lãnh Binh Thăng, P.11, Q.11",KV3,
572,02,Tp. Hồ Chí Minh,11,Quận 11,511,TT GDNN VÀ GDTX Quận 11,"133-135 Nguyễn Chí Thanh, P.16, Q.11",KV3,
573,02,Tp. Hồ Chí Minh,11,Quận 11,529,PH Văn Hóa ĐH Tài Chính - Marketing,"33 đường 52 cư xá Lữ Gia, P.15, Q.11",KV3,
574,02,Tp. Hồ Chí Minh,11,Quận 11,531,TT Huấn luyện và Thi đấu TDTT,"02 Lê Đại Hành, P.15, Q.11",KV3,
575,02,Tp. Hồ Chí Minh,12,Quận 12,048,THPT Võ Trường Toản,"482 Nguyễn Thị Đặng, KP1, P.Hiệp Thành, Q.12",KV3,
576,02,Tp. Hồ Chí Minh,12,Quận 12,049,THPT Thạnh Lộc,"Số 116 đường Nguyễn Thị Sáu, KP1, P.Thạnh Lộc, Q.12",KV3,
577,02,Tp. Hồ Chí Minh,12,Quận 12,050,THPT Trường Chinh,"01 Đường DN11 KP4 , P.Tân Hưng Thuận, Q.12",KV3,
578,02,Tp. Hồ Chí Minh,12,Quận 12,109,THCS THPT Ngọc Viễn Đông,"53/1,2,3 ĐƯỜNG ĐHT 02,KHU PHỐ 4, P. TÂN HƯNG THUẬN QUẬN 12 TPHCM",KV3,
579,02,Tp. Hồ Chí Minh,12,Quận 12,229,THCS THPT Bắc Sơn,"338/24 Nguyễn Văn Quá, P.Đông Hưng Thuận, Q.12",KV3,
580,02,Tp. Hồ Chí Minh,12,Quận 12,230,THCS và THPT Lạc Hồng,"2276/5 Quốc lộ 1A KP2, P.Trung Mỹ Tây, Q.12",KV3,
581,02,Tp. Hồ Chí Minh,12,Quận 12,231,THCS và THPT Hoa Lư,"201 Phan Văn Hớn, P.Tân Thới Nhất, Q.12",KV3,
582,02,Tp. Hồ Chí Minh,12,Quận 12,232,TH THCS và THPT Mỹ Việt,"95 Phan Văn Hớn, P.Tân Thới Nhất, Q.12",KV3,
583,02,Tp. Hồ Chí Minh,12,Quận 12,512,TT GDNN VÀ GDTX Quận 12,"2 bis, Tô Ký, KP3, P.Tân Hiệp Chánh, Q.12",KV3,
584,02,Tp. Hồ Chí Minh,12,Quận 12,614,TC Phương Đông,"69A Đường TTN06, P.Tân Thới Nhất, Q.12",KV3,
585,02,Tp. Hồ Chí Minh,12,Quận 12,615,TC nghề Ngọc Phước,"159/13 Lê Thị Riêng, P.Thới An, Q.12",KV3,
586,02,Tp. Hồ Chí Minh,12,Quận 12,616,TC Thông tin Truyền thông,"Lô 24 CVPM Quang Trung, P.Tân Chánh Hiệp, Q.12",KV3,
587,02,Tp. Hồ Chí Minh,12,Quận 12,617,TC KTKT Quận 12,"592 Nguyễn ảnh Thủ, P.Trung Mỹ Tây, Q.12",KV3,
588,02,Tp. Hồ Chí Minh,12,Quận 12,618,TC ánh Sáng,"802-804, Nguyễn Văn Quá, P.Đông Hưng Thuận, Q.12",KV3,
589,02,Tp. Hồ Chí Minh,13,Quận Gò Vấp,051,THPT Gò Vấp,"90A Nguyễn Thái Sơn, P.3, Q.Gò Vấp",KV3,
590,02,Tp. Hồ Chí Minh,13,Quận Gò Vấp,052,THPT Nguyễn Trung Trực,"9/168 Lê Đức Thọ, P.15, Q.Gò Vấp",KV3,
591,02,Tp. Hồ Chí Minh,13,Quận Gò Vấp,053,THPT Nguyễn Công Trứ,"Số 97 Quang Trung, P.8, Q.Gò Vấp",KV3,
592,02,Tp. Hồ Chí Minh,13,Quận Gò Vấp,054,THPT Trần Hưng Đạo,"88/955E Lê Đức Thọ, P.6, Q.Gò Vấp",KV3,
593,02,Tp. Hồ Chí Minh,13,Quận Gò Vấp,219,TH THCS và THPT Nam Mỹ,"80/68 Dương Quảng Hàm, P5",KV3,
594,02,Tp. Hồ Chí Minh,13,Quận Gò Vấp,234,THCS và THPT Phạm Ngũ Lão,"69/11 Phạm Văn Chiêu, P.14, Q.Gò Vấp",KV3,
595,02,Tp. Hồ Chí Minh,13,Quận Gò Vấp,235,Phổ thông DL Hermann Gmeiner,"Tân Sơn, P.12, Q.Gò Vấp",KV3,
596,02,Tp. Hồ Chí Minh,13,Quận Gò Vấp,236,THCS THPT Bạch Đằng,"83/1 Phan Huy Ích, P.12, Q.Gò Vấp",KV3,
597,02,Tp. Hồ Chí Minh,13,Quận Gò Vấp,237,THCS THPT Hồng Hà,"170 Quang Trung, P.10, Q.Gò Vấp",KV3,
598,02,Tp. Hồ Chí Minh,13,Quận Gò Vấp,238,THPT Việt Âu,"107B/4 Lê Văn Thọ, P.9, Q.Gò vấp",KV3,
599,02,Tp. Hồ Chí Minh,13,Quận Gò Vấp,239,THPT Đông Dương,"114/37/12A-E, Đường số 10 (CâyTrâm), P.9, Q.Gò Vấp",KV3,
600,02,Tp. Hồ Chí Minh,13,Quận Gò Vấp,240,TH THCS và THPT Đại Việt,"521 Lê Đức Thọ, P.16, Q.Gò Vấp",KV3,
601,02,Tp. Hồ Chí Minh,13,Quận Gò Vấp,241,THPT Lý Thái Tổ,"1/22/2A Nguyễn Oanh, P.6, Q.Gò Vấp",KV3,
602,02,Tp. Hồ Chí Minh,13,Quận Gò Vấp,242,THCS và THPT Âu Lạc,"647 Nguyễn Oanh, Q.Gò Vấp",KV3,
603,02,Tp. Hồ Chí Minh,13,Quận Gò Vấp,243,THPT Đào Duy Từ,"48/2B-48/2C-48/3-48/7B Cây Trâm, P.9, Q.Gò Vấp",KV3,
604,02,Tp. Hồ Chí Minh,13,Quận Gò Vấp,244,TH THCS và THPT Nguyễn Tri Phương,"Số 61a đường 30, P.12, Q.Gò Vấp",KV3,
605,02,Tp. Hồ Chí Minh,13,Quận Gò Vấp,289,THCS và THPT Phùng Hưng,"25/2D Quang Trung, Q.Gò Vấp",KV3,
606,02,Tp. Hồ Chí Minh,13,Quận Gò Vấp,297,THPT Việt Nhật,"785/5 Nguyễn Kiệm, P.3, Q. Gò Vấp, TP.HCM",KV3,
607,02,Tp. Hồ Chí Minh,13,Quận Gò Vấp,304,THCS Và THPT Hàn Việt,Gò vấp,KV3,
608,02,Tp. Hồ Chí Minh,13,Quận Gò Vấp,312,"TH, THCS và THPT Sài Gòn - Gia Định","514 Lê Quang Định, P1, Q. Gò Vấp",KV3,
609,02,Tp. Hồ Chí Minh,13,Quận Gò Vấp,377,"TH, THCS Và THPT Việt Anh","160/72 Phan Huy Ích, P12, Q. Gò Vấp",KV3,
610,02,Tp. Hồ Chí Minh,13,Quận Gò Vấp,513,TT GDNN VÀ GDTX Quận Gò Vấp,"582 Lê Quang Định, P.1, Q.Gò Vấp",KV3,
611,02,Tp. Hồ Chí Minh,13,Quận Gò Vấp,532,ĐH Công nghiệp,"12 Nguyễn Văn Bảo, Q.Gò Vấp",KV3,
612,02,Tp. Hồ Chí Minh,13,Quận Gò Vấp,539,TT GDNN VÀ GDTX Trần Hưng Đạo,"88/955E Lê Đức Thọ, Q.Gò Vấp",KV3,
613,02,Tp. Hồ Chí Minh,13,Quận Gò Vấp,619,TC nghề Quang Trung,"12 Quang Trung, P.8, Q.Gò Vấp",KV3,
614,02,Tp. Hồ Chí Minh,13,Quận Gò Vấp,620,TC Âu Việt,"371 Nguyễn Kiệm, P.3, Q.Gò Vấp",KV3,
615,02,Tp. Hồ Chí Minh,13,Quận Gò Vấp,621,TC Tổng Hợp Thành phố Hồ Chí Minh,"516 Lê Quang Định, P.1, Q.Gò Vấp",KV3,
616,02,Tp. Hồ Chí Minh,13,Quận Gò Vấp,622,TC KTKT Sài Gòn,"6A-8A Nguyễn Thái Sơn, P.3, Q.Gò Vấp",KV3,
617,02,Tp. Hồ Chí Minh,14,Quận Tân Bình,055,THPT Nguyễn Thượng Hiền,"544 Cách Mạng Tháng Tám, P.4, Q.Tân Bình",KV3,
618,02,Tp. Hồ Chí Minh,14,Quận Tân Bình,056,THPT Nguyễn Thái Bình,"913-915 Lý Thường Kiệt, P.9, Q.Tân Bình",KV3,
619,02,Tp. Hồ Chí Minh,14,Quận Tân Bình,057,THPT Nguyễn Chí Thanh,"189/4 Hoàng Hoa Thám, P.13, Q.Tân Bình",KV3,
620,02,Tp. Hồ Chí Minh,14,Quận Tân Bình,058,THPT Lý Tự Trọng,"390 Hoàng Văn Thụ, P.4, Q.Tân Bình",KV3,
621,02,Tp. Hồ Chí Minh,14,Quận Tân Bình,245,THCS và THPT Nguyễn Khuyến,"136 Cộng Hoà, P.4, Q.Tân Bình",KV3,
622,02,Tp. Hồ Chí Minh,14,Quận Tân Bình,246,THCS THPT Thái Bình,"236/10 Nguyễn Thái Bình, P.12, Q.Tân Bình",KV3,
623,02,Tp. Hồ Chí Minh,14,Quận Tân Bình,247,"TH, THCS và THPT Thanh Bình","192/12 Nguyễn Thái Bình, Q.Tân Bình",KV3,
624,02,Tp. Hồ Chí Minh,14,Quận Tân Bình,248,THCS THPT Việt Thanh,"261 Cộng Hòa P.13, Q.Tân Bình",KV3,
625,02,Tp. Hồ Chí Minh,14,Quận Tân Bình,249,TH THCS và THPT Thái Bình Dương,"125 Bạch Đằng, P.2, Q.Tân Bình",KV3,
626,02,Tp. Hồ Chí Minh,14,Quận Tân Bình,250,THCS và THPT Hoàng Diệu,"57/37 Bàu Cát, Q.Tân Bình",KV3,
627,02,Tp. Hồ Chí Minh,14,Quận Tân Bình,251,THCS và THPT Bác ái,"187 Gò Cẩm Đệm, Q.Tân Bình",KV3,
628,02,Tp. Hồ Chí Minh,14,Quận Tân Bình,252,THPT Hai Bà Trưng,"51/4 Nguyễn Thị Nhỏ, P.9, Q.Tân Bình",KV3,
629,02,Tp. Hồ Chí Minh,14,Quận Tân Bình,253,THPT Thủ Khoa Huân,"481/8 Trường Chinh, P.14, Q.Tân Bình",KV3,
630,02,Tp. Hồ Chí Minh,14,Quận Tân Bình,276,"TH, THCS, THPT Việt Mỹ","19A Cộng Hòa, P12, Q. Tân Bình",KV3,
631,02,Tp. Hồ Chí Minh,14,Quận Tân Bình,290,THCS và THPT Hiền Vương,"75 Nguyễn Sĩ Sách, Q.Tân Bình",KV3,
632,02,Tp. Hồ Chí Minh,14,Quận Tân Bình,291,THPT Tân Trào,"112 Bàu cát, Q.Tân Bình",KV3,
633,02,Tp. Hồ Chí Minh,14,Quận Tân Bình,514,TT GDNN VÀ GDTX Quận Tân Bình,"95/55 Trường Chinh, Q.Tân Bình",KV3,
634,02,Tp. Hồ Chí Minh,14,Quận Tân Bình,623,TC TC KT TH Sài Gòn,"327 Nguyễn Thái Bình, P.12, Q.Tân Bình",KV3,
635,02,Tp. Hồ Chí Minh,14,Quận Tân Bình,710,CĐKT Lý Tự Trọng TP. HCM,"390 Hoàng Văn Thụ, P.4, Q.Tân Bình",KV3,
636,02,Tp. Hồ Chí Minh,15,Quận Tân Phú,059,THPT Tân Bình,"97/11 Nguyễn Cửu Đàm, P.Tân Sơn Nhì, Q.Tân Phú",KV3,
637,02,Tp. Hồ Chí Minh,15,Quận Tân Phú,060,THPT Trần Phú,"18 Lê Thúc Hoạch, P.Phú Thọ Hòa, Q.Tân Phú",KV3,
638,02,Tp. Hồ Chí Minh,15,Quận Tân Phú,061,THPT Tây Thạnh,"27 Đường C2, P.Tây Thạnh, Q.Tân Phú",KV3,
639,02,Tp. Hồ Chí Minh,15,Quận Tân Phú,106,THPT Lê Trọng Tấn,Quận Tân Phú,KV3,
640,02,Tp. Hồ Chí Minh,15,Quận Tân Phú,233,THCS THPT Đông Du,"Số 8 đường TTN17, P.Tân Thới Nhất, Q.12",KV3,
641,02,Tp. Hồ Chí Minh,15,Quận Tân Phú,254,"TH, THCS VÀ THPT TUỆ ĐỨC",Quận 12,KV3,
642,02,Tp. Hồ Chí Minh,15,Quận Tân Phú,255,THCS THPT Hồng Đức,"8 Hồ Đắc Di, P.Tây Thạnh, Q.Tân Phú",KV3,
643,02,Tp. Hồ Chí Minh,15,Quận Tân Phú,256,THCS và THPT Nhân Văn,"17 Kỳ Sơn, P.Sơn kỳ, Q.Tân Phú",KV3,
644,02,Tp. Hồ Chí Minh,15,Quận Tân Phú,257,THCS và THPT Trí Đức,"1333A Thoại Ngọc Hầu, P.Hòa Thạnh, Q.Tân Phú",KV3,
645,02,Tp. Hồ Chí Minh,15,Quận Tân Phú,258,TH THCS và THPT Hòa Bình,"69 Trịnh Đình Thảo, P.Hòa Thạnh, Q.Tân Phú",KV3,
646,02,Tp. Hồ Chí Minh,15,Quận Tân Phú,259,THPT Vĩnh Viễn,"73/7 Lê Trọng Tấn, P.Sơn Kỳ, Q.Tân Phú",KV3,
647,02,Tp. Hồ Chí Minh,15,Quận Tân Phú,260,TH THCS và THPT Quốc Văn Sài Gòn,"300 Hòa Bình, P.Hiệp Tân, Q.Tân Phú",KV3,
648,02,Tp. Hồ Chí Minh,15,Quận Tân Phú,261,THPT Minh Đức,"277 Tân Quí, P.Tân Quí, Q.Tân Phú",KV3,
649,02,Tp. Hồ Chí Minh,15,Quận Tân Phú,262,THCS THPT Tân Phú,"519 Kênh Tân Hóa, P.Hòa Thạnh, Q.Tân Phú",KV3,
650,02,Tp. Hồ Chí Minh,15,Quận Tân Phú,263,THPT Trần Quốc Toản,"208 Lê Thúc Hoạch, P.Tân Quí, Q.Tân Phú",KV3,
651,02,Tp. Hồ Chí Minh,15,Quận Tân Phú,264,THCS và THPT Khai Minh,"410 Tân Kỳ Tân Quý, P.Sơn Kỳ, Q.Tân Phú",KV3,
652,02,Tp. Hồ Chí Minh,15,Quận Tân Phú,265,THCS và THPT Đinh Tiên Hoàng,"85 Chế Lan Viên, Q.Tân Phú",KV3,
653,02,Tp. Hồ Chí Minh,15,Quận Tân Phú,266,THPT An Dương Vương,"51/4 Hòa Bình, P.Tân Thới Hòa, Q.Tân Phú",KV3,
654,02,Tp. Hồ Chí Minh,15,Quận Tân Phú,267,THPT Nhân Việt,"39-41 Đoàn Hồng Phước, P.Hòa Thạnh, Q.Tân Phú",KV3,
655,02,Tp. Hồ Chí Minh,15,Quận Tân Phú,268,THPT Đông á,"234 Tân Hương, Q.Tân Phú",KV3,
656,02,Tp. Hồ Chí Minh,15,Quận Tân Phú,269,THPT Thành Nhân,"69/12 Nguyễn Cửu Đàm, Q.Tân Phú",KV3,
657,02,Tp. Hồ Chí Minh,15,Quận Tân Phú,270,"THCS, THPT Nam Việt","25 Dương Đức Hiền, P.Tây Thạnh, Q.Tân Phú",KV3,
658,02,Tp. Hồ Chí Minh,15,Quận Tân Phú,271,THCS THPT Trần Cao Vân,"247 Tân Kỳ Tân Quí, P.Tân Sơn Nhì, Q.Tân Phú",KV3,
659,02,Tp. Hồ Chí Minh,15,Quận Tân Phú,298,TH-THCS-THPT Lê Thánh Tông,Tân Phú,KV3,
660,02,Tp. Hồ Chí Minh,15,Quận Tân Phú,305,"TH, THCS Và THPT Tre Việt",Tân Phú,KV3,
661,02,Tp. Hồ Chí Minh,15,Quận Tân Phú,314,"TH, THCS và THPT Nam Úc",Tân Phú,KV3,
662,02,Tp. Hồ Chí Minh,15,Quận Tân Phú,362,"TH, THCS và THPT Tân Phú",Tân Phú,KV3,
663,02,Tp. Hồ Chí Minh,15,Quận Tân Phú,515,TT GDNN VÀ GDTX Quận Tân Phú,"78/2/45 Phan Đình Phùng, P.Tân Thành, Q.Tân Phú",KV3,
664,02,Tp. Hồ Chí Minh,15,Quận Tân Phú,533,ĐH Công Thương TP.Hồ Chí Minh,"140 Lê Trọng Tấn, P.Tây Thạnh, Q.Tân Phú",KV3,
665,02,Tp. Hồ Chí Minh,15,Quận Tân Phú,547,ĐH Công Nghiệp Thực Phẩm TP. HCM,Tân Phú,KV3,
666,02,Tp. Hồ Chí Minh,15,Quận Tân Phú,624,TCKTKT Tây Nam á,"254 Lê Trọng Tấn, Q.Tân Phú",KV3,
667,02,Tp. Hồ Chí Minh,15,Quận Tân Phú,625,TC Y dược Kỹ thương,"302A Vườn Lài, P.Phú Thọ Hòa, Q.Tân Phú",KV3,
668,02,Tp. Hồ Chí Minh,15,Quận Tân Phú,711,CĐ nghề Giao thông vận tải TW3,"73 Văn cao, P.Phú Thọ Hòa, Q.Tân Phú",KV3,
669,02,Tp. Hồ Chí Minh,16,Quận Bình Thạnh,062,THPT Thanh Đa,"Lô G CX Thanh Đa, Q.Bình Thạnh",KV3,
670,02,Tp. Hồ Chí Minh,16,Quận Bình Thạnh,063,THPT Võ Thị Sáu,"95 Đinh Tiên Hoàng, P.3, Q.Bình Thạnh",KV3,
671,02,Tp. Hồ Chí Minh,16,Quận Bình Thạnh,064,THPT Phan Đăng Lưu,"27 Nguyễn Văn Đậu, Q.Bình Thạnh",KV3,
672,02,Tp. Hồ Chí Minh,16,Quận Bình Thạnh,065,THPT Hoàng Hoa Thám,"6 Hoàng Hoa Thám, Q.Bình Thạnh",KV3,
673,02,Tp. Hồ Chí Minh,16,Quận Bình Thạnh,066,THPT Gia Định,"195/29 Xô Viết Nghệ Tĩnh, P.17, Q.Bình Thạnh",KV3,
674,02,Tp. Hồ Chí Minh,16,Quận Bình Thạnh,067,THPT Trần Văn Giàu,"203/40 đường Trục, P.13, Q.Bình Thạnh",KV3,
675,02,Tp. Hồ Chí Minh,16,Quận Bình Thạnh,272,THPT Hưng Đạo,"103 Nguyễn Văn Đậu, Q.Bình Thạnh",KV3,
676,02,Tp. Hồ Chí Minh,16,Quận Bình Thạnh,273,THPT Đông Đô,"12B Nguyễn Hữu Cảnh, Q.Bình Thạnh",KV3,
677,02,Tp. Hồ Chí Minh,16,Quận Bình Thạnh,274,THPT Lam Sơn,"451/45 Xô Viết Nghệ Tĩnh, Q.Bình Thạnh",KV3,
678,02,Tp. Hồ Chí Minh,16,Quận Bình Thạnh,294,THCS THPT Mùa Xuân,Quận Bình Thạnh,KV3,
679,02,Tp. Hồ Chí Minh,16,Quận Bình Thạnh,299,"TH, THCS VÀ THPT ANH QUỐC","48 Võ Oanh, P. 25, Q. Bình Thạnh",KV3,
680,02,Tp. Hồ Chí Minh,16,Quận Bình Thạnh,302,"TH, THCS Và THPT VinSchool","Tòa CC3, Khu đô thị Vinhome Central Park 720A ĐBP, P22, Bình Thạnh",KV3,
681,02,Tp. Hồ Chí Minh,16,Quận Bình Thạnh,308,THPT Sài Gòn,P12 Bình Thạnh,KV3,
682,02,Tp. Hồ Chí Minh,16,Quận Bình Thạnh,516,TT GDNN VÀ GDTX Quận Bình Thạnh,"801/19 Tầm Vu, P.26, Q.Bình Thạnh",KV3,
683,02,Tp. Hồ Chí Minh,16,Quận Bình Thạnh,534,TT GDNN VÀ GDTX Gia Định,"153A Xô Viết Nghệ Tĩnh, P.17, Q.Bình Thạnh",KV3,
684,02,Tp. Hồ Chí Minh,16,Quận Bình Thạnh,535,TT GDNN VÀ GDTX Tôn Đức Thắng,"37/3-5 Ngô Tất Tố, P.21, Q.Bình Thạnh",KV3,
685,02,Tp. Hồ Chí Minh,16,Quận Bình Thạnh,540,BTVH Thanh Đa,"Lô G Cư Xá Thanh Đa, Q.Bình Thạnh",KV3,
686,02,Tp. Hồ Chí Minh,16,Quận Bình Thạnh,626,TC nghề Du lịch và Tiếp thị Quốc tế,"27 Phan Đăng Lưu, P.3, Q.Bình Thạnh",KV3,
687,02,Tp. Hồ Chí Minh,16,Quận Bình Thạnh,627,TC nghề Công nghiệp & Xây dựng FICO,"465 Nơ Trang Long, P.13, Q.Bình Thạnh",KV3,
688,02,Tp. Hồ Chí Minh,16,Quận Bình Thạnh,716,ĐH DL Văn Hiến,ABC,KV3,
689,02,Tp. Hồ Chí Minh,17,Quận Phú Nhuận,068,THPT Phú Nhuận,"05 Hoàng Minh Giám, P.9, Q.Phú Nhuận",KV3,
690,02,Tp. Hồ Chí Minh,17,Quận Phú Nhuận,069,THPT Hàn Thuyên,"37 Đặng Văn Ngữ, P.10, Q.Phú Nhuận",KV3,
691,02,Tp. Hồ Chí Minh,17,Quận Phú Nhuận,275,"TH, THCS và THPT Quốc tế","305 Nguyễn Trọng Tuyển, Q.Phú Nhuận",KV3,
692,02,Tp. Hồ Chí Minh,17,Quận Phú Nhuận,277,THCS và THPT Việt Anh,"269A Nguyễn Trọng Tuyển, P.10, Q.Phú Nhuận",KV3,
693,02,Tp. Hồ Chí Minh,17,Quận Phú Nhuận,292,THPT quốc tế Việt úc,"21K Nguyễn Văn Trỗi, P.12, Q.Phú Nhuận",KV3,
694,02,Tp. Hồ Chí Minh,17,Quận Phú Nhuận,517,TT GDNN VÀ GDTX Quận Phú Nhuận,"109 Phan Đăng Lưu, Q.Phú Nhuận",KV3,
695,02,Tp. Hồ Chí Minh,17,Quận Phú Nhuận,541,BTVH ĐH Ngoại Thương,"55A Phan Đăng Lưu, Q.Phú Nhuận",KV3,
696,02,Tp. Hồ Chí Minh,17,Quận Phú Nhuận,628,TC nghề Công nghệ Bách khoa,"185 -187 Hoàng Văn Thụ, P.8, Q.Phú Nhuận",KV3,
697,02,Tp. Hồ Chí Minh,17,Quận Phú Nhuận,629,TC Mai Linh,"03 Nguyễn Văn Đậu, P.5, Q.Phú Nhuận",KV3,
698,02,Tp. Hồ Chí Minh,17,Quận Phú Nhuận,717,Cao đẳng FPT Polytechnic,"Số 778/B1 Nguyễn Kiệm, P4, Q. Phú Nhuận",KV3,
699,02,Tp. Hồ Chí Minh,18,Quận Thủ Đức,070,THPT Nguyễn Hữu Huân,"11 Đoàn Kết, P.Bình Thọ, Q.Thủ Đức",KV3,
700,02,Tp. Hồ Chí Minh,18,Quận Thủ Đức,071,THPT Hiệp Bình,"63 đường Hiệp Bình, KP6, P.Hiệp Bình Phước, Q.Thủ Đức",KV3,
701,02,Tp. Hồ Chí Minh,18,Quận Thủ Đức,072,THPT Thủ Đức,"166/24 Đặng Văn Bi KP1, P.Bình Thọ, Q.Thủ Đức",KV3,
702,02,Tp. Hồ Chí Minh,18,Quận Thủ Đức,073,THPT Tam Phú,"31 Phú Châu, P.Tam Phú, Q.Thủ Đức",KV3,
703,02,Tp. Hồ Chí Minh,18,Quận Thủ Đức,074,THPT Đào Sơn Tây,"53/5 đường 10 KP3, P.Linh Xuân, Q.Thủ Đức",KV3,
704,02,Tp. Hồ Chí Minh,18,Quận Thủ Đức,107,Phổ thông Năng khiếu Thể thao Olympic,Quận Thủ Đức,KV3,
705,02,Tp. Hồ Chí Minh,18,Quận Thủ Đức,278,THPT Bách Việt,"653 QL13 KP3, P.Hiệp Bình Phước, Q.Thủ Đức",KV3,
706,02,Tp. Hồ Chí Minh,18,Quận Thủ Đức,293,THPT Phương Nam,"Đường số 3, KP6, P. Trường Thọ, Q.Thủ Đức",KV3,
707,02,Tp. Hồ Chí Minh,18,Quận Thủ Đức,300,"TH, THCS VÀ THPT Emasi Nam Long",TP. Thủ Đức,KV3,
708,02,Tp. Hồ Chí Minh,18,Quận Thủ Đức,518,TT GDNN VÀ GDTX Quận Thủ Đức,"25/9 Võ Văn Ngân, Q.Thủ Đức",KV3,
709,02,Tp. Hồ Chí Minh,18,Quận Thủ Đức,630,TC nghề Thủ Đức,"17 đường số 8 Tô Vĩnh Diện, P.Linh Chiểu, Q.Thủ Đức",KV3,
710,02,Tp. Hồ Chí Minh,18,Quận Thủ Đức,631,TC nghề Công nghiệp tàu thủy II,"Đường 16 KP3, P.Hiệp Bình Chánh, Q.Thủ Đức",KV3,
711,02,Tp. Hồ Chí Minh,18,Quận Thủ Đức,632,TC Đại Việt,"01 Đoàn Kết, P.Bình Thọ, Q.Thủ Đức",KV3,
712,02,Tp. Hồ Chí Minh,18,Quận Thủ Đức,633,TC Đông Dương,"577 Hiệp Bình Phước, P.Hiệp Bình Phước, Q. Thủ Đức",KV3,
713,02,Tp. Hồ Chí Minh,18,Quận Thủ Đức,712,CĐ Công nghệ Thủ Đức,"53 Võ Văn Ngân, P.Linh Chiểu, Q.Thủ Đức",KV3,
714,02,Tp. Hồ Chí Minh,19,Quận Bình Tân,075,THPT An Lạc,"595 Kinh Dương Vương, P.An Lạc, Q.Bình Tân",KV3,
715,02,Tp. Hồ Chí Minh,19,Quận Bình Tân,076,THPT Vĩnh Lộc,"87, đg số 3, KDC Vĩnh Lộc, Q.Bình Tân",KV3,
716,02,Tp. Hồ Chí Minh,19,Quận Bình Tân,077,THPT Bình Hưng Hòa,"79/19 KP7, P.Bình Hưng Hòa, Q.Bình Tân",KV3,
717,02,Tp. Hồ Chí Minh,19,Quận Bình Tân,078,THPT Nguyễn Hữu Cảnh,"845 Hương lộ 2, P.Bình Trị Đông A, Q.Bình Tân",KV3,
718,02,Tp. Hồ Chí Minh,19,Quận Bình Tân,079,THPT Bình Tân,"117/4H Hồ Văn Long KP2, P.Tân Tạo, Q.Bình Tân",KV3,
719,02,Tp. Hồ Chí Minh,19,Quận Bình Tân,214,THPT Phú Lâm,"12-24 đường số 3 Phú Lâm, Q.6",KV3,
720,02,Tp. Hồ Chí Minh,19,Quận Bình Tân,226,THPT Trần Nhân Tông,"66 Tân Hóa, P.1, Q.11",KV3,
721,02,Tp. Hồ Chí Minh,19,Quận Bình Tân,279,"THCS, THPT Ngôi Sao","Đường 18, P.Bình Trị Đông B, Q.Bình Tân",KV3,
722,02,Tp. Hồ Chí Minh,19,Quận Bình Tân,280,THCS và THPT Phan Châu Trinh,"12 Đường 23, P.Bình Trị Đông, Q.Bình Tân",KV3,
723,02,Tp. Hồ Chí Minh,19,Quận Bình Tân,281,"TH, THCS và THPT Chu Văn An","Số 7 đường số 1, Q.Bình Tân",KV3,
724,02,Tp. Hồ Chí Minh,19,Quận Bình Tân,282,THPT Hàm Nghi,"911 Quốc lộ 1A, P.An Lạc, Q.Bình Tân",KV3,
725,02,Tp. Hồ Chí Minh,19,Quận Bình Tân,303,"TH, THCS Và THPT Trí Tuệ Việt",BTA,KV3,
726,02,Tp. Hồ Chí Minh,19,Quận Bình Tân,519,TT GDNN VÀ GDTX Quận Bình Tân,"31A Hồ Học Lãm, P.An Lạc, Q.Bình Tân",KV3,
727,02,Tp. Hồ Chí Minh,19,Quận Bình Tân,634,TC Quang Trung,"106 Đường 34, P.Bình trị Đông B, Q.Bình Tân",KV3,
728,02,Tp. Hồ Chí Minh,20,Huyện Bình Chánh,080,THPT Đa Phước,"D14/410A QL 50, Xã Đa Phước, H.Bình Chánh",KV2,
729,02,Tp. Hồ Chí Minh,20,Huyện Bình Chánh,081,THPT Lê Minh Xuân,"G11/1 Ấp 7, Xã Lê Minh Xuân, H.Bình Chánh",KV2,
730,02,Tp. Hồ Chí Minh,20,Huyện Bình Chánh,082,THPT Bình Chánh,"D17/1D Huỳnh Văn Trí, Xã Bình Chánh, H.Bình Chánh",KV2,
731,02,Tp. Hồ Chí Minh,20,Huyện Bình Chánh,083,THPT Tân Túc,"C1/3K Bùi Thanh Khiết, Thị trấn Tân Túc, H.Bình Chánh",KV2,
732,02,Tp. Hồ Chí Minh,20,Huyện Bình Chánh,084,THPT Vĩnh Lộc B,"Đường số 3, KDC Vĩnh Lộc B, Xã Vĩnh Lộc B, H.Bình Chánh",KV2,
733,02,Tp. Hồ Chí Minh,20,Huyện Bình Chánh,108,THPT Năng khiếu TDTT Bình Chánh,Huyện Bình Chánh,KV2,
734,02,Tp. Hồ Chí Minh,20,Huyện Bình Chánh,114,THPT Phong Phú,"Xã Phong Phú, huyện Bình Chánh",KV2,
735,02,Tp. Hồ Chí Minh,20,Huyện Bình Chánh,116,Phổ thông Năng khiếu TDTT Bình Chánh,Bình Chánh,KV2-NT,
736,02,Tp. Hồ Chí Minh,20,Huyện Bình Chánh,283,"TH, THCS và THPT Quốc Tế Bắc Mỹ","5A KDC Trung Sơn, Xã Bình Hưng, H.Bình Chánh",KV2,
737,02,Tp. Hồ Chí Minh,20,Huyện Bình Chánh,295,TH THCS và THPT Albert Einstein,"Khu dân cư 13C, Xã Phong Phú, H.Bình Chánh",KV2,
738,02,Tp. Hồ Chí Minh,20,Huyện Bình Chánh,520,TT GDNN VÀ GDTX Huyện Bình Chánh,"Xã An Phú Tây, H.Bình Chánh",KV2,
739,02,Tp. Hồ Chí Minh,21,Huyện Củ Chi,085,THPT Củ Chi,"KP1, Thị trấn Củ Chi, H.Củ Chi",KV2,
740,02,Tp. Hồ Chí Minh,21,Huyện Củ Chi,086,THPT Trung Phú,"1318 tỉnh lộ 8 ấp 12, Xã Tân Thạnh Đông, H.Củ Chi",KV2,
741,02,Tp. Hồ Chí Minh,21,Huyện Củ Chi,087,THPT Quang Trung,"Ấp Phước An, Xã Phước Thạnh, H.Củ Chi",KV2,
742,02,Tp. Hồ Chí Minh,21,Huyện Củ Chi,088,THPT Trung Lập,"Xã Trung Lập Thượng, H.Củ Chi",KV2,
743,02,Tp. Hồ Chí Minh,21,Huyện Củ Chi,089,THPT An Nhơn Tây,"227 Tỉnh Lộ 7, Xã An Nhơn Tây, H.Củ Chi",KV2,
744,02,Tp. Hồ Chí Minh,21,Huyện Củ Chi,090,THPT Tân Thông Hội,"Đường Suối Lội ấp Bàu Sim, Xã Tân Thông Hội, H.Củ Chi",KV2,
745,02,Tp. Hồ Chí Minh,21,Huyện Củ Chi,091,THPT Phú Hòa,"ấp Phú Lợi, Xã Phú Hòa Đông, H.Củ chi",KV2,
746,02,Tp. Hồ Chí Minh,21,Huyện Củ Chi,092,Thiếu Sinh Quân,"ấp Bến đình, Xã Nhuận đức, H.Củ chi",KV2,
747,02,Tp. Hồ Chí Minh,21,Huyện Củ Chi,310,THPT Chiến Thắng,Củ Chi,KV2,
748,02,Tp. Hồ Chí Minh,21,Huyện Củ Chi,521,TT GDNN VÀ GDTX Huyện Củ Chi,"KP3 Thị Trấn, H.Củ Chi",KV2,
749,02,Tp. Hồ Chí Minh,21,Huyện Củ Chi,635,TC Bách Khoa Sài Gòn,"83A Bùi Thị He KP1, TT Củ Chi, H.Củ Chi",KV2,
750,02,Tp. Hồ Chí Minh,21,Huyện Củ Chi,636,TC Tây sài Gòn,"ấp Bàu Sim, Xã Tân Thông Hội, H.Củ Chi",KV2,
751,02,Tp. Hồ Chí Minh,21,Huyện Củ Chi,637,TC nghề Củ Chi,"2 Nguyễn Đại Năng KP1, TT Củ Chi, H.Củ Chi",KV2,
752,02,Tp. Hồ Chí Minh,22,Huyện Hóc Môn,093,THPT Lý Thường Kiệt,"Đường Nam Thới 2 ấp Nam Thới, Xã Thới Tam Thôn, H.Hóc Môn",KV2,
753,02,Tp. Hồ Chí Minh,22,Huyện Hóc Môn,094,THPT Nguyễn Hữu Cầu,"07 Nguyễn Ảnh Thủ, Xã Trung Chánh, H.Hóc Môn",KV2,
754,02,Tp. Hồ Chí Minh,22,Huyện Hóc Môn,095,THPT Bà Điểm,"07 Nguyễn Thị Sóc ấp Bắc Lân, Xã Bà Điểm, H.Hóc Môn",KV2,
755,02,Tp. Hồ Chí Minh,22,Huyện Hóc Môn,096,THPT Nguyễn Văn Cừ,"100A, ấp 6, Xã Xuân Thới Thượng, H.Hóc môn",KV2,
756,02,Tp. Hồ Chí Minh,22,Huyện Hóc Môn,097,THPT Nguyễn Hữu Tiến,"9A ấp 7, Xã Đông Thạnh, H.Hóc môn",KV2,
757,02,Tp. Hồ Chí Minh,22,Huyện Hóc Môn,098,THPT Phạm Văn Sáng,"Xã Xuân Thới Sơn, H.Hóc Môn",KV2,
758,02,Tp. Hồ Chí Minh,22,Huyện Hóc Môn,115,THPT Hồ Thị Bi,"xã Tân Hiệp, huyện Hốc Môn",KV2,
759,02,Tp. Hồ Chí Minh,22,Huyện Hóc Môn,309,"TH, THCS Và THPT Tre Việt",Hóc Môn,KV2,
760,02,Tp. Hồ Chí Minh,22,Huyện Hóc Môn,522,TT GDNN VÀ GDTX Huyện Hóc Môn,"65 Đỗ Văn Dậy Ấp Tân Thới 1, Xã Tân Hiệp, H.Hóc Môn",KV2,
761,02,Tp. Hồ Chí Minh,22,Huyện Hóc Môn,536,TT GDNN VÀ GDTX Thanh niên xung phong,"189A Đặng Công Bỉnh Ấp 5, Xã Xuân Thới Sơn, H.Hóc Môn",KV2,
762,02,Tp. Hồ Chí Minh,22,Huyện Hóc Môn,546,TT GDTX Thanh niên Xung phong,Hóc Môn,KV2,
763,02,Tp. Hồ Chí Minh,22,Huyện Hóc Môn,638,TC KTKT Huyện Hóc Môn,"146 Đỗ Văn Dậy, Xã tân Hiệp, H.Hóc Môn",KV2,
764,02,Tp. Hồ Chí Minh,23,Huyện Nhà Bè,099,THPT Long Thới,"280 Nguyễn Văn Tạo, Xã Long Thới, H.Nhà Bè",KV2,
765,02,Tp. Hồ Chí Minh,23,Huyện Nhà Bè,100,THPT Phước Kiển,"Đào Sư Tích ấp 3, Xã Phước Kiển, H.Nhà Bè",KV2,
766,02,Tp. Hồ Chí Minh,23,Huyện Nhà Bè,101,THPT Dương Văn Dương,"39 đường số 6, KDC Phú Gia, ấp 2, Xã Phú Xuân, H.Nhà Bè",KV2,
767,02,Tp. Hồ Chí Minh,23,Huyện Nhà Bè,311,"TH, THCS và THPT Khải Hoàn - Nam Sài Gòn","803A Nguyễn Hữu Thọ, ấp 4, xã Phước Kiển, H. Nhà Bè",KV2-NT,
768,02,Tp. Hồ Chí Minh,23,Huyện Nhà Bè,523,TT GDNN VÀ GDTX Huyện Nhà Bè,"Xã Nhơn Đức, H.Nhà Bè",KV2,
769,02,Tp. Hồ Chí Minh,24,Huyện Cần Giờ,102,THPT Cần Thạnh,"Duyên Hải, TT Cần Thạnh, H.Cần Giờ",KV2,
770,02,Tp. Hồ Chí Minh,24,Huyện Cần Giờ,103,THPT Bình Khánh,"Bình An, Xã Bình Khánh, H.Cần Giờ",KV2,
771,02,Tp. Hồ Chí Minh,24,Huyện Cần Giờ,104,THPT An Nghĩa,"Ấp An Nghĩa, Xã An Thới Đông, H.Cần Giờ",KV2,
772,02,Tp. Hồ Chí Minh,24,Huyện Cần Giờ,110,THCS THPT Thạnh An,XÃ ĐẢO THẠNH AN,KV2,
773,02,Tp. Hồ Chí Minh,24,Huyện Cần Giờ,524,TT GDNN VÀ GDTX Huyện Cần Giờ,"Lương Văn Nho, Thị trấn Cần Thạnh, H.Cần Giờ",KV2,
774,02,Tp. Hồ Chí Minh,25,Thành phố Thủ Đức,105,THPT Dương Văn Thì,"161 Lã Xuân Oai, thành phố Thủ Đức",KV3,
775,02,Tp. Hồ Chí Minh,25,Thành phố Thủ Đức,112,THPT Linh Trung,"P. Linh Trung, Thành phố Thủ Đức",KV3,
776,02,Tp. Hồ Chí Minh,25,Thành phố Thủ Đức,113,THPT Bình Chiểu,Bình Chiểu Thủ Đức,KV3,
777,02,Tp. Hồ Chí Minh,25,Thành phố Thủ Đức,301,"TH, THCS VÀ THPT Emasi Vạn Phúc",TP. Thủ Đức,KV3,
778,02,Tp. Hồ Chí Minh,25,Thành phố Thủ Đức,544,TT GDTX Gia Định,"QL13, Hiệp Bình Chánh, Thành phố Thủ Đức",KV3,
779,02,Tp. Hồ Chí Minh,25,Thành phố Thủ Đức,545,TT GDNN-GDTX TP. Thủ Đức,Thủ Đức,KV3,
780,03,Hải Phòng,00,Sở Giáo dục và Đào tạo,800,Học ở nước ngoài_03,,KV3,
781,03,Hải Phòng,00,Sở Giáo dục và Đào tạo,900,"Quân nhân, Công an tại ngũ_03",,KV3,
782,03,Hải Phòng,01,Quận Hồng Bàng,001,THPT Lê Hồng Phong,"P. Hạ Lý, Q.Hồng Bàng HP",KV3,
783,03,Hải Phòng,01,Quận Hồng Bàng,002,THPT Hồng Bàng,"P.Sở Dầu, Q.Hồng Bàng HP",KV3,
784,03,Hải Phòng,01,Quận Hồng Bàng,003,THPT Lương Thế Vinh,"P..Minh Khai, Q.Hồng Bàng",KV3,
785,03,Hải Phòng,01,Quận Hồng Bàng,005,TT DN&GDTX Hồng Bàng,"P.Quán Toan 1,Q. Hồng Bàng",KV3,
786,03,Hải Phòng,01,Quận Hồng Bàng,081,THPT Lương Khánh Thiện,"Số 7 đường Minh Khai, P.Minh Khai, Q. Hồng Bàng",KV3,
787,03,Hải Phòng,01,Quận Hồng Bàng,090,TT GDNN-GDTX Hồng Bàng,"Số 1 đường Quán Toan 1, P.Quán Toan, Q.Hồng Bàng",KV3,
788,03,Hải Phòng,01,Quận Hồng Bàng,108,TH - THCS - THPT Vinschool Imperia,"Khu đô thi Vinhomes Imperia, Phường Thượng Lý, Quận Hồng Bàng, Hải Phòng",KV3,
789,03,Hải Phòng,01,Quận Hồng Bàng,123,TH - THCS - THPT Nguyễn Tất Thành,"184 Quốc lộ 5 mới, phường Hùng Vương, quận Hồng Bàng, thành phố Hải Phòng",KV3,
790,03,Hải Phòng,01,Quận Hồng Bàng,801,Trường THPT - Khu vực 1,,KV1,
791,03,Hải Phòng,01,Quận Hồng Bàng,802,Trường THPT - KV2NT,,KV2-NT,
792,03,Hải Phòng,01,Quận Hồng Bàng,803,Trường THPT - KV2,,KV2,
793,03,Hải Phòng,01,Quận Hồng Bàng,804,Trường THPT - Khu vực 3,,KV3,
794,03,Hải Phòng,02,Quận Lê Chân,007,THPT Ngô Quyền,"P..Mê Linh, Q. Lê chân",KV3,
795,03,Hải Phòng,02,Quận Lê Chân,008,THPT Trần Nguyên Hãn,"P.Lam Sơn, Q. Lê Chân",KV3,
796,03,Hải Phòng,02,Quận Lê Chân,009,THPT Lê Chân,"P. Vĩnh Niệm, Q. Lê Chân",KV3,
797,03,Hải Phòng,02,Quận Lê Chân,010,THPT Lý Thái Tổ,"P. Nghĩa Xá, Q. Lê Chân",KV3,
798,03,Hải Phòng,02,Quận Lê Chân,011,TT GDTX Hải Phòng,"P. An Biên, Q. Lê Chân",KV3,
799,03,Hải Phòng,02,Quận Lê Chân,016,PT NCH Nguyễn Tất Thành,Số 36/84 đường Dân lập P.Dư Hàng Kênh Q. Lê Chân,KV3,
800,03,Hải Phòng,02,Quận Lê Chân,086,TT DN&GDTX Lê Chân,"P. Dư Hàng, Q. Lê Chân",KV3,
801,03,Hải Phòng,02,Quận Lê Chân,091,TT GDNN-GDTX Lê Chân,"Số 8/170 Hai Bà Trưng, Q. Lê Chân",KV3,
802,03,Hải Phòng,02,Quận Lê Chân,106,THPT Hữu nghị Quốc tế,Số 36 đường Dân lập P.Dư Hàng Kênh Q. Lê Chân,KV3,
803,03,Hải Phòng,03,Quận Ngô Quyền,014,THPT Thái Phiên,"P.Cầu Tre, Q. Ngô Quyền",KV3,
804,03,Hải Phòng,03,Quận Ngô Quyền,015,THPT Hàng Hải,"P. Đổng Quốc Bình, Q. Ngô Quyền",KV3,
805,03,Hải Phòng,03,Quận Ngô Quyền,017,THPT Thăng Long,"P. Lạch Tray, Q. Ngô Quyền",KV3,
806,03,Hải Phòng,03,Quận Ngô Quyền,018,THPT Marie Curie,"P. Đằng Giang, Q. Ngô Quyền",KV3,
807,03,Hải Phòng,03,Quận Ngô Quyền,020,THPT Anhxtanh,"P. Máy Tơ, Q. Ngô Quyền",KV3,
808,03,Hải Phòng,03,Quận Ngô Quyền,021,TT DN&GDTX Ngô Quyền,"P. Gia Viên, Q. Ngô Quyền",KV3,
809,03,Hải Phòng,03,Quận Ngô Quyền,092,TT GDNN-GDTX Ngô Quyền,"Số 147 Nguyễn Hữu Tuệ, P. Gia Viên, Q. Ngô Quyền",KV3,
810,03,Hải Phòng,04,Quận Kiến An,006,TH-THCS-THPT Hàng hải I,"Đường Phương Khê, Phường Đồng Hòa",KV3,
811,03,Hải Phòng,04,Quận Kiến An,023,THPT Kiến An,"P. Ngọc Sơn, Q. Kiến An",KV3,
812,03,Hải Phòng,04,Quận Kiến An,024,THPT Phan Đăng Lưu,"P. Ngọc Sơn, Q. Kiến An",KV3,
813,03,Hải Phòng,04,Quận Kiến An,026,TT DN&GDTX Kiến An,"P. Văn Đẩu, Q. Kiến An",KV3,
814,03,Hải Phòng,04,Quận Kiến An,079,THPT Đồng Hòa,"P. Đồng Hòa, Q. Kiến An",KV3,
815,03,Hải Phòng,04,Quận Kiến An,093,TT GDNN-GDTX Kiến An,"Số 87 Nguyễn Lương Bằng, P. Văn Đẩu, Q. Kiến An",KV3,
816,03,Hải Phòng,04,Quận Kiến An,107,TH - THCS – THPT Edison,"Số 196/143 đường Trường Chinh, P.Đồng Hòa,Q. Kiến An, Hải Phòng",KV3,
817,03,Hải Phòng,05,Quận Hải An,004,THPT Hùng Vương,"Số 498 đường Đà Nẵng, Phường Đông Hải",KV3,
818,03,Hải Phòng,05,Quận Hải An,013,THPT Chuyên Trần Phú,"lô 10A, đường Lê Hồng Phong, phường Đằng Hải, quận Hải An.",KV3,
819,03,Hải Phòng,05,Quận Hải An,019,THPT Hermann Gmeiner,"543 Đường bao Nguyễn Bỉnh Khiêm,P. Đông Hải 1, Q. Hải An",KV3,
820,03,Hải Phòng,05,Quận Hải An,025,THPT Hải An,"P. Cát Bi, Q. Hải An",KV3,
821,03,Hải Phòng,05,Quận Hải An,028,THPT Lê Quý Đôn,"P. Cát Bi, Q. Hải An",KV3,
822,03,Hải Phòng,05,Quận Hải An,029,THPT Phan Chu Trinh,"P. Đằng Lâm, Q. Hải An",KV3,
823,03,Hải Phòng,05,Quận Hải An,030,TT DN&GDTX Hải An,"P. Đằng Lâm, Q. Hải An",KV3,
824,03,Hải Phòng,05,Quận Hải An,094,TT GDNN-GDTX Hải An,"Số 70 Trung Hành 5, P. Đằng Lâm, Q. Hải An",KV3,
825,03,Hải Phòng,05,Quận Hải An,110,TH-THCS-THPT Hai Bà Trưng,"Số 9 Trung Lực, phường Đằng Lâm, Q. Hải An",KV3,
826,03,Hải Phòng,05,Quận Hải An,124,THCS và THPT FPT,"Đường số 4, ngõ 195 Nguyễn Văn Hới, khu Tái định cư Đằng Lâm I, phường Thành Tô, quận Hải An, thành phố Hải Phòng",KV3,
827,03,Hải Phòng,06,Quận Đồ Sơn,032,THPT Đồ Sơn,"P. Ngọc Xuyên, Q. Đồ Sơn",KV3,
828,03,Hải Phòng,06,Quận Đồ Sơn,033,Trường PT Nội Trú Đồ Sơn,"P.Vạn Sơn, Q. Đồ Sơn",KV3,DTNT
829,03,Hải Phòng,06,Quận Đồ Sơn,034,TT DN&GDTX Đồ Sơn,"P. Ngọc Hải, Q. Đồ Sơn",KV3,
830,03,Hải Phòng,06,Quận Đồ Sơn,035,THCS - THPT Lý Thánh Tông,"phường Vạn Sơn, quân Đồ Sơn, Thành phố Hải Phòng",KV3,DTNT
831,03,Hải Phòng,06,Quận Đồ Sơn,095,TT GDNN-GDTX Đồ Sơn,"Số 1 đường Đinh Đoài, P. Ngọc Hải, Q. Đồ Sơn",KV3,
832,03,Hải Phòng,07,Huyện An Lão,036,THPT An Lão,"TTr. An Lão, H.An Lão",KV2,
833,03,Hải Phòng,07,Huyện An Lão,037,THPT Trần Hưng Đạo,"Xã An Thái, H. An Lão",KV2,
834,03,Hải Phòng,07,Huyện An Lão,038,THPT Tân Trào,"Thôn Quán Rẽ, xã Mỹ Đức, huyện An Lão",KV2,
835,03,Hải Phòng,07,Huyện An Lão,039,THPT Trần Tất Văn,"Xã An Thắng, H. An Lão",KV2,
836,03,Hải Phòng,07,Huyện An Lão,040,TT DN&GDTX An Lão,"TTr. An Lão, H.An Lão",KV2,
837,03,Hải Phòng,07,Huyện An Lão,084,THPT Quốc Tuấn,"Xã Quốc Tuấn, H. An Lão",KV2,
838,03,Hải Phòng,07,Huyện An Lão,096,TT GDNN-GDTX An Lão,"TTr. An Lão, H.An Lão",KV2,
839,03,Hải Phòng,08,Huyện Kiến Thụy,042,THPT Kiến Thụy,"TTr. Núi Đối, H. Kiến Thụy",KV2,
840,03,Hải Phòng,08,Huyện Kiến Thụy,043,THPT Nguyễn Đức Cảnh,"Xã Tú Sơn, H. Kiến Thụy",KV2,
841,03,Hải Phòng,08,Huyện Kiến Thụy,045,THPT Nguyễn Huệ,"TTr. Núi Đối, H. Kiến Thụy",KV2,
842,03,Hải Phòng,08,Huyện Kiến Thụy,046,TT DN&GDTX Kiến Thụy,"TTr. Núi Đối, H. Kiến Thụy",KV2,
843,03,Hải Phòng,08,Huyện Kiến Thụy,082,THPT Thụy Hương,"Xã Thụy Hương, H. Kiến Thụy",KV2,
844,03,Hải Phòng,08,Huyện Kiến Thụy,097,TT GDNN-GDTX Kiến Thụy,"Khu Hồ Sen, TTr. Núi Đối, H. Kiến Thụy",KV2,
845,03,Hải Phòng,09,Huyện Thủy Nguyên,048,THPT Phạm Ngũ Lão,"Xã Ngũ Lão, H. Thủy Nguyên",KV2,
846,03,Hải Phòng,09,Huyện Thủy Nguyên,049,THPT Bạch Đằng (Trước ngày 04/6/2021),"Xã Lưu Kiếm, H. Thủy Nguyên",KV1,
847,03,Hải Phòng,09,Huyện Thủy Nguyên,050,THPT Quang Trung,"Xã Cao Nhân, H. Thủy Nguyên",KV2,
848,03,Hải Phòng,09,Huyện Thủy Nguyên,051,THPT Lý Thường Kiệt,"Xã Thủy Sơn, H.Thủy Nguyên",KV2,
849,03,Hải Phòng,09,Huyện Thủy Nguyên,052,THPT Lê ích Mộc (Trước ngày 04/6/2021),"Xã Kỳ Sơn, H. Thủy Nguyên",KV1,
850,03,Hải Phòng,09,Huyện Thủy Nguyên,053,THPT Thủy Sơn,"Xã Thủy Sơn, H.Thủy Nguyên",KV2,
851,03,Hải Phòng,09,Huyện Thủy Nguyên,054,THPT 25/10,"Xã Thủy Sơn, H.Thủy Nguyên",KV2,
852,03,Hải Phòng,09,Huyện Thủy Nguyên,055,THPT Nam Triệu,"Xã Phục Lễ, H. Thủy Nguyên",KV2,
853,03,Hải Phòng,09,Huyện Thủy Nguyên,056,TT DN&GDTX Thủy Nguyên,"Xã Thủy Sơn, H.Thủy Nguyên",KV2,
854,03,Hải Phòng,09,Huyện Thủy Nguyên,087,THPT Quảng Thanh,"Xã Quảng Thanh, Huyện Thủy Nguyên, TP. Hải Phòng",KV2,
855,03,Hải Phòng,09,Huyện Thủy Nguyên,098,TT GDNN-GDTX Thủy Nguyên,"Xã Thủy Sơn, H.Thủy Nguyên",KV2,
856,03,Hải Phòng,09,Huyện Thủy Nguyên,104,THPT Bạch Đằng,"Xã Lưu Kiếm, H. Thủy Nguyên",KV2,
857,03,Hải Phòng,09,Huyện Thủy Nguyên,105,THPT Lê ích Mộc,"Xã Kỳ Sơn, H. Thủy Nguyên",KV2,
858,03,Hải Phòng,10,Huyện An Dương,058,THPT Nguyễn Trãi,"Xã An Hưng, H. An Dương",KV2,
859,03,Hải Phòng,10,Huyện An Dương,059,THPT An Dương,"TTr. An Dương, H. An Dương",KV2,
860,03,Hải Phòng,10,Huyện An Dương,060,THPT Tân An,"Xã Tân Tiến, H. An Dương",KV2,
861,03,Hải Phòng,10,Huyện An Dương,061,THPT An Hải,"TTr. An Dương, H. An Dương",KV2,
862,03,Hải Phòng,10,Huyện An Dương,062,TT DN&GDTX An Dương,"TTr. An Dương, H. An Dương",KV2,
863,03,Hải Phòng,10,Huyện An Dương,099,TT GDNN-GDTX An Dương,"TTr. An Dương, H. An Dương",KV2,
864,03,Hải Phòng,11,Huyện Tiên Lãng,064,THPT Tiên Lãng,"TTr. Tiên lãng, H. Tiên Lãng",KV2,
865,03,Hải Phòng,11,Huyện Tiên Lãng,065,THPT Toàn Thắng,"Xã Toàn Thắng, H. Tiên Lãng",KV2,
866,03,Hải Phòng,11,Huyện Tiên Lãng,066,THPT Hùng Thắng,"Xã Hùng Thắng, H. Tiên Lãng",KV2,
867,03,Hải Phòng,11,Huyện Tiên Lãng,067,THPT Nhữ Văn Lan,"TTr. Tiên Lãng, H. Tiên Lãng",KV2,
868,03,Hải Phòng,11,Huyện Tiên Lãng,068,TT DN&GDTX Tiên Lãng,"TTr. Tiên Lãng, H. Tiên Lãng",KV2,
869,03,Hải Phòng,11,Huyện Tiên Lãng,100,TT GDNN-GDTX Tiên Lãng,"TTr. Tiên Lãng, H. Tiên Lãng",KV2,
870,03,Hải Phòng,12,Huyện Vĩnh Bảo,070,THPT Nguyễn Bỉnh Khiêm,"Xã Lý Học, H. Vĩnh Bảo",KV2,
871,03,Hải Phòng,12,Huyện Vĩnh Bảo,071,THPT Tô Hiệu,"Xã Vĩnh An, H. Vĩnh Bảo",KV2,
872,03,Hải Phòng,12,Huyện Vĩnh Bảo,072,THPT Vĩnh Bảo,"TTr. Vĩnh Bảo, H. Vĩnh Bảo",KV2,
873,03,Hải Phòng,12,Huyện Vĩnh Bảo,073,THPT Cộng Hiền,"Xã Cộng Hiền, H. Vĩnh Bảo",KV2,
874,03,Hải Phòng,12,Huyện Vĩnh Bảo,074,THPT Nguyễn Khuyến,"TTr. Vĩnh Bảo, H. Vĩnh Bảo",KV2,
875,03,Hải Phòng,12,Huyện Vĩnh Bảo,075,TT DN&GDTX Vĩnh Bảo,"TTr. Vĩnh Bảo, H. Vĩnh Bảo",KV2,
876,03,Hải Phòng,12,Huyện Vĩnh Bảo,101,TT GDNN-GDTX Vĩnh Bảo,"TTr. Vĩnh Bảo, H. Vĩnh Bảo",KV2,
877,03,Hải Phòng,13,Huyện Cát Hải,076,THPT Cát Bà,"TTr. Cát Bà, H.Cát Hải",KV2,
878,03,Hải Phòng,13,Huyện Cát Hải,077,THPT Cát Bà,"TTr. Cát Bà, H.Cát Hải",KV2,
879,03,Hải Phòng,13,Huyện Cát Hải,078,THPT Cát Hải ( Trước 23/11/2017),"Xã Văn Phong, H. Cát Hải",KV1,
880,03,Hải Phòng,13,Huyện Cát Hải,080,THPT Cát Hải,"Xã Văn Phong, Huyện Cát Hải",KV1,
881,03,Hải Phòng,13,Huyện Cát Hải,083,TT DN&GDTX Cát Hải,"TTr. Cát Bà, H. Cát Hải",KV1,
882,03,Hải Phòng,13,Huyện Cát Hải,085,THPT Cát hải,"Xã Văn Phong, Huyện Cát Hải",KV2,
883,03,Hải Phòng,13,Huyện Cát Hải,102,TT GDNN-GDTX Cát Hải,"TTr. Cát Bà, H. Cát Hải",KV2,
884,03,Hải Phòng,13,Huyện Cát Hải,112,TT GDNN-GDTX Cát Hải,"TTr. Cát Bà, H. Cát Hải",KV2,
885,03,Hải Phòng,15,Quận Dương Kinh,044,THPT Mạc Đĩnh Chi,"P. Anh Dũng, Q. Dương Kinh",KV3,
886,03,Hải Phòng,15,Quận Dương Kinh,089,TT DN&GDTX Q.Dương Kinh,"P.Anh Dũng, Q.Dương Kinh",KV3,
887,03,Hải Phòng,15,Quận Dương Kinh,103,TT GDNN-GDTX Q.Dương Kinh,"Tổ Dân phố số 3, P. Hải Thành, Q. Dương Kinh",KV3,
888,03,Hải Phòng,15,Quận Dương Kinh,109,TH-THCS-THPT Dewey,"Đường 11, Anh Dũng 5, Phường Anh Dũng, Q. Dương Kinh",KV3,
889,04,Đà Nẵng,00,Sở Giáo dục và Đào tạo,800,Học ở nước ngoài_04,,KV3,
890,04,Đà Nẵng,00,Sở Giáo dục và Đào tạo,900,"Quân nhân, Công an_04",,KV3,
891,04,Đà Nẵng,01,Quận Hải Châu,001,THPT Nguyễn Hiền,"Số 61 Phan Đăng Lưu, P. Hòa Cường Nam, Q. Hải Châu, TP. Đà Nẵng",KV3,
892,04,Đà Nẵng,01,Quận Hải Châu,002,THPT Phan Châu Trinh,"Số 154 Lê Lợi, P. Hải châu 1, Q. Hải Châu, TP. Đà Nẵng",KV3,
893,04,Đà Nẵng,01,Quận Hải Châu,003,THPT Trần Phú,"Số 11 Lê Thánh Tôn, P. Hải Châu 1, Q. Hải Châu, TP. Đà Nẵng",KV3,
894,04,Đà Nẵng,01,Quận Hải Châu,004,THPT Diên Hồng,"365 Phan Châu Trinh, phường Bình Thuận, quận Hải Châu, thành phố Đà Nẵng",KV3,
895,04,Đà Nẵng,01,Quận Hải Châu,006,"TT GDTX, KTTH-HN&DN Hải Châu","Số 105 Lê Sát, P. Hòa Cường Nam, Q. Hải Châu, TP. Đà Nẵng",KV3,
896,04,Đà Nẵng,01,Quận Hải Châu,033,THPT Sky-Line Đà Nẵng,"Lô A2.4 Trần Đăng Ninh, quận Hải Châu",KV3,
897,04,Đà Nẵng,01,Quận Hải Châu,037,TH-THCS&THPT Sky-line,"Lô A2.4 Trần Đăng Ninh, P. Hoà Cường Nam, Q. Hải Châu, TP. Đà Nẵng",KV3,
898,04,Đà Nẵng,01,Quận Hải Châu,048,"TH, THCS & THPT Olympia",63 Lê Văn Long,KV3,
899,04,Đà Nẵng,01,Quận Hải Châu,801,Trường THPT - Khu vực 1,,KV1,
900,04,Đà Nẵng,01,Quận Hải Châu,802,Trường THPT - KV2NT,,KV2-NT,
901,04,Đà Nẵng,01,Quận Hải Châu,803,Trường THPT - KV2,,KV2,
902,04,Đà Nẵng,01,Quận Hải Châu,804,Trường THPT - Khu vực 3,,KV3,
903,04,Đà Nẵng,02,Quận Thanh Khê,007,THPT Thái Phiên,"Số 735 Trần Cao Vân, P. Thanh Khê Đông, Q. Thanh Khê, TP. Đà Nẵng",KV3,
904,04,Đà Nẵng,02,Quận Thanh Khê,008,"TT GDTX, KTTH-HN&DN Thanh Khê","Số 725 Trần Cao Vân, P. Thanh Khê Đông, Q. Thanh Khê, TP. Đà Nẵng",KV3,
905,04,Đà Nẵng,02,Quận Thanh Khê,009,THPT Quang Trung,"68 Đỗ Quang, P. Vĩnh Trung, Q. Thanh Khê, TP. Đà Nẵng",KV3,
906,04,Đà Nẵng,02,Quận Thanh Khê,028,THPT Thanh Khê,"Số 232 Kinh Dương Vương, P. Thanh Khê Tây, Q. Thanh Khê, TP. Đà Nẵng",KV3,
907,04,Đà Nẵng,02,Quận Thanh Khê,035,Trung tâm GDTX số 2,"Số 725 Trần Cao Vân, P. Thanh Khê Đông, Q. Thanh Khê, TP. Đà Nẵng",KV3,
908,04,Đà Nẵng,02,Quận Thanh Khê,045,"TH, THCS & THPT Anh Quốc","K1/2B Tôn Thất Đạm, P. Xuân Hà, Q. Thanh Khê, tp Đà Nẵng",KV3,
909,04,Đà Nẵng,03,Quận Sơn Trà,005,THPT chuyên Lê Quý Đôn,"Số 01 Vũ Văn Dũng, P. An Hải Tây, Q. Sơn Trà, TP. Đà Nẵng",KV3,
910,04,Đà Nẵng,03,Quận Sơn Trà,010,THPT Hoàng Hoa Thám,"Số 63 Phạm Cự Lượng, P. An Hải Đông, Q. Sơn Trà, TP. Đà Nẵng",KV3,
911,04,Đà Nẵng,03,Quận Sơn Trà,011,THPT Ngô Quyền,"Số 57 Phạm Cự Lượng, P. An Hải Đông, Q. Sơn Trà, TP. Đà Nẵng",KV3,
912,04,Đà Nẵng,03,Quận Sơn Trà,012,TT GDTX Thành Phố,"1093 đường Ngô Quyền, phường An Hải Đông, quận Sơn Trà, thành phố Đà Nẵng",KV3,
913,04,Đà Nẵng,03,Quận Sơn Trà,013,"TT GDTX, KTTH-HN&DN Sơn Trà","196 Nguyễn Công Trứ, phường An Hải Đông, quận Sơn Trà, Đà Nẵng",KV3,
914,04,Đà Nẵng,03,Quận Sơn Trà,027,THPT Tôn Thất Tùng,"Số 200 Trần Nhân Tông, P. An Hải Bắc, Q. Sơn Trà, TP. Đà Nẵng",KV3,
915,04,Đà Nẵng,03,Quận Sơn Trà,034,Trung tâm GDTX số 1,"Số 1093 Ngô Quyền, P. An Hải Đông, Q. Sơn Trà, TP. Đà Nẵng",KV3,
916,04,Đà Nẵng,03,Quận Sơn Trà,039,THPT Sơn Trà,"Đường Lê Văn Quý, P. An Hải Bắc",KV3,
917,04,Đà Nẵng,04,Quận Ngũ Hành Sơn,014,THPT Ngũ Hành Sơn,"Số 24 Bà Bang Nhãn, P. Hòa Hải, Q. Ngũ Hành Sơn, TP. Đà Nẵng",KV3,
918,04,Đà Nẵng,04,Quận Ngũ Hành Sơn,015,"TT GDTX, KTTH-HN&DN Ngũ Hành Sơn","527 Lê Văn Hiến, phường Hòa Hải, quận Ngũ Hành Sơn, Tp. Đà Nẵng",KV3,
919,04,Đà Nẵng,04,Quận Ngũ Hành Sơn,016,PT Hermann Gmeiner,"Số 15 Nguyễn Đình Chiểu, P. Khuê Mỹ, Q. Ngũ Hành Sơn, TP. Đà Nẵng",KV3,
920,04,Đà Nẵng,04,Quận Ngũ Hành Sơn,032,THPT Võ Chí Công,"Cao Hồng Lãnh, P. Hoà Quý, Q. Ngũ Hành Sơn, TP. Đà Nẵng",KV3,
921,04,Đà Nẵng,04,Quận Ngũ Hành Sơn,038,"TH, THCS, THPT Quốc tế Hoa Kỳ APU-Đà Nẵng","Phường Hòa Hải, quận Ngũ Hành Sơn, thành phố Đà Nẵng",KV3,
922,04,Đà Nẵng,04,Quận Ngũ Hành Sơn,040,"TH, THCS&THPT FPT","Khu đô thị FPT city, P. Hòa Hải",KV3,
923,04,Đà Nẵng,04,Quận Ngũ Hành Sơn,046,Liên cấp Quốc tế Singapore tại Đà Nẵng,"Tòa nhà SIS, Đường Vùng Trung 3, KĐT mới Phú Mỹ An, P.Hòa Hải, Q. Ngũ Hành Sơn, TP Đà Nẵng",KV3,
924,04,Đà Nẵng,05,Quận Liên Chiểu,017,THPT Nguyễn Trãi,"Số 01 Phan Văn Định, P. Hòa Khánh Bắc, Q. Liên Chiểu, TP. Đà Nẵng",KV3,
925,04,Đà Nẵng,05,Quận Liên Chiểu,018,TH-THCS&THPT Khai Trí,"116 Nguyễn Huy Tưởng, phường Hòa Minh, quận Liên Chiều, TP. Đà Nẵng",KV3,
926,04,Đà Nẵng,05,Quận Liên Chiểu,019,"TT GDTX, KTTH-HN&DN Liên Chiểu","571/1 Tôn Đức Thắng, phường Hòa Khánh Nam, quận Liên Chiểu, TP. Đà Nẵng",KV3,
927,04,Đà Nẵng,05,Quận Liên Chiểu,026,THPT Nguyễn Thượng Hiền,"Số 54 Thích Quảng Đức, P. Hòa Minh, Q. Liên Chiểu, TP. Đà Nẵng",KV3,
928,04,Đà Nẵng,05,Quận Liên Chiểu,030,THPT Liên Chiểu,"02 Trần Tấn, P. Hòa Hiệp Nam, Q. Liên Chiểu, TP. Đà Nẵng",KV3,
929,04,Đà Nẵng,05,Quận Liên Chiểu,042,THPT Khai Trí,Số 116 Nguyễn Huy Tưởng,KV3,
930,04,Đà Nẵng,06,Huyện Hòa Vang,021,THPT Phan Thành Tài,"QL1A, Phong Nam, xã Hòa Châu, huyện Hòa Vang, TP. Đà Nẵng",KV2,
931,04,Đà Nẵng,06,Huyện Hòa Vang,022,THPT Ông Ích Khiêm,"Thôn Cẩm Toại Trung, xã Hòa Phong, huyện Hòa Vang, TP. Đà Nẵng",KV2,
932,04,Đà Nẵng,06,Huyện Hòa Vang,023,THPT Phạm Phú Thứ,"Thôn An Ngãi Đông, xã Hòa Sơn, huyện Hòa Vang, TP. Đà Nẵng",KV2,
933,04,Đà Nẵng,06,Huyện Hòa Vang,025,"TT GDTX, KTTH-HN&DN Hòa Vang","Thôn Tuý Loan Đông 2, xã Hoà Phong, huyện Hoà Vang, thành phố Đà Nẵng",KV2,
934,04,Đà Nẵng,07,Quận Cẩm Lệ,020,THPT Hòa Vang,"Số 101 Ông Ích Đường, P. Hòa Thọ Đông, Q. Cẩm Lệ, TP. Đà Nẵng",KV3,
935,04,Đà Nẵng,07,Quận Cẩm Lệ,024,"TT GDTX, KTTH-HN&DN Cẩm Lệ","Tổ 4, Quốc lộ 1A, Hoà Thọ Đông, Cẩm Lệ, Đà Nẵng",KV3,
936,04,Đà Nẵng,07,Quận Cẩm Lệ,029,THPT Cẩm Lệ,"Số 02 Nguyễn Thế Lịch, Q. Cẩm Lệ, TP. Đà Nẵng",KV3,
937,04,Đà Nẵng,07,Quận Cẩm Lệ,031,THCS&THPT Hiển Nhân,"Số 204 Lương Nhữ Hộc, Q. Cẩm Lệ, TP. Đà Nẵng",KV3,
938,04,Đà Nẵng,07,Quận Cẩm Lệ,036,Trung tâm GDTX số 3,"Tổ 4, Quốc lộ 1A, P. Hoà Thọ Đông, Q. Cẩm Lệ, TP. Đà Nẵng",KV3,
939,04,Đà Nẵng,07,Quận Cẩm Lệ,041,THCS&THPT Nguyễn Khuyến,"Số 2A Đặng Xuân Bảng, P. Khuê Trung",KV3,
940,04,Đà Nẵng,07,Quận Cẩm Lệ,043,THPT Nguyễn Văn Thoại,"Số 132 Đô Đốc Lân, P. Hòa Xuân, Q. Cẩm Lệ, TP Đà Nẵng",KV3,
941,04,Đà Nẵng,07,Quận Cẩm Lệ,044,"TH, THCS&THPT Việt Nhật","2A Nguyễn Quý Đức, Cẩm Lệ",KV3,
942,04,Đà Nẵng,07,Quận Cẩm Lệ,047,"TH, THCS&THPT St. Nicholas",458 Nguyễn Hữu Thọ,KV3,
943,05,Hà Giang,01,Thành phố Hà Giang,012,THPT Chuyên,"P. Nguyễn Trãi, TP Hà Giang",KV1,
944,05,Hà Giang,01,Thành phố Hà Giang,013,THPT Lê Hồng Phong,"P.Minh Khai, TP Hà Giang",KV1,
945,05,Hà Giang,01,Thành phố Hà Giang,014,THPT Ngọc Hà,"Xã Ngọc Đường, TP Hà Giang",KV1,
946,05,Hà Giang,01,Thành phố Hà Giang,015,PTDT Nội trú tỉnh,"P.Minh Khai, TP Hà Giang",KV1,DTNT
947,05,Hà Giang,01,Thành phố Hà Giang,031,GDTX Tỉnh,"P. Minh Khai, TP Hà Giang",KV1,
948,05,Hà Giang,01,Thành phố Hà Giang,050,CĐ Nghề Hà Giang,"Tổ 8 Ph. Quang Trung, TP Hà Giang",KV1,
949,05,Hà Giang,01,Thành phố Hà Giang,054,CĐSP Hà Giang,"Tổ 16, P. Nguyễn Trãi, TP Hà Giang",KV1,
950,05,Hà Giang,01,Thành phố Hà Giang,058,PTDT Nội trú THPT tỉnh Hà Giang,"P.Minh Khai, TP Hà Giang",KV1,DTNT
951,05,Hà Giang,01,Thành phố Hà Giang,063,GDTX - HN tỉnh Hà Giang,"P. Minh Khai, TP Hà Giang",KV1,
952,05,Hà Giang,01,Thành phố Hà Giang,800,Học ở nước ngoài_05,"P.Nguyễn Trãi, TP Hà Giang",KV1,
953,05,Hà Giang,01,Thành phố Hà Giang,801,Trường THPT - Khu vực 1,,KV1,
954,05,Hà Giang,01,Thành phố Hà Giang,802,Trường THPT - KV2NT,,KV2-NT,
955,05,Hà Giang,01,Thành phố Hà Giang,803,Trường THPT - KV2,"P.Nguyễn Trãi, TP Hà Giang",KV1,
956,05,Hà Giang,01,Thành phố Hà Giang,804,Trường THPT - Khu vực 3,"P.Nguyễn Trãi, TP Hà Giang",KV1,
957,05,Hà Giang,01,Thành phố Hà Giang,900,"Quân nhân, Công an tại ngũ_05","P.Nguyễn Trãi, TP Hà Giang",KV1,
958,05,Hà Giang,02,Huyện Đồng Văn,026,THPT Đồng Văn,"TT. Đồng Văn, H. Đồng Văn",KV1,
959,05,Hà Giang,02,Huyện Đồng Văn,032,GDTX Đồng Văn,"TT. Đồng Văn, H. Đồng Văn",KV1,
960,05,Hà Giang,02,Huyện Đồng Văn,064,GDNN - GDTX Đồng Văn,"TT. Đồng Văn, H. Đồng Văn",KV1,
961,05,Hà Giang,02,Huyện Đồng Văn,078,PTDT nội trú THCS&THPT Đồng Văn,Thị trấn Đồng Văn,KV1,DTNT
962,05,Hà Giang,03,Huyện Mèo Vạc,017,THPT Mèo Vạc,"TT. Mèo Vạc, H. Mèo Vạc",KV1,
963,05,Hà Giang,03,Huyện Mèo Vạc,033,GDTX Mèo Vạc,"TT. Mèo Vạc, H. Mèo Vạc",KV1,
964,05,Hà Giang,03,Huyện Mèo Vạc,065,GDNN - GDTX Mèo Vạc,"Xã Tả Lủng, H. Mèo Vạc",KV1,
965,05,Hà Giang,03,Huyện Mèo Vạc,082,PTDT nội trú THCS&THPT Mèo Vạc,Thị trấn Mèo Vạc,KV1,DTNT
966,05,Hà Giang,04,Huyện Yên Minh,018,THPT Yên Minh,"TT. Yên Minh, H.Yên minh",KV1,
967,05,Hà Giang,04,Huyện Yên Minh,034,GDTX Yên Minh,"TT. Yên Minh, H. Yên Minh",KV1,
968,05,Hà Giang,04,Huyện Yên Minh,045,PT DTNT cấp 2-3 Yên Minh,"TT Yên Minh, H. Yên Minh",KV1,DTNT
969,05,Hà Giang,04,Huyện Yên Minh,051,THPT Mậu Duệ,"Xã Mậu Duệ, H. Yên Minh",KV1,
970,05,Hà Giang,04,Huyện Yên Minh,059,PTDT Nội trú THCS&THPT Yên Minh,"TT Yên Minh, H. Yên Minh",KV1,DTNT
971,05,Hà Giang,04,Huyện Yên Minh,066,GDNN - GDTX Yên Minh,"TT. Yên Minh, H. Yên Minh",KV1,
972,05,Hà Giang,05,Huyện Quản Bạ,019,THPT Quản Bạ,"TT. Tam Sơn, H.Quản Bạ",KV1,
973,05,Hà Giang,05,Huyện Quản Bạ,035,GDTX Quản Bạ,"TT. Tam Sơn, H. Quản Bạ",KV1,
974,05,Hà Giang,05,Huyện Quản Bạ,053,THPT Quyết Tiến,"Xã Quyết Tiến, H. Quản Bạ",KV1,
975,05,Hà Giang,05,Huyện Quản Bạ,067,GDNN - GDTX Quản Bạ,"TT. Tam Sơn, H. Quản Bạ",KV1,
976,05,Hà Giang,05,Huyện Quản Bạ,083,PTDT nội trú THCS&THPT Quản Bạ,Thị trấn Tam Sơn huyện Quản Bạ,KV1,DTNT
977,05,Hà Giang,06,Huyện Vị Xuyên,020,THPT Vị Xuyên,"TT. Vị Xuyên, H.Vị Xuyên",KV1,
978,05,Hà Giang,06,Huyện Vị Xuyên,021,THPT Việt Lâm,"TT. Việt Lâm, H.Vị Xuyên",KV1,
979,05,Hà Giang,06,Huyện Vị Xuyên,036,GDTX Vị Xuyên,"TT. Vị Xuyên, H. Vị Xuyên",KV1,
980,05,Hà Giang,06,Huyện Vị Xuyên,043,PT Cấp 2-3 Phương Tiến,"Xã Phương Tiến, H. Vị Xuyên",KV1,
981,05,Hà Giang,06,Huyện Vị Xuyên,048,THCS và THPT Linh Hồ,"Xã Linh Hồ, H. Vị Xuyên",KV1,
982,05,Hà Giang,06,Huyện Vị Xuyên,056,THCS&THPT Tùng Bá,"Xã Tùng Bá, H. Vị Xuyên",KV1,
983,05,Hà Giang,06,Huyện Vị Xuyên,062,THCS&THPT Phương Tiến,"Xã Phương Tiến, H. Vị Xuyên",KV1,
984,05,Hà Giang,06,Huyện Vị Xuyên,068,GDNN - GDTX Vị Xuyên,"TT. Vị Xuyên, H. Vị Xuyên",KV1,
985,05,Hà Giang,06,Huyện Vị Xuyên,076,PTDT nội trú THCS&THPT Vị Xuyên,Thị trấn Vị Xuyên,KV1,DTNT
986,05,Hà Giang,07,Huyện Bắc Mê,022,THPT Bắc Mê,"TT. Yên Phú, H.Bắc Mê",KV1,
987,05,Hà Giang,07,Huyện Bắc Mê,037,GDTX Bắc Mê,"TT. Bắc Mê, H. Bắc Mê",KV1,
988,05,Hà Giang,07,Huyện Bắc Mê,047,THCS và THPT Minh Ngọc,"Xã Minh Ngọc, H. Bắc Mê",KV1,
989,05,Hà Giang,07,Huyện Bắc Mê,069,GDNN - GDTX Bắc Mê,"TT. Bắc Mê, H. Bắc Mê",KV1,
990,05,Hà Giang,07,Huyện Bắc Mê,079,PTDT nội trú THCS&THPT Bắc Mê,Thị trấn Yên Phú,KV1,DTNT
991,05,Hà Giang,08,Huyện Hoàng Su Phì,023,THPT Hoàng Su Phì,"TT. Vinh Quang, H. Hoàng Su Phì",KV1,
992,05,Hà Giang,08,Huyện Hoàng Su Phì,038,GDTX Hoàng Su Phì,"TT. Vinh Quang, H. Hoàng Su Phì",KV1,
993,05,Hà Giang,08,Huyện Hoàng Su Phì,041,THPT Thông Nguyên,"Xã Thông Nguyên, H. Hoàng Su Phì",KV1,
994,05,Hà Giang,08,Huyện Hoàng Su Phì,061,THCS&THPT Thông Nguyên,"Xã Thông Nguyên, H. Hoàng Su Phì",KV1,
995,05,Hà Giang,08,Huyện Hoàng Su Phì,070,GDNN - GDTX Hoàng Su Phì,"TT. Vinh Quang, H. Hoàng Su Phì",KV1,
996,05,Hà Giang,08,Huyện Hoàng Su Phì,080,PTDT nội trú THCS&THPT Hoàng Su Phì,Thị trấn Vinh Quang,KV1,DTNT
997,05,Hà Giang,09,Huyện Xín Mần,024,THPT Xín Mần,"TT. Cốc Pài, H Xín Mần",KV1,
998,05,Hà Giang,09,Huyện Xín Mần,039,GDTX Xín Mần,"TT. Cốc Pài, H. Xín Mần",KV1,
999,05,Hà Giang,09,Huyện Xín Mần,049,THCS và THPT Nà Chì,"Xã Nà Chì, H. Xín Mần",KV1,
1000,05,Hà Giang,09,Huyện Xín Mần,057,THCS&THPT Xín Mần,"Xã Xín Mần, H. Xín Mần",KV1,
1001,05,Hà Giang,09,Huyện Xín Mần,071,GDNN - GDTX Xín Mần,"TT. Cốc Pài, H. Xín Mần",KV1,
1002,05,Hà Giang,09,Huyện Xín Mần,081,PTDT nội trú THCS&THPT Xín Mần,Thị Trấn Cốc Pài,KV1,
1003,05,Hà Giang,10,Huyện Bắc Quang,016,THPT Đồng Yên,"Xã Đồng Yên, H. Bắc Quang",KV1,
1004,05,Hà Giang,10,Huyện Bắc Quang,025,THPT Việt Vinh,"TT. Việt Quang, H. Bắc Quang",KV1,
1005,05,Hà Giang,10,Huyện Bắc Quang,028,THPT Hùng An,"Xã Hùng An, H. Bắc Quang",KV1,
1006,05,Hà Giang,10,Huyện Bắc Quang,029,THPT Liên Hiệp,"Xã Liên Hiệp, H. Bắc quang",KV1,
1007,05,Hà Giang,10,Huyện Bắc Quang,030,THPT Tân Quang,"Xã Tân Quang, H. Bắc quang",KV1,
1008,05,Hà Giang,10,Huyện Bắc Quang,040,GDTX Bắc Quang,"TT. Việt Quang, H. Bắc Quang",KV1,
1009,05,Hà Giang,10,Huyện Bắc Quang,046,PT DTNT cấp 2-3 Bắc Quang,"TT Việt Quang, H. Bắc Quang",KV1,DTNT
1010,05,Hà Giang,10,Huyện Bắc Quang,052,THPT Kim Ngọc,"Xã Kim Ngọc, H. Bắc Quang",KV1,
1011,05,Hà Giang,10,Huyện Bắc Quang,055,Trung cấp Nghề Bắc Quang,"Tổ 13, TT Việt Quang, H. Bắc Quang",KV1,
1012,05,Hà Giang,10,Huyện Bắc Quang,060,PTDT Nội trú THCS&THPT Bắc Quang,"TT Việt Quang, H. Bắc Quang",KV1,DTNT
1013,05,Hà Giang,10,Huyện Bắc Quang,072,GDNN - GDTX Bắc Quang,"TT. Việt Quang, H. Bắc Quang",KV1,
1014,05,Hà Giang,10,Huyện Bắc Quang,074,THCS&THPT Liên Hiệp,X. Liên Hiệp-H. Bắc Quang,KV1,
1015,05,Hà Giang,10,Huyện Bắc Quang,075,Trung cấp DTNT-GDTX Bắc Quang,Thị trấn Việt Quang - Bắc Quang - Hà Giang,KV1,
1016,05,Hà Giang,11,Huyện Quang Bình,027,THPT Xuân Giang,"Xã Xuân Giang, H.Quang Bình",KV1,
1017,05,Hà Giang,11,Huyện Quang Bình,042,GDTX Quang Bình,TT. Yên Bình - H. Quang Bình,KV1,
1018,05,Hà Giang,11,Huyện Quang Bình,044,THPT Quang Bình,TT. Yên Bình - H. Quang Bình,KV1,
1019,05,Hà Giang,11,Huyện Quang Bình,073,GDNN - GDTX Quang Bình,TT. Yên Bình - H. Quang Bình,KV1,
1020,05,Hà Giang,11,Huyện Quang Bình,077,PTDT nội trú THCS&THPT Quang Bình,Thị trấn Yên Bình,KV1,DTNT
1021,06,Cao Bằng,00,Sở Giáo dục và Đào tạo,800,Học ở nước ngoài_06,"035, Bế Văn Đàn, Hợp Giang, TP Cao Bằng",KV3,
1022,06,Cao Bằng,00,Sở Giáo dục và Đào tạo,900,"Quân nhân, Công an tại ngũ_06","035, Bế Văn Đàn, Hợp Giang, TP Cao Bằng",KV3,
1023,06,Cao Bằng,01,Thành phố Cao Bằng,000,Sở GD&ĐT Cao Bằng,"035, Bế Văn Đàn, P. Hợp Giang, TP Cao Bằng",KV1,
1024,06,Cao Bằng,01,Thành phố Cao Bằng,002,Phổ thông DTNT tỉnh Cao Bằng,"Tổ 2, phường Đề Thám, thành phố Cao Bằng",KV1,DTNT
1025,06,Cao Bằng,01,Thành phố Cao Bằng,003,THPT Thành phố Cao Bằng,"Phường Sông Bằng, Thành phố Cao Bằng",KV1,
1026,06,Cao Bằng,01,Thành phố Cao Bằng,004,THPT Chuyên Cao Bằng,"Phường Hòa Chung, Thành phố Cao Bằng",KV1,
1027,06,Cao Bằng,01,Thành phố Cao Bằng,005,TT GDNN-GDTX Thành phố Cao Bằng,"Phường Sông Bằng, Thành phố Cao Bằng",KV1,
1028,06,Cao Bằng,01,Thành phố Cao Bằng,006,TT KTTH-HN tỉnh Cao Bằng,"Phường Hợp Giang, Thành phố Cao Bằng",KV1,
1029,06,Cao Bằng,01,Thành phố Cao Bằng,028,THPT Cao Bình,"Xã Hưng Đạo, Thành phố Cao Bằng",KV1,
1030,06,Cao Bằng,01,Thành phố Cao Bằng,044,THPT Bế Văn Đàn,"Tổ 2, phường Sông Hiến, TP Cao Bằng",KV1,
1031,06,Cao Bằng,01,Thành phố Cao Bằng,058,Trung tâm Giáo dục thường xuyên tỉnh,"Tổ 1, phường Sông Hiến, TP Cao Bằng",KV1,
1032,06,Cao Bằng,01,Thành phố Cao Bằng,059,TC nghề Cao Bằng,"P. Sông Hiến, TP Cao Bẳng , Cao Bằng",KV1,
1033,06,Cao Bằng,01,Thành phố Cao Bằng,801,Trường THPT - Khu vực 1,,KV1,
1034,06,Cao Bằng,01,Thành phố Cao Bằng,802,Trường THPT - KV2NT,,KV2-NT,
1035,06,Cao Bằng,01,Thành phố Cao Bằng,803,Trường THPT - KV2,,KV2,
1036,06,Cao Bằng,01,Thành phố Cao Bằng,804,Trường THPT - Khu vực 3,,KV3,
1037,06,Cao Bằng,02,Huyện Bảo Lạc,008,THPT Bảo Lạc,"TT Bảo Lạc, Cao Bằng",KV1,
1038,06,Cao Bằng,02,Huyện Bảo Lạc,055,THPT Bản Ngà,"Huy Giáp, Bảo Lạc, Cao Bằng",KV1,
1039,06,Cao Bằng,02,Huyện Bảo Lạc,056,TT GDNN-GDTX Bảo Lạc,"TTr Bảo Lạc, Cao Bằng",KV1,
1040,06,Cao Bằng,03,Huyện Thông Nông,010,THPT Thông Nông (Trước 10/01/2020),"TTr Thông Nông, Cao Bằng",KV1,
1041,06,Cao Bằng,03,Huyện Thông Nông,053,TT GDNN-GDTX Thông Nông,"TTr Thông Nông, Cao Bằng",KV1,
1042,06,Cao Bằng,04,Huyện Hà Quảng,012,THPT Hà Quảng,"TTr Xuân Hoà, Hà Quảng, Cao Bằng",KV1,
1043,06,Cao Bằng,04,Huyện Hà Quảng,013,THPT Nà Giàng,"Nà Giàng, Hà Quảng, Cao Bằng",KV1,
1044,06,Cao Bằng,04,Huyện Hà Quảng,047,TT GDNN-GDTX Hà Quảng,"TTr Xuân Hoà, Hà Quảng, Cao Bằng",KV1,
1045,06,Cao Bằng,04,Huyện Hà Quảng,050,THPT Đàm Quang Trung,Thị trấn Xuân Hòa,KV1,
1046,06,Cao Bằng,04,Huyện Hà Quảng,054,THPT Lục Khu,"Xã Thượng Thôn, Hà Quảng, Cao Bằng",KV1,
1047,06,Cao Bằng,04,Huyện Hà Quảng,061,THPT Thông Nông (Từ 10/01/2020),"TTr Thông Nông, Hà Quảng, Cao Bằng",KV1,
1048,06,Cao Bằng,05,Huyện Trà Lĩnh,015,THPT Trà Lĩnh (Trước 01/3/2020),"TTr Hùng Quốc, Trà Lĩnh, Cao Bằng",KV1,
1049,06,Cao Bằng,05,Huyện Trà Lĩnh,016,THPT Quang Trung (Trước 01/3/2020),"Xã Quang Trung, Trà Lĩnh, Cao Bằng",KV1,
1050,06,Cao Bằng,05,Huyện Trà Lĩnh,046,TT GDNN-GDTX Trà Lĩnh,"TTr Hùng Quốc,Trà Lĩnh, Cao Bằng",KV1,
1051,06,Cao Bằng,06,Huyện Trùng Khánh,018,THPT Trùng Khánh,"TTr Trùng Khánh,Cao Bằng",KV1,
1052,06,Cao Bằng,06,Huyện Trùng Khánh,019,THPT Pò Tấu,"Xã Chí Viễn, Trùng Khánh, Cao Bằng",KV1,
1053,06,Cao Bằng,06,Huyện Trùng Khánh,020,THPT Thông Huề,"Xã Thông Huề, Trùng Khánh, Cao Bằng",KV1,
1054,06,Cao Bằng,06,Huyện Trùng Khánh,021,TT GDNN-GDTX Trùng Khánh,"TTr. Trùng Khánh, Cao Bằng",KV1,
1055,06,Cao Bằng,06,Huyện Trùng Khánh,062,THPT Trà Lĩnh (Từ 01/3/2020),"TTr Trà Lĩnh, Trùng Khánh, Cao Bằng",KV1,
1056,06,Cao Bằng,06,Huyện Trùng Khánh,063,THPT Quang Trung (Từ 01/3/2020),"Xã Quang Trung, Trùng Khánh, Cao Bằng",KV1,
1057,06,Cao Bằng,07,Huyện Nguyên Bình,023,THPT Nguyên Bình,"TT Nguyên Bình, Cao Bằng",KV1,
1058,06,Cao Bằng,07,Huyện Nguyên Bình,024,THPT Tĩnh Túc,"Tinh Túc, Nguyên Bình, Cao Bằng",KV1,
1059,06,Cao Bằng,07,Huyện Nguyên Bình,025,THPT Nà Bao,"Xã Lang Môn, Nguyên Bình, Cao Bằng",KV1,
1060,06,Cao Bằng,07,Huyện Nguyên Bình,052,TT GDNN-GDTX Nguyên Bình,"TTr Nguyên Bình, Cao Bằng",KV1,
1061,06,Cao Bằng,08,Huyện Hòa An,027,THPT Hoà An,"TTr Nước Hai, Hoà An, Cao Bằng",KV1,
1062,06,Cao Bằng,08,Huyện Hòa An,029,TT GDNN-GDTX Hoà An,"TTr Nước Hai, Hoà An, Cao Bằng",KV1,
1063,06,Cao Bằng,09,Huyện Quảng Uyên,031,THPT Quảng Uyên (Trước 01/3/2020),"TTr Quảng Uyên, Cao Bằng",KV1,
1064,06,Cao Bằng,09,Huyện Quảng Uyên,032,THPT Đống Đa (Trước 01/3/2020),"Xã Ngọc Động, Quảng Uyên",KV1,
1065,06,Cao Bằng,09,Huyện Quảng Uyên,033,TT GDNN-GDTX Quảng Uyên (Trước 01/3/2020),"TTr Quảng Uyên, Cao Bằng",KV1,
1066,06,Cao Bằng,10,Huyện Thạch An,035,THPT Thạch An,"TTr Đông Khê, Thạch An, Cao Bằng",KV1,
1067,06,Cao Bằng,10,Huyện Thạch An,036,THPT Canh Tân,"Xã Canh Tân, Thạch An , Cao Bằng",KV1,
1068,06,Cao Bằng,10,Huyện Thạch An,048,TT GDNN-GDTX Thạch An,"Xã Lê Lai (từ 04/6/2021), Thạch An, Cao Bằng",KV1,
1069,06,Cao Bằng,11,Huyện Hạ Lang,038,THPT Hạ Lang,"TTr Thanh Nhật, Hạ Lang, Cao Bằng",KV1,
1070,06,Cao Bằng,11,Huyện Hạ Lang,039,THPT Bằng Ca,"Xã Lý Quốc, Hạ Lang, Cao Bằng",KV1,
1071,06,Cao Bằng,11,Huyện Hạ Lang,051,TT GDNN-GDTX Hạ Lang,"TTr Thanh Nhật, Hạ Lang, Cao Bằng",KV1,
1072,06,Cao Bằng,12,Huyện Bảo Lâm,041,THPT Bảo Lâm,"TTr Pác Miầu, Bảo Lâm , Cao Bằng",KV1,
1073,06,Cao Bằng,12,Huyện Bảo Lâm,057,THPT Lý Bôn,"Xã Lý Bôn, Bảo Lâm, Cao Bằng",KV1,
1074,06,Cao Bằng,12,Huyện Bảo Lâm,060,TT GDNN-GDTX Bảo Lâm,"TTr Pác Miầu, Bảo Lâm , Cao Bằng",KV1,
1075,06,Cao Bằng,13,Huyện Phục Hòa,043,THPT Phục Hoà (Trước 01/3/2020),"TTr Hòa Thuận, Phục Hoà, Cao Bằng",KV1,
1076,06,Cao Bằng,13,Huyện Phục Hòa,045,THPT Cách Linh (Trước 01/3/2020),"Xã Cánh Linh, Phục Hoà, Cao Bằng",KV1,
1077,06,Cao Bằng,13,Huyện Phục Hòa,049,TT GDNN-GDTX Phục Hoà,"TTr Hòa Thuận, Phục Hoà, Cao Bằng",KV1,
1078,06,Cao Bằng,14,Huyện Quảng Hòa,064,THPT Quảng Uyên (Từ 01/3/2020),"TTr Quảng Uyên, Quảng Hòa, Cao Bằng",KV1,
1079,06,Cao Bằng,14,Huyện Quảng Hòa,065,THPT Đống Đa (Từ 01/3/2020),"Xã Ngọc Động, Quảng Hòa, Cao Bằng",KV1,
1080,06,Cao Bằng,14,Huyện Quảng Hòa,066,TT GDNN - GDTX Quảng Hòa,"TTr Quảng Uyên, Quảng Hòa, Cao Bằng",KV1,
1081,06,Cao Bằng,14,Huyện Quảng Hòa,067,THPT Phục Hòa (Từ 01/3/2020),"TTr Hòa Thuận, Quảng Hòa, Cao Bằng",KV1,
1082,06,Cao Bằng,14,Huyện Quảng Hòa,068,THPT Cách Linh (Từ 01/3/2020),"Xã Cách Linh, Quảng Hòa, Cao Bằng",KV1,
1083,07,Lai Châu,00,Sở Giáo dục và Đào tạo,800,Học ở nước ngoài_07,"Phường Tân Phong, TP Lai Châu, tỉnh Lai Châu",KV1,
1084,07,Lai Châu,01,Thành Phố Lai Châu,001,THPT chuyên Lê Quý Đôn,Phường Đông Phong -TP Lai Châu - tỉnh Lai Châu,KV1,
1085,07,Lai Châu,01,Thành Phố Lai Châu,002,THPT thành phố Lai Châu,Phường Đông Phong - TP Lai Châu - tỉnh Lai Châu,KV1,
1086,07,Lai Châu,01,Thành Phố Lai Châu,003,THPT Quyết Thắng,Xã Sùng Phài- TP Lai Châu - tỉnh Lai Châu,KV1,
1087,07,Lai Châu,01,Thành Phố Lai Châu,017,Phổ thông Dân tộc Nội trú tỉnh,Phường Quyết Thắng - TP Lai Châu - tỉnh Lai Châu,KV1,DTNT
1088,07,Lai Châu,01,Thành Phố Lai Châu,028,Trung tâm GDTX tỉnh Lai Châu,Phường Quyết Thắng - TP Lai Châu - tỉnh Lai Châu,KV1,
1089,07,Lai Châu,01,Thành Phố Lai Châu,035,Trung tâm GDTX - Hướng nghiệp tỉnh,Phường Quyết Thắng -TP Lai Châu - tỉnh Lai Châu,KV1,
1090,07,Lai Châu,01,Thành Phố Lai Châu,042,Trường Trung cấp nghề Lai Châu,Phường Quyết Thắng - TP Lai Châu - tỉnh Lai Châu,KV1,
1091,07,Lai Châu,01,Thành Phố Lai Châu,043,CĐ Cộng đồng Lai Châu,Phường Quyết Thắng-Thành Phố Lai Châu,KV1,
1092,07,Lai Châu,01,Thành Phố Lai Châu,044,Trường Trung cấp nghề dân tộc nội trú tỉnh Lai Châu,Phường Quyết Thắng - TP Lai Châu - tỉnh Lai Châu,KV1,DTNT
1093,07,Lai Châu,01,Thành Phố Lai Châu,047,Phổ thông DTNT THPT tỉnh Lai Châu,Phường Quyết Thắng,KV1,DTNT
1094,07,Lai Châu,01,Thành Phố Lai Châu,056,Cao đẳng Lai Châu,Phường Quyết Thắng,KV1,
1095,07,Lai Châu,01,Thành Phố Lai Châu,801,Trường THPT - Khu vực 1,,KV1,
1096,07,Lai Châu,01,Thành Phố Lai Châu,802,Trường THPT - KV2NT,,KV2-NT,
1097,07,Lai Châu,01,Thành Phố Lai Châu,803,Trường THPT - KV2,,KV2,
1098,07,Lai Châu,01,Thành Phố Lai Châu,804,Trường THPT - Khu vực 3,,KV3,
1099,07,Lai Châu,01,Thành Phố Lai Châu,900,"Quân nhân, Công an tại ngũ_07","Phường Tân Phong, TP Lai Châu, tỉnh Lai Châu",KV1,
1100,07,Lai Châu,02,Huyện Tam Đường,004,THPT Bình Lư,TT Tam Đường - huyện Tam Đường- Lai Châu,KV1,
1101,07,Lai Châu,02,Huyện Tam Đường,023,PTDTNT huyện Tam Đường,TT Tam Đường - huyện Tam Đường - tỉnh Lai Châu,KV1,DTNT
1102,07,Lai Châu,02,Huyện Tam Đường,029,Trung tâm GDTX huyện Tam Đường,TT Tam Đường - huyện Tam Đường - tỉnh Lai Châu,KV1,
1103,07,Lai Châu,02,Huyện Tam Đường,036,Trung tâm GD nghề nghiệp - GD thường xuyên huyện Tam Đường,xã Bình Lư - huyện Tam Đường - tỉnh Lai Châu,KV1,
1104,07,Lai Châu,02,Huyện Tam Đường,049,Phổ thông DTNT THPT huyện Tam Đường,thị trấn Tam Đường,KV1,DTNT
1105,07,Lai Châu,03,Huyện Phong Thổ,005,THPT Phong Thổ,TT Phong Thổ - huyện Phong Thổ - tỉnh Lai Châu,KV1,
1106,07,Lai Châu,03,Huyện Phong Thổ,006,THPT Mường So (Trước ngày 16/12/2019),Xã Mường So - huyện Phong Thổ - huyện Lai Châu,KV1,
1107,07,Lai Châu,03,Huyện Phong Thổ,007,THPT Dào San,Xã Dào San - huyện Phong Thổ - tỉnh Lai Châu,KV1,
1108,07,Lai Châu,03,Huyện Phong Thổ,025,PTDTNT huyện Phong Thổ,TT Phong Thổ - huyện Phong Thổ - tỉnh Lai Châu,KV1,DTNT
1109,07,Lai Châu,03,Huyện Phong Thổ,030,Trung tâm GDTX huyện Phong Thổ,TT Phong Thổ - huyện Phong Thổ - tỉnh Lai Châu,KV1,
1110,07,Lai Châu,03,Huyện Phong Thổ,037,Trung tâm GD nghề nghiệp - GD thường xuyên huyện Phong Thổ,TT Phong Thổ - huyện Phong Thổ - tỉnh Lai Châu,KV1,
1111,07,Lai Châu,03,Huyện Phong Thổ,052,Phổ thông DTNT THPT huyện Phong Thổ,thị trấn Phong Thổ,KV1,DTNT
1112,07,Lai Châu,04,Huyện Sìn Hồ,008,THPT Sìn Hồ,TT Sìn Hồ - huyện Sìn Hồ - tỉnh Lai Châu,KV1,
1113,07,Lai Châu,04,Huyện Sìn Hồ,009,THPT Nậm Tăm,Xã Nậm Tăm - huyện Sìn Hồ - tỉnh Lai Châu,KV1,
1114,07,Lai Châu,04,Huyện Sìn Hồ,019,PTDTNT huyện Sìn Hồ,TT Sìn Hồ - huyện Sìn Hồ - tỉnh Lai Châu,KV1,DTNT
1115,07,Lai Châu,04,Huyện Sìn Hồ,021,DTNT THPT huyện Sìn Hồ,TT Sìn Hồ - huyện Sìn Hồ - tỉnh Lai Châu,KV1,DTNT
1116,07,Lai Châu,04,Huyện Sìn Hồ,031,Trung tâm GDTX huyện Sìn Hồ,Xã Phăng Xô Lin - huyện Sìn Hồ - tỉnh Lai Châu,KV1,
1117,07,Lai Châu,04,Huyện Sìn Hồ,038,Trung tâm GD nghề nghiệp - GD thường xuyên huyện Sìn Hồ,Xã Phăng Xô Lin - huyện Sìn Hồ - tỉnh Lai Châu,KV1,
1118,07,Lai Châu,04,Huyện Sìn Hồ,053,Phổ thông DTNT THPT huyện Sìn Hồ,thị trấn Sìn Hồ,KV1,DTNT
1119,07,Lai Châu,05,Huyện Mường Tè,010,THPT Mường Tè,TT Mường Tè - huyện Mường Tè - tỉnh Lai Châu,KV1,
1120,07,Lai Châu,05,Huyện Mường Tè,018,THPT Dân tộc nội trú Ka Lăng,Xã Ka Lăng - huyện Mường Tè - tỉnh Lai Châu,KV1,DTNT
1121,07,Lai Châu,05,Huyện Mường Tè,027,PTDTNT huyện Mường Tè,TT Mường Tè - huyện Mường Tè - tỉnh Lai Châu,KV1,DTNT
1122,07,Lai Châu,05,Huyện Mường Tè,032,Trung tâm GDTX huyện Mường Tè,TT Mường Tè - huyện Mường Tè - tỉnh Lai Châu,KV1,
1123,07,Lai Châu,05,Huyện Mường Tè,039,Trung tâm GD nghề nghiệp - GD thường xuyên huyện Mường Tè,TT Mường Tè - huyện Mường Tè - tỉnh Lai Châu,KV1,
1124,07,Lai Châu,05,Huyện Mường Tè,048,Phổ thông DTNT THPT Ka Lăng huyện Mường Tè,Xã Ka Lăng,KV1,DTNT
1125,07,Lai Châu,05,Huyện Mường Tè,055,Phổ thông DTNT THPT huyện Mường Tè,thị trấn Mường Tè,KV1,DTNT
1126,07,Lai Châu,06,Huyện Than Uyên,011,THPT Than Uyên,TT Than Uyên - huyện Than Uyên - tỉnh Lai Châu,KV1,
1127,07,Lai Châu,06,Huyện Than Uyên,012,THPT Mường Than,Xã Phúc Than - huyện Than Uyên - tỉnh Lai Châu,KV1,
1128,07,Lai Châu,06,Huyện Than Uyên,013,THPT Mường Kim,Xã Mường Kim - huyện Than Uyên - tỉnh Lai Châu,KV1,
1129,07,Lai Châu,06,Huyện Than Uyên,020,PTDTNT huyện Than Uyên,TT Than Uyên - huyện Than Uyên - tỉnh Lai Châu,KV1,DTNT
1130,07,Lai Châu,06,Huyện Than Uyên,022,DTNT THPT huyện Than Uyên,TT Than Uyên - huyện Than Uyên - tỉnh Lai Châu,KV1,DTNT
1131,07,Lai Châu,06,Huyện Than Uyên,033,Trung tâm GDTX huyện Than Uyên,TT Than Uyên - huyện Than Uyên - tỉnh Lai Châu,KV1,
1132,07,Lai Châu,06,Huyện Than Uyên,040,Trung tâm GD nghề nghiệp - GD thường xuyên huyện Than Uyên,TT Than Uyên - huyện Than Uyên - tỉnh Lai Châu,KV1,
1133,07,Lai Châu,06,Huyện Than Uyên,051,Phổ thông DTNT THPT huyện Than Uyên,thị trấn Than Uyên,KV1,DTNT
1134,07,Lai Châu,07,Huyện Tân Uyên,014,THPT Tân Uyên,TT Tân Uyên - huyện Tân Uyên tỉnh Lai Châu,KV1,
1135,07,Lai Châu,07,Huyện Tân Uyên,015,THPT Trung Đồng (Trước ngày 16/12/2019),Xã Trung Đồng - huyện Tân Uyên - tỉnh Lai Châu,KV1,
1136,07,Lai Châu,07,Huyện Tân Uyên,026,PTDTNT huyện Tân Uyên,TT Tân Uyên - huyện Tân Uyên - tỉnh Lai Châu,KV1,DTNT
1137,07,Lai Châu,07,Huyện Tân Uyên,034,Trung tâm GDTX huyện Tân Uyên,TT Tân Uyên - huyện Tân Uyên - tỉnh Lai Châu,KV1,
1138,07,Lai Châu,07,Huyện Tân Uyên,041,Trung tâm GD nghề nghiệp - GD thường xuyên huyện Tân Uyên,TT Tân Uyên - Tân Uyên - tỉnh Lai Châu,KV1,
1139,07,Lai Châu,07,Huyện Tân Uyên,050,Phổ thông DTNT THPT huyện Tân Uyên,thị trấn Tân Uyên,KV1,DTNT
1140,07,Lai Châu,08,Huyện Nậm Nhùn,016,THPT Nậm Nhùn,Thị trấn Nậm Nhùn - huyện Nậm Nhùn - tỉnh Lai Châu,KV1,
1141,07,Lai Châu,08,Huyện Nậm Nhùn,024,DTNT THPT huyện Nậm Nhùn,TT Nậm Nhùn - huyện Nậm Nhùn - tỉnh Lai Châu,KV1,DTNT
1142,07,Lai Châu,08,Huyện Nậm Nhùn,046,Trung tâm GDNN-GDTX huyện Nậm Nhùn,"TT Nậm Nhùn huyện Nậm Nhùn, tỉnh Lai Châu",KV1,
1143,07,Lai Châu,08,Huyện Nậm Nhùn,054,Phổ thông DTNT THPT huyện Nậm Nhùn,thị trấn Nậm Nhùn,KV1,DTNT
1144,08,Lào Cai,00,Sở Giáo dục và Đào tạo,800,Học ở nước ngoài_08,Sở Lào Cai,KV3,
1145,08,Lào Cai,00,Sở Giáo dục và Đào tạo,900,"Quân nhân, Công an tại ngũ_08",Sở Lào Cai,KV3,
1146,08,Lào Cai,01,Huyện Bảo Thắng,001,THPT số 1 huyện Bảo Thắng (Trước 01/3/2020),Thị trấn Phố Lu - huyện Bảo Thắng,KV1,
1147,08,Lào Cai,01,Huyện Bảo Thắng,002,THPT số 2 huyện Bảo Thắng,Xã Xuân Giao - huyện Bảo Thắng,KV1,
1148,08,Lào Cai,01,Huyện Bảo Thắng,003,THPT số 3 huyện Bảo Thắng (trước 4/6/2021),Thị trấn Phong Hải - huyện Bảo Thắng,KV1,
1149,08,Lào Cai,01,Huyện Bảo Thắng,033,TT DN&GDTX huyện Bảo Thắng,Thị trấn Phố Lu - huyện Bảo Thắng,KV1,
1150,08,Lào Cai,01,Huyện Bảo Thắng,043,TT GDTX huyện Bảo Thắng,Thị trấn Phố Lu - huyện Bảo Thắng,KV1,
1151,08,Lào Cai,01,Huyện Bảo Thắng,055,PTDTNT THCS&THPT huyện Bảo Thắng (Trước 01/3/2020),Thị trấn Phố Lu - huyện Bảo Thắng,KV1,
1152,08,Lào Cai,01,Huyện Bảo Thắng,062,TT GDNN-GDTX huyện Bảo Thắng (Trước 01/3/2020),Thị trấn Phố Lu - huyện Bảo Thắng,KV1,
1153,08,Lào Cai,01,Huyện Bảo Thắng,079,THPT số 1 huyện Bảo Thắng (Từ 01/3/2020),Thị trấn Phố Lu - huyện Bảo Thắng,KV1,
1154,08,Lào Cai,01,Huyện Bảo Thắng,080,PTDTNT THCS&THPT huyện Bảo Thắng (Từ 01/3/2020),Thị trấn Phố Lu - huyện Bảo Thắng,KV1,
1155,08,Lào Cai,01,Huyện Bảo Thắng,082,TT GDNN-GDTX huyện Bảo Thắng (Từ 01/3/2020),Thị trấn Phố Lu - huyện Bảo Thắng,KV1,
1156,08,Lào Cai,01,Huyện Bảo Thắng,083,THPT số 3 huyện Bảo Thắng (từ 04/6/2021),Thị trấn Phong Hải - huyện Bảo Thắng,KV1,
1157,08,Lào Cai,01,Huyện Bảo Thắng,801,Trường THPT - Khu vực 1,,KV1,
1158,08,Lào Cai,01,Huyện Bảo Thắng,802,Trường THPT - KV2NT,,KV2-NT,
1159,08,Lào Cai,01,Huyện Bảo Thắng,803,Trường THPT - KV2,,KV2,
1160,08,Lào Cai,01,Huyện Bảo Thắng,804,Trường THPT - Khu vực 3,,KV3,
1161,08,Lào Cai,02,Huyện Bảo Yên,004,THPT số 1 huyện Bảo Yên,Thị trấn Phố Ràng - huyện Bảo Yên,KV1,
1162,08,Lào Cai,02,Huyện Bảo Yên,005,THPT số 2 huyện Bảo Yên,Xã Bảo Hà - huyện Bảo Yên,KV1,
1163,08,Lào Cai,02,Huyện Bảo Yên,006,THPT số 3 huyện Bảo Yên,Xã Nghĩa Đô - huyện Bảo Yên,KV1,
1164,08,Lào Cai,02,Huyện Bảo Yên,034,TT DN&GDTX huyện Bảo Yên,Thị trấn Phố Ràng - huyện Bảo Yên,KV1,
1165,08,Lào Cai,02,Huyện Bảo Yên,044,TT GDTX huyện Bảo Yên,Thị trấn Phố Ràng - huyện Bảo Yên,KV1,
1166,08,Lào Cai,02,Huyện Bảo Yên,056,PTDTNT THCS&THPT huyện Bảo Yên,Thị trấn Phố Ràng - huyện Bảo Yên,KV1,
1167,08,Lào Cai,02,Huyện Bảo Yên,063,TT GDNN-GDTX huyện Bảo Yên,Thị trấn Phố Ràng - huyện Bảo Yên,KV1,
1168,08,Lào Cai,03,Huyện Bát Xát,007,THPT số 1 huyện Bát Xát,Thị trấn Bát Xát - huyện Bát Xát,KV1,
1169,08,Lào Cai,03,Huyện Bát Xát,008,THPT số 2 huyện Bát Xát,Xã Bản Vược - huyện Bát Xát,KV1,
1170,08,Lào Cai,03,Huyện Bát Xát,009,THCS và THPT huyện Bát Xát,Xã Mường Hum - huyện Bát Xát,KV1,
1171,08,Lào Cai,03,Huyện Bát Xát,035,TT DN&GDTX huyện Bát Xát,Thị trấn Bát Xát - huyện Bát Xát,KV1,
1172,08,Lào Cai,03,Huyện Bát Xát,045,TT GDTX huyện Bát Xát,Thị trấn Bát Xát - huyện Bát Xát,KV1,
1173,08,Lào Cai,03,Huyện Bát Xát,057,PTDTNT THCS&THPT huyện Bát Xát,Thị trấn Bát Xát - huyện Bát Xát,KV1,
1174,08,Lào Cai,03,Huyện Bát Xát,064,TT GDNN-GDTX huyện Bát Xát,Thị trấn Bát Xát - huyện Bát Xát,KV1,
1175,08,Lào Cai,03,Huyện Bát Xát,087,THPT số 2 huyện Bát Xát (từ 16/9/2021),Xã Bản Vược - Bát Xát,KV1,
1176,08,Lào Cai,04,Huyện Bắc Hà,010,THPT số 1 huyện Bắc Hà,Thị trấn Bắc Hà - huyện Bắc Hà,KV1,
1177,08,Lào Cai,04,Huyện Bắc Hà,011,THPT số 2 huyện Bắc Hà,Xã Bảo Nhai - huyện Bắc Hà,KV1,
1178,08,Lào Cai,04,Huyện Bắc Hà,012,PTDTNT THCS&THPT huyện Bắc Hà,Thị trấn Bắc Hà - huyện Bắc Hà,KV1,
1179,08,Lào Cai,04,Huyện Bắc Hà,036,TT DN&GDTX huyện Bắc Hà,Xã Na Hối - huyện Bắc Hà,KV1,
1180,08,Lào Cai,04,Huyện Bắc Hà,046,TT GDTX huyện Bắc Hà,Xã Na Hối - huyện Bắc Hà,KV1,
1181,08,Lào Cai,04,Huyện Bắc Hà,065,TT GDNN-GDTX huyện Bắc Hà,Xã Na Hối - huyện Bắc Hà,KV1,
1182,08,Lào Cai,05,Thành phố Lào Cai,013,THPT số 1 Tp Lào Cai,Phường Cốc Lếu - Tp. Lào Cai,KV1,
1183,08,Lào Cai,05,Thành phố Lào Cai,014,THPT số 2 Tp Lào Cai,Phường Bình Minh - Tp. Lào Cai,KV1,
1184,08,Lào Cai,05,Thành phố Lào Cai,015,THPT số 3 Tp Lào Cai,Phường Duyên Hải - Tp. Lào Cai,KV1,
1185,08,Lào Cai,05,Thành phố Lào Cai,016,THPT số 4 Tp Lào Cai,Xã Cam Đường - Tp. Lào Cai,KV1,
1186,08,Lào Cai,05,Thành phố Lào Cai,017,THPT DTNT tỉnh,Phường Kim Tân -Tp. Lào Cai,KV1,
1187,08,Lào Cai,05,Thành phố Lào Cai,018,THPT Chuyên tỉnh Lào Cai,Phường Bắc Cường - TP. Lào Cai,KV1,
1188,08,Lào Cai,05,Thành phố Lào Cai,037,TT DN&GDTX TP Lào Cai,Phường Nam Cường - TP. Lào Cai,KV1,
1189,08,Lào Cai,05,Thành phố Lào Cai,038,TT KTTH-HNDN&GDTX tỉnh,Phường Kim Tân - Tp. Lào Cai,KV1,
1190,08,Lào Cai,05,Thành phố Lào Cai,047,TT GDTX số 1 TP Lào Cai,Phường Duyên Hải - Tp. Lào Cai,KV1,
1191,08,Lào Cai,05,Thành phố Lào Cai,048,TT GDTX số 2 TP Lào Cai,Phường Thống Nhất - Tp. Lào Cai,KV1,
1192,08,Lào Cai,05,Thành phố Lào Cai,053,CĐ nghề tỉnh Lào Cai,Phường Bắc Cường - Tp. Lào Cai,KV1,
1193,08,Lào Cai,05,Thành phố Lào Cai,054,Trung cấp Y tế Lào Cai,Phường Bắc Cường - Tp. Lào Cai,KV1,
1194,08,Lào Cai,05,Thành phố Lào Cai,059,CĐ Cộng đồng Lào Cai,Phường Nam Cường - TP. Lào Cai,KV1,
1195,08,Lào Cai,05,Thành phố Lào Cai,060,Cao Đẳng Sư Phạm Lào Cai,Phường Bình Minh - Tp. Lào Cai,KV1,
1196,08,Lào Cai,05,Thành phố Lào Cai,061,Trường TC Văn hóa Nghệ thuật và Du lịch Lào Cai,Phường Cốc Lếu - TP. Lào Cai,KV1,
1197,08,Lào Cai,05,Thành phố Lào Cai,066,TT GDNN-GDTX thành phố Lào Cai,Phường Nam Cường - TP. Lào Cai,KV1,
1198,08,Lào Cai,05,Thành phố Lào Cai,071,Cao đẳng Lào Cai,"Đường M9, Phường Bắc Cường, Thành Phố Lào Cai, Tỉnh Lào Cai",KV1,
1199,08,Lào Cai,05,Thành phố Lào Cai,085,TT GDNN-GDTX thị xã Sa Pa (Học tại trường Cao Đẳng Lào Cai),Phường Bắc Cường - TP Lào Cai,KV2,
1200,08,Lào Cai,05,Thành phố Lào Cai,088,THPT số 1 Tp Lào Cai (từ 04/6/2021),Phường Cốc Lếu - Tp. Lào Cai,KV2,
1201,08,Lào Cai,05,Thành phố Lào Cai,089,THPT số 2 Tp Lào Cai (từ 04/6/2021),Phường Xuân Tăng - Tp. Lào Cai,KV2,
1202,08,Lào Cai,05,Thành phố Lào Cai,090,THPT số 3 Tp Lào Cai (từ 04/6/2021),Phường Duyên Hải - TP Lào Cai,KV2,
1203,08,Lào Cai,05,Thành phố Lào Cai,091,THPT DTNT tỉnh (từ 04/6/2021),Phường Kim Tân - Tp. Lào Cai,KV2,DTNT
1204,08,Lào Cai,05,Thành phố Lào Cai,092,THPT Chuyên tỉnh Lào Cai (từ 04/6/2021),Phường Bắc Cường - TP Lào Cai,KV2,
1205,08,Lào Cai,05,Thành phố Lào Cai,093,TT KTTH-HNDN&GDTX tỉnh (từ 04/6/2021),Phường Kim Tân - TP Lào Cai,KV2,
1206,08,Lào Cai,05,Thành phố Lào Cai,094,TT GDNN-GDTX thành phố Lào Cai (từ 04/6/2021)),Phường Nam Cường - TP Lào Cai,KV2,
1207,08,Lào Cai,05,Thành phố Lào Cai,095,Cao đẳng Lào Cai (từ 04/6/2021),"Phường Bắc Cường, TP Lào Cai",KV2,
1208,08,Lào Cai,06,Huyện Mường Khương,019,THPT số 1 huyện Mường Khương,Thị trấn Mường Khương - huyện Mường Khương,KV1,
1209,08,Lào Cai,06,Huyện Mường Khương,020,THPT số 2 huyện Mường Khương,Xã Bản Lầu - huyện Mường Khương,KV1,
1210,08,Lào Cai,06,Huyện Mường Khương,021,THPT số 3 huyện Mường Khương,Xã Cao Sơn - huyện Mường Khương,KV1,
1211,08,Lào Cai,06,Huyện Mường Khương,022,PTDTNT THCS&THPT huyện Mường Khương,Thị trấn Mường Khương - huyện Mường Khương,KV1,
1212,08,Lào Cai,06,Huyện Mường Khương,039,TT DN&GDTX huyện Mường Khương,Thị trấn Mường Khương - huyện Mường Khương,KV1,
1213,08,Lào Cai,06,Huyện Mường Khương,049,TT GDTX huyện Mường Khương,Thị trấn Mường Khương - huyện Mường Khương,KV1,
1214,08,Lào Cai,06,Huyện Mường Khương,067,TT GDNN-GDTX huyện Mường Khương,Thị trấn Mường Khương - huyện Mường Khương,KV1,
1215,08,Lào Cai,07,Huyện Sa Pa (Trước 01/01/2020),023,THPT số 1 huyện Sa Pa,Thị trấn Sa Pa - huyện Sa Pa (Trước ngày 01/01/2020),KV1,
1216,08,Lào Cai,07,Huyện Sa Pa (Trước 01/01/2020),024,THPT số 2 huyện Sa Pa,Xã Bản Hồ - huyện Sa Pa,KV1,
1217,08,Lào Cai,07,Huyện Sa Pa (Trước 01/01/2020),025,PTDTNT THCS&THPT huyện Sa Pa (Trước 01/01/2020),Thị trấn Sa Pa - huyện Sa Pa (Trước ngày 01/01/2020),KV1,
1218,08,Lào Cai,07,Huyện Sa Pa (Trước 01/01/2020),040,TT DN&GDTX huyện Sa Pa,Thị trấn Sa Pa - huyện Sa Pa,KV1,
1219,08,Lào Cai,07,Huyện Sa Pa (Trước 01/01/2020),050,TT GDTX huyện Sa Pa,Thị trấn Sa Pa - huyện Sa Pa,KV1,
1220,08,Lào Cai,07,Huyện Sa Pa (Trước 01/01/2020),068,TT GDNN-GDTX huyện Sa Pa,Thị trấn Sa Pa - huyện Sa Pa,KV1,
1221,08,Lào Cai,08,Huyện Si Ma Cai,026,THPT số 1 huyện Si Ma Cai (Trước 01/3/2020),Xã Si Ma Cai - huyện Si Ma Cai (Trước ngà 01/03/2020),KV1,
1222,08,Lào Cai,08,Huyện Si Ma Cai,027,THPT số 2 huyện Si Ma Cai,Xã Sín Chéng - huyện Si ma cai,KV1,
1223,08,Lào Cai,08,Huyện Si Ma Cai,028,PTDTNT THCS&THPT huyện Si Ma Cai (Trước 01/3/2020),Xã Si Ma Cai - huyện Si Ma Cai (Trước ngày 01/3/2020),KV1,
1224,08,Lào Cai,08,Huyện Si Ma Cai,041,TT DN&GDTX huyện Si Ma Cai,Xã Si Ma Cai - huyện Si Ma Cai (Trước ngày 01/3/2020),KV1,
1225,08,Lào Cai,08,Huyện Si Ma Cai,051,TT GDTX huyện Si Ma Cai,Xã Si Ma Cai - huyện Si Ma Cai (Trước ngày 01/3/2020),KV1,
1226,08,Lào Cai,08,Huyện Si Ma Cai,069,TT GDNN-GDTX huyện Si Ma Cai (Trước 01/3/2020),Xã Si Ma Cai - huyện Si Ma Cai (Trước ngày 01/3/2020),KV1,
1227,08,Lào Cai,08,Huyện Si Ma Cai,073,THPT số 1 huyện Si Ma Cai (Từ 01/3/2020),Thị trấn Si Ma Cai - Huyện Si Ma Cai,KV1,
1228,08,Lào Cai,08,Huyện Si Ma Cai,074,PTDTNT THCS&THPT huyện Si Ma Cai (Từ 01/3/2020),Thị trấn Si Ma Cai - huyện Si Ma Cai,KV1,
1229,08,Lào Cai,08,Huyện Si Ma Cai,075,TT GDNN-GDTX huyện Si Ma Cai (Từ 01/3/2020),Thị trấn Si Ma Cai - huyện Si Ma Cai,KV1,
1230,08,Lào Cai,09,Huyện Văn Bàn,029,THPT số 1 huyện Văn Bàn,Thị trấn Khánh Yên - huyện Văn Bàn,KV1,
1231,08,Lào Cai,09,Huyện Văn Bàn,030,THPT số 2 huyện Văn Bàn,Xã Võ Lao - huyện Văn Bàn,KV1,
1232,08,Lào Cai,09,Huyện Văn Bàn,031,THPT số 3 huyện Văn Bàn,Xã Dương Quỳ - huyện Văn Bàn,KV1,
1233,08,Lào Cai,09,Huyện Văn Bàn,032,THPT số 4 huyện Văn Bàn,Khánh Yên Hạ - huyện Văn Bàn,KV1,
1234,08,Lào Cai,09,Huyện Văn Bàn,042,TT DN&GDTX huyện Văn Bàn,Thị trấn Khánh Yên - huyện Văn Bàn,KV1,
1235,08,Lào Cai,09,Huyện Văn Bàn,052,TT GDTX huyện Văn Bàn,Thị trấn Khánh Yên - huyện Văn Bàn,KV1,
1236,08,Lào Cai,09,Huyện Văn Bàn,058,PTDTNT THCS&THPT huyện Văn Bàn,Thị trấn Khánh Yên - huyện Văn Bàn,KV1,
1237,08,Lào Cai,09,Huyện Văn Bàn,070,TT GDNN-GDTX huyện Văn Bàn,Thị trấn Khánh Yên - huyện Văn Bàn,KV1,
1238,08,Lào Cai,09,Huyện Văn Bàn,096,THPT số 2 huyện Văn Bàn (từ 04/6/2021),Xã Võ Lao - huyện Văn Bàn,KV1,
1239,08,Lào Cai,10,Thị xã Sa Pa (Từ 01/01/2020),072,THPT số 1 Thị xã Sa Pa,Phường Phan Si Păng (Từ 01/01/2020),KV1,
1240,08,Lào Cai,10,Thị xã Sa Pa (Từ 01/01/2020),076,THPT số 2 thị xã Sa Pa,Xã Bản Hồ - Thị Xã Sa Pa,KV1,
1241,08,Lào Cai,10,Thị xã Sa Pa (Từ 01/01/2020),077,PTDTNT THCS&THPT thị xã Sa Pa,Phường Phan Si Păng - Thị xã Sa Pa,KV1,
1242,08,Lào Cai,10,Thị xã Sa Pa (Từ 01/01/2020),078,TT GDNN-GDTX thị xã Sa Pa (Từ 01/01/2020 đến 01/9/2020),Phường Sa Pả - thị xã Sa Pa,KV1,
1243,08,Lào Cai,10,Thị xã Sa Pa (Từ 01/01/2020),081,THPT số 1 thị xã Sa Pa (Hệ GDTX),"Phường Phan Si Păng, thị xã Sa Pa",KV1,
1244,08,Lào Cai,10,Thị xã Sa Pa (Từ 01/01/2020),084,TT GDNN-GDTX thị xã Sa Pa (từ 9/2021 đến 01/9/2023),Phường Sa Pả - thị xã Sa Pa,KV1,
1245,09,Tuyên Quang,00,Sở Giáo dục và Đào tạo,800,Học ở nước ngoài_09,,KV3,
1246,09,Tuyên Quang,00,Sở Giáo dục và Đào tạo,900,"Quân nhân, Công an tại ngũ_09",,KV3,
1247,09,Tuyên Quang,01,Thành phố Tuyên Quang,008,Trường Phổ thông Dân tộc nội trú THPT tỉnh Tuyên Quang,"Ph. Nông Tiến, TP.Tuyên Quang, tỉnh Tuyên Quang",KV1,DTNT
1248,09,Tuyên Quang,01,Thành phố Tuyên Quang,009,THPT Chuyên tỉnh (Trước 20/11/2024),"Ph. Minh Xuân, TP.Tuyên Quang, tỉnh Tuyên Quang",KV1,
1249,09,Tuyên Quang,01,Thành phố Tuyên Quang,010,THPT Tân Trào (Trước 04/6/2021),"Ph. Tân Quang, TP.Tuyên Quang, tỉnh Tuyên Quang",KV1,
1250,09,Tuyên Quang,01,Thành phố Tuyên Quang,011,THPT Ỷ La (Trước 04/6/2021),"Ph.Tân Hà, TP.Tuyên Quang, tỉnh Tuyên Quang",KV1,
1251,09,Tuyên Quang,01,Thành phố Tuyên Quang,012,THPT Nguyễn Văn Huyên (Trước 04/6/2021),"Phường An Tường, TP.Tuyên Quang, tỉnh Tuyên Quang",KV1,
1252,09,Tuyên Quang,01,Thành phố Tuyên Quang,013,THPT Sông Lô,"xã Đội Cấn, TP.Tuyên Quang, tỉnh Tuyên Quang",KV1,
1253,09,Tuyên Quang,01,Thành phố Tuyên Quang,014,Trung tâm GDTX-HN tỉnh (Trước 04/6/2021),"Ph. Tân Quang, TP.Tuyên Quang, tỉnh Tuyên Quang",KV1,
1254,09,Tuyên Quang,01,Thành phố Tuyên Quang,059,THPT Tân Trào (Từ 04/6/2021),"Ph. Tân Quang, TP.Tuyên Quang, tỉnh Tuyên Quang",KV2,
1255,09,Tuyên Quang,01,Thành phố Tuyên Quang,060,THPT Ỷ La (Từ 04/6/2021),"Ph.Tân Hà, TP.Tuyên Quang, tỉnh Tuyên Quang",KV2,
1256,09,Tuyên Quang,01,Thành phố Tuyên Quang,061,THPT Nguyễn Văn Huyên (Từ 04/6/2021),"Phường An Tường, TP.Tuyên Quang, tỉnh Tuyên Quang",KV2,
1257,09,Tuyên Quang,01,Thành phố Tuyên Quang,062,Trung tâm GDTX-HN tỉnh (Từ 04/6/2021),"Ph. Tân Quang, TP.Tuyên Quang, tỉnh Tuyên Quang",KV2,
1258,09,Tuyên Quang,01,Thành phố Tuyên Quang,068,Trung tâm Giáo dục thường xuyên tỉnh Tuyên Quang,"Ph. Tân Quang, TP.Tuyên Quang, tỉnh Tuyên Quang",KV2,
1259,09,Tuyên Quang,01,Thành phố Tuyên Quang,070,THPT Chuyên Tuyên Quang (Từ 20/11/2024),"Ph.Tân Hà, TP.Tuyên Quang, tỉnh Tuyên Quang",KV2,
1260,09,Tuyên Quang,01,Thành phố Tuyên Quang,801,Trường THPT - Khu vực 1,,KV1,
1261,09,Tuyên Quang,01,Thành phố Tuyên Quang,802,Trường THPT - KV2NT,,KV2-NT,
1262,09,Tuyên Quang,01,Thành phố Tuyên Quang,803,Trường THPT - KV2,,KV2,
1263,09,Tuyên Quang,01,Thành phố Tuyên Quang,804,Trường THPT - Khu vực 3,,KV3,
1264,09,Tuyên Quang,02,Huyện Lâm Bình,015,THPT Thượng Lâm,"Xã Thượng Lâm, H. Lâm Bình, Tuyên Quang",KV1,
1265,09,Tuyên Quang,02,Huyện Lâm Bình,037,THPT Lâm Bình,"Xã Lăng Can, H.Lâm Bình, Tuyên Quang",KV1,
1266,09,Tuyên Quang,02,Huyện Lâm Bình,045,Trung tâm GDNN-GDTX huyện Lâm Bình,"Thị trấn Lăng Can, huyện Lâm Bình, tỉnh Tuyên Quang",KV1,
1267,09,Tuyên Quang,02,Huyện Lâm Bình,046,THCS và THPT Thượng Lâm,"Xã Thượng Lâm, H. Lâm Bình, Tuyên Quang",KV1,
1268,09,Tuyên Quang,02,Huyện Lâm Bình,051,THPT Minh Quang,"Xã Minh Quang, huyện Lâm Bình, tỉnh Tuyên Quang",KV1,
1269,09,Tuyên Quang,02,Huyện Lâm Bình,071,Trường Phổ thông DTNT THCS- THPT huyện Lâm Bình,"Thị trấn Lăng Can, huyện Lâm Bình",KV1,DTNT
1270,09,Tuyên Quang,03,Huyện Na Hang,016,THPT Na Hang,"TT Na Hang, H. Na Hang, Tuyên Quang",KV1,
1271,09,Tuyên Quang,03,Huyện Na Hang,017,THPT Yên Hoa,"Xã Yên Hoa, Na Hang, Tuyên Quang",KV1,
1272,09,Tuyên Quang,03,Huyện Na Hang,041,Trung tâm GDNN-GDTX huyện Na Hang,"Tổ 15, thị trấn Na Hang",KV1,
1273,09,Tuyên Quang,03,Huyện Na Hang,048,Phổ thông DTNT THCS và THPT huyện Na Hang,"Thị trấn Na Hang, huyện Na Hang, tỉnh Tuyên Quang",KV1,DTNT
1274,09,Tuyên Quang,04,Huyện Chiêm Hóa,018,THPT Chiêm Hóa,"TT. Vĩnh Lộc, H. Chiêm Hóa, Tuyên Quang",KV1,
1275,09,Tuyên Quang,04,Huyện Chiêm Hóa,019,THPT Kim Bình,"Xã Kim Bình, H. Chiêm Hóa, Tuyên Quang",KV1,
1276,09,Tuyên Quang,04,Huyện Chiêm Hóa,020,THPT Minh Quang,"Xã Minh Quang, H. Chiêm Hóa, Tuyên Quang",KV1,
1277,09,Tuyên Quang,04,Huyện Chiêm Hóa,021,THPT Hà Lang,"Xã Hà Lang, H.Chiêm Hóa, Tuyên Quang",KV1,
1278,09,Tuyên Quang,04,Huyện Chiêm Hóa,022,THPT Đầm Hồng,"Xã Ngọc Hội, H.Chiêm Hóa, Tuyên Quang",KV1,
1279,09,Tuyên Quang,04,Huyện Chiêm Hóa,023,THPT Hòa Phú (Trước 09/12/2024),"Xã Hòa Phú, H. Chiêm Hóa, Tuyên Quang",KV1,
1280,09,Tuyên Quang,04,Huyện Chiêm Hóa,039,Trung tâm dậy nghề huyện Chiêm Hóa,"Xã Xuân Quang, H. Chiêm Hóa, Tuyên Quang",KV1,
1281,09,Tuyên Quang,04,Huyện Chiêm Hóa,040,Trung tâm GDNN-GDTX huyện Chiêm Hóa,"Xã Xuân Quang, H. Chiêm Hóa, Tuyên Quang",KV1,
1282,09,Tuyên Quang,04,Huyện Chiêm Hóa,049,Phổ thông DTNT THCS và THPT huyện Chiêm Hóa,"Thị trấn Vĩnh Lộc, huyện Chiêm Hóa, tỉnh Tuyên Quang",KV1,DTNT
1283,09,Tuyên Quang,04,Huyện Chiêm Hóa,066,THCS và THPT Hà Lang,Xã Hà Lang,KV1,
1284,09,Tuyên Quang,04,Huyện Chiêm Hóa,069,THCS và THPT Hòa Phú (Từ 09/12/2024),"Xã Hòa Phú, H. Chiêm Hóa, Tuyên Quang",KV1,
1285,09,Tuyên Quang,05,Huyện Hàm Yên,024,THPT Hàm Yên,"TT. Tân Yên, H. Hàm Yên, Tuyên Quang",KV1,
1286,09,Tuyên Quang,05,Huyện Hàm Yên,025,THPT Phù Lưu,"Xã Phù Lưu, Hàm Yên, Tuyên Quang",KV1,
1287,09,Tuyên Quang,05,Huyện Hàm Yên,026,THPT Thái Hòa,"Xã Thái Hòa, Hàm Yên, Tuyên Quang",KV1,
1288,09,Tuyên Quang,05,Huyện Hàm Yên,042,Trung tâm GDNN-GDTX huyện Hàm Yên,Xã Tân Thành,KV1,
1289,09,Tuyên Quang,05,Huyện Hàm Yên,050,Phổ thông DTNT THCS và THPT huyện Hàm Yên,"Thị trấn Tân Yên, huyện Hàm Yên, tỉnh Tuyên Quang",KV1,DTNT
1290,09,Tuyên Quang,06,Huyện Yên Sơn,027,THPT Xuân Huy (Trước 04/6/2021),"Xã Trung Môn, Yên Sơn, Tuyên Quang",KV1,
1291,09,Tuyên Quang,06,Huyện Yên Sơn,028,THPT Trung Sơn,"Xã Trung Sơn, Yên Sơn, Tuyên Quang",KV1,
1292,09,Tuyên Quang,06,Huyện Yên Sơn,029,THPT Xuân Vân,"Xã Xuân Vân, Yên Sơn, Tuyên Quang",KV1,
1293,09,Tuyên Quang,06,Huyện Yên Sơn,030,THPT Tháng 10,"Xã Mỹ Bằng, Yên Sơn, Tuyên Quang",KV1,
1294,09,Tuyên Quang,06,Huyện Yên Sơn,044,Phổ thông Tuyên Quang (Trước 04/6/2021),"Km6, xã Trung Môn, huyện Yên Sơn, Tuyên Quang",KV1,
1295,09,Tuyên Quang,06,Huyện Yên Sơn,063,THPT Xuân Huy (Từ 04/6/2021),"Xã Trung Môn, Yên Sơn, Tuyên Quang",KV2-NT,
1296,09,Tuyên Quang,06,Huyện Yên Sơn,065,Phổ thông Tuyên Quang (Từ 04/6/2021),"Xã Trung Môn, Yên Sơn, Tuyên Quang",KV2-NT,
1297,09,Tuyên Quang,06,Huyện Yên Sơn,067,Trung tâm GDNN-GDTX huyện Yên Sơn,Tổ dân phố Trầm Ân,KV1,
1298,09,Tuyên Quang,07,Huyện Sơn Dương,031,THPT Sơn Dương,"TT. Sơn Dương, H. Sơn Dương, Tuyên Quang",KV1,
1299,09,Tuyên Quang,07,Huyện Sơn Dương,032,THPT Kim Xuyên (Trước 04/6/2021),"Xã Hồng Lạc, Sơn Dương, Tuyên Quang",KV1,
1300,09,Tuyên Quang,07,Huyện Sơn Dương,033,THPT ATK Tân Trào,"Xã Minh Thanh, Sơn Dương, Tuyên Quang",KV1,
1301,09,Tuyên Quang,07,Huyện Sơn Dương,034,THPT Đông Thọ,"Xã Đông Thọ, Sơn Dương, Tuyên Quang",KV1,
1302,09,Tuyên Quang,07,Huyện Sơn Dương,035,THPT Kháng Nhật,"Xã Kháng Nhật, Sơn Dương, Tuyên Quang",KV1,
1303,09,Tuyên Quang,07,Huyện Sơn Dương,036,THPT Sơn Nam,"Xã Sơn Nam, Sơn Dương, Tuyên Quang",KV1,
1304,09,Tuyên Quang,07,Huyện Sơn Dương,038,Phổ thông Dân tộc nội trú ATK Sơn Dương,"Xã Minh Thanh, H. Sơn Dương, Tuyên Quang",KV1,DTNT
1305,09,Tuyên Quang,07,Huyện Sơn Dương,043,Trung tâm GDNN-GDTX huyện Sơn Dương,Tổ Dân phố An Kỳ,KV1,
1306,09,Tuyên Quang,07,Huyện Sơn Dương,047,THCS và THPT Kháng Nhật,"Xã Kháng Nhật, Sơn Dương, Tuyên Quang",KV1,
1307,09,Tuyên Quang,07,Huyện Sơn Dương,064,THPT Kim Xuyên (Từ 04/6/2021),"Xã Hồng Lạc, Sơn Dương, Tuyên Quang",KV2-NT,
1308,10,Lạng Sơn,00,Sở Giáo dục và Đào tạo,800,Học ở nước ngoài_10,,KV3,
1309,10,Lạng Sơn,00,Sở Giáo dục và Đào tạo,900,"Quân nhân, Công an tại ngũ_10",,KV3,
1310,10,Lạng Sơn,01,Thành phố Lạng Sơn,001,THPT Việt Bắc,"Số 72, đường Phai Vệ, P. Đông Kinh, TP Lạng Sơn, tỉnh Lạng Sơn",KV1,
1311,10,Lạng Sơn,01,Thành phố Lạng Sơn,002,THPT Chuyên Chu Văn An,P. Đông Kinh- TP Lạng Sơn,KV1,
1312,10,Lạng Sơn,01,Thành phố Lạng Sơn,003,THPT DT Nội trú tỉnh,"Xã Mai Pha, TP Lạng Sơn, tỉnh Lạng Sơn",KV1,DTNT
1313,10,Lạng Sơn,01,Thành phố Lạng Sơn,004,Cao đẳng nghề Lạng Sơn,"Xã Hoàng Đồng, TP Lạng Sơn, tỉnh Lạng Sơn",KV1,
1314,10,Lạng Sơn,01,Thành phố Lạng Sơn,005,TT GDTX 1 tỉnh,"Đường Ba Sơn, P. Tam Thanh, TP Lạng Sơn.",KV1,
1315,10,Lạng Sơn,01,Thành phố Lạng Sơn,006,THPT DL Ngô Thì Sỹ,"Ph. Vĩnh Trại, TP Lạng Sơn, tỉnh Lạng Sơn",KV1,
1316,10,Lạng Sơn,01,Thành phố Lạng Sơn,040,THPT Hoàng Văn Thụ,Số 55- Đường Tổ Sơn- P. Chi Lăng- TP Lạng Sơn,KV1,
1317,10,Lạng Sơn,01,Thành phố Lạng Sơn,051,TC Văn hóa Nghệ thuật Lạng Sơn,"phường Tam Thanh, thành phố Lạng Sơn",KV1,
1318,10,Lạng Sơn,01,Thành phố Lạng Sơn,072,"TT GDTX, Tin học và Ngoại ngữ tỉnh Lạng Sơn","Đường Ba Sơn, P. Tam Thanh, TP Lạng Sơn.",KV1,
1319,10,Lạng Sơn,01,Thành phố Lạng Sơn,801,Trường THPT - Khu vực 1,,KV1,
1320,10,Lạng Sơn,01,Thành phố Lạng Sơn,802,Trường THPT - KV2NT,,KV2-NT,
1321,10,Lạng Sơn,01,Thành phố Lạng Sơn,803,Trường THPT - KV2,,KV2,
1322,10,Lạng Sơn,01,Thành phố Lạng Sơn,804,Trường THPT - Khu vực 3,,KV3,
1323,10,Lạng Sơn,02,Huyện Tràng Định,007,THPT Tràng Định,"Số 197, đường Hoàng Văn thụ, TT Thất Khê, H.Tràng Định",KV1,
1324,10,Lạng Sơn,02,Huyện Tràng Định,008,TT GDNN-GDTX Tràng Định,"Thôn Khuổi Sao, xã Chi Lăng, huyện Tràng Định",KV1,
1325,10,Lạng Sơn,02,Huyện Tràng Định,009,THPT Bình Độ,"Thôn Nà Nạ, Xã Quốc Việt, H. Tràng Định",KV1,
1326,10,Lạng Sơn,02,Huyện Tràng Định,041,TT GDTX Tràng Định,"Số 197, đường Hoàng Văn thụ, Thất Khê, Tràng Định",KV1,
1327,10,Lạng Sơn,02,Huyện Tràng Định,055,THCS-THPT Bình Độ,"Thôn Nà Nạ, Xã Quốc Việt, H. Tràng Định",KV1,
1328,10,Lạng Sơn,02,Huyện Tràng Định,058,PTDTNT THCS-THPT Tràng Định,"Thôn Khòn Cà, xã Đại Đồng, H. Tràng Định",KV1,DTNT
1329,10,Lạng Sơn,02,Huyện Tràng Định,061,TT GDNN-GDTX Tràng Định,"Thôn Khuổi Sao, xã Chi Lăng, huyện Tràng Định",KV1,
1330,10,Lạng Sơn,03,Huyện Bình Gia,010,THPT Bình Gia,"Khu phố Pá Nim, TTr. Bình Gia, H. Bình Gia, tỉnh Lạng Sơn",KV1,
1331,10,Lạng Sơn,03,Huyện Bình Gia,011,TT GDNN-GDTX Bình Gia,"Thôn Pá Nim, TTr. Bình Gia, H. Bình Gia, tỉnh Lạng Sơn",KV1,
1332,10,Lạng Sơn,03,Huyện Bình Gia,012,THPT Pác Khuông,"Thôn Pác Khuông, xã Thiện Thuật, H. Bình Gia, LS",KV1,
1333,10,Lạng Sơn,03,Huyện Bình Gia,042,TT GDTX Bình Gia,"Thôn Pá Nim, xã Tô Hiệu, H. Bình Gia, Lạng Sơn",KV1,
1334,10,Lạng Sơn,03,Huyện Bình Gia,054,TT GDNN-GDTX Bình Gia,"Nà Pái, xã Tân Văn, Bình Gia, Lạng Sơn",KV1,
1335,10,Lạng Sơn,03,Huyện Bình Gia,056,PTDTNT THCS-THPT Bình Gia,"Thôn Pá Nim, TTr. Bình Gia, H. Bình Gia",KV1,DTNT
1336,10,Lạng Sơn,04,Huyện Văn Lãng,013,THPT Văn Lãng,"TTr. Na Sầm, H. Văn Lãng, tỉnh Lạng Sơn",KV1,
1337,10,Lạng Sơn,04,Huyện Văn Lãng,014,TT GDNN-GDTX Văn Lãng,"TTr. Na Sầm, H. Văn Lãng, tỉnh Lạng Sơn",KV1,
1338,10,Lạng Sơn,04,Huyện Văn Lãng,043,TT GDTX Văn Lãng,Tân Hội - Tân Lang - Văn Lãng - Lạng Sơn,KV1,
1339,10,Lạng Sơn,04,Huyện Văn Lãng,060,THPT Hội Hoan,"Xã Hội Hoan, H. Văn Lãng, tỉnh Lạng Sơn",KV1,
1340,10,Lạng Sơn,04,Huyện Văn Lãng,062,THPT Văn Lãng,"TTr. Na Sầm, H. Văn Lãng, tỉnh Lạng Sơn",KV1,
1341,10,Lạng Sơn,04,Huyện Văn Lãng,063,TT GDNN-GDTX Văn Lãng,"TTr. Na Sầm, H. Văn Lãng, tỉnh Lạng Sơn",KV1,
1342,10,Lạng Sơn,04,Huyện Văn Lãng,073,PT DTNT THCS&THPT huyện Văn Lãng,"Khu 5, TTr Na Sầm, Văn Lãng, Lạng Sơn",KV1,DTNT
1343,10,Lạng Sơn,05,Huyện Bắc Sơn,015,THPT Bắc Sơn,"TTr. Bắc Sơn, H. Bắc Sơn, Lạng Sơn",KV1,
1344,10,Lạng Sơn,05,Huyện Bắc Sơn,016,THPT Vũ Lễ,"Xã Vũ Lễ, H. Bắc Sơn, Tỉnh Lạng Sơn",KV1,
1345,10,Lạng Sơn,05,Huyện Bắc Sơn,017,TT GDNN-GDTX Bắc Sơn,"Thôn Hợp Thành, TT Bắc Sơn, H. Bắc Sơn",KV1,
1346,10,Lạng Sơn,05,Huyện Bắc Sơn,044,TT GDTX Bắc Sơn,"Khu Hoàng Văn Thụ, TT Bắc Sơn, tỉnh Lạng Sơn",KV1,
1347,10,Lạng Sơn,05,Huyện Bắc Sơn,074,PT DTNT THCS&THPT huyện Bắc Sơn,"Thị trấn Bắc Sơn, Bắc Sơn, Lạng Sơn",KV1,DTNT
1348,10,Lạng Sơn,06,Huyện Văn Quan,018,THPT Lương Văn Tri,"TTr. Văn Quan, H. Văn Quan, Lạng Sơn",KV1,
1349,10,Lạng Sơn,06,Huyện Văn Quan,019,THPT Văn Quan,"Phố Điềm He 2, xã Điềm He, H. Văn Quan, tỉnh Lạng Sơn",KV1,
1350,10,Lạng Sơn,06,Huyện Văn Quan,020,TT GDNN-GDTX Văn Quan,"Phố Thanh Xuân, TTr. Văn Quan, H. Văn Quan, tỉnh Lạng Sơn",KV1,
1351,10,Lạng Sơn,06,Huyện Văn Quan,045,TT GDTX Văn Quan,Phố Tân Xuân-TTr. Văn Quan-H. Văn Quan,KV1,
1352,10,Lạng Sơn,06,Huyện Văn Quan,067,THPT Lương Văn Tri,"TTr. Văn Quan, H. Văn Quan, Lạng Sơn",KV1,
1353,10,Lạng Sơn,06,Huyện Văn Quan,068,TT GDNN-GDTX Văn Quan,"Phố Thanh Xuân, TTr. Văn Quan, H. Văn Quan, tỉnh Lạng Sơn",KV1,
1354,10,Lạng Sơn,06,Huyện Văn Quan,071,PT DTNT THCS&THPT huyện Văn Quan,"phố Đức Tâm, thị trấn Văn Quan, H. Văn Quan, tỉnh Lạng Sơn",KV1,DTNT
1355,10,Lạng Sơn,07,Huyện Cao Lộc,021,THPT Đồng Đăng,"Khu Hoàng V.Thụ, T.trấn Đồng Đăng, H. Cao Lộc",KV1,
1356,10,Lạng Sơn,07,Huyện Cao Lộc,022,THPT Cao Lộc,"Khối 3, TTr. Cao Lộc, H. Cao Lộc, tỉnh Lạng Sơn",KV1,
1357,10,Lạng Sơn,07,Huyện Cao Lộc,023,TT GDNN-GDTX Cao Lộc,"Số 23, đường Mỹ Sơn, khối 6, TTr. Cao Lộc, H. Cao Lộc, tỉnh Lạng Sơn",KV1,
1358,10,Lạng Sơn,07,Huyện Cao Lộc,039,THPT Ba Sơn,"Xã Cao Lâu, H. Cao Lộc, tỉnh Lạng Sơn",KV1,
1359,10,Lạng Sơn,07,Huyện Cao Lộc,046,TT GDTX Cao Lộc,"Số 79 đường Mỹ Sơn, khối 6 TTr. Cao Lộc, Cao Lộc",KV1,
1360,10,Lạng Sơn,07,Huyện Cao Lộc,069,PT DTNT THCS&THPT huyện Cao Lộc,"thôn Cổ Lương, xã Gia Cát, H. Cao Lộc, tỉnh Lạng Sơn",KV1,DTNT
1361,10,Lạng Sơn,08,Huyện Lộc Bình,024,THPT Lộc Bình,"TTr. Lộc Bình, H. Lộc Bình, Lạng Sơn",KV1,
1362,10,Lạng Sơn,08,Huyện Lộc Bình,025,THPT Na Dương,"Khu 7+9, TTr. Na Dương, H. Lộc Bình, tỉnh Lạng Sơn",KV1,
1363,10,Lạng Sơn,08,Huyện Lộc Bình,026,TT GDNN-GDTX Lộc Bình,Khu Phiêng Quăn-TT Lộc Bình-H Lộc Bình,KV1,
1364,10,Lạng Sơn,08,Huyện Lộc Bình,035,THPT Tú Đoạn,"Thôn Dinh Chùa, xã Tú Đoạn, H. Lộc Bình",KV1,
1365,10,Lạng Sơn,08,Huyện Lộc Bình,047,TT GDTX Lộc Bình,Khu Phiêng Quăn-TT Lộc Bình-H Lộc Bình,KV1,
1366,10,Lạng Sơn,08,Huyện Lộc Bình,057,PTDTNT THCS-THPT Lộc Bình,Khu Chộc Vằng-TT Lộc Bình-H Lộc Bình,KV1,DTNT
1367,10,Lạng Sơn,08,Huyện Lộc Bình,064,THPT Tú Đoạn,"Thôn Dinh Chùa, xã Tú Đoạn, H. Lộc Bình",KV1,
1368,10,Lạng Sơn,09,Huyện Chi Lăng,027,THPT Chi Lăng,"Khu Hòa Bình, TTr. Đồng Mỏ, Chi Lăng",KV1,
1369,10,Lạng Sơn,09,Huyện Chi Lăng,028,THPT Hòa Bình,"Thôn Pa Ràng- Xã Hòa Bình-H.Chi Lăng, Lạng Sơn.",KV1,
1370,10,Lạng Sơn,09,Huyện Chi Lăng,029,TT GDNN-GDTX Chi Lăng,"Than Muội, TTr. Đồng Mỏ, H.Chi Lăng, Lạng Sơn.",KV1,
1371,10,Lạng Sơn,09,Huyện Chi Lăng,036,THPT Đồng Bành,"TTr Chi Lăng, H. Chi Lăng, tỉnh Lạng Sơn",KV1,
1372,10,Lạng Sơn,09,Huyện Chi Lăng,048,TT GDTX Chi Lăng,"TTr. Đồng Mỏ, H.Chi Lăng, Lạng Sơn.",KV1,
1373,10,Lạng Sơn,09,Huyện Chi Lăng,052,TT GDNN-GDTX Chi Lăng,"TTr. Đồng Mỏ, H.Chi Lăng, T.Lạng Sơn",KV1,
1374,10,Lạng Sơn,09,Huyện Chi Lăng,053,TT GDNN-GDTX Chi Lăng,"Than Muội, xã Quang Lang, Chi Lăng, Lạng Sơn",KV1,
1375,10,Lạng Sơn,09,Huyện Chi Lăng,070,PT DTNT THCS&THPT huyện Chi Lăng,"khu Ga Bắc, thị trấn Đồng Mỏ, H. Chi Lăng, tỉnh Lạng Sơn",KV1,DTNT
1376,10,Lạng Sơn,10,Huyện Đình Lập,030,THPT Đình Lập,"TTr. Đình Lập, H. Đình Lập, Lạng Sơn",KV1,
1377,10,Lạng Sơn,10,Huyện Đình Lập,031,TT GDNN-GDTX Đình Lập,"Khu 8, TTr. Đình Lập, H. Đình Lập, Lạng Sơn",KV1,
1378,10,Lạng Sơn,10,Huyện Đình Lập,049,TT GDTX Đình Lập,"Khu 8, TTr. Đình Lập, H. Đình Lập, Lạng Sơn",KV1,
1379,10,Lạng Sơn,10,Huyện Đình Lập,065,THPT Đình Lập,"TTr. Đình Lập, H. Đình Lập, Lạng Sơn",KV1,
1380,10,Lạng Sơn,10,Huyện Đình Lập,066,TT GDNN-GDTX Đình Lập,"Khu 8, TTr. Đình Lập, H. Đình Lập, Lạng Sơn",KV1,
1381,10,Lạng Sơn,10,Huyện Đình Lập,075,PT DTNT THCS&THPT huyện Đình Lập,"Khu 8, TTr Đình Lập, Đình Lập, Lạng Sơn",KV1,DTNT
1382,10,Lạng Sơn,11,Huyện Hữu Lũng,032,THPT Hữu Lũng,"Số 123 Đ.Xương Giang,TTr Hữu Lũng, H. Hữu Lũng",KV1,
1383,10,Lạng Sơn,11,Huyện Hữu Lũng,033,THPT Vân Nham,"Xã Vân Nham, H. Hữu Lũng, tỉnh Lạng Sơn",KV1,
1384,10,Lạng Sơn,11,Huyện Hữu Lũng,034,TT GDTX 2 tỉnh,"Khu Dốc Mới 1, TTr Hữu Lũng, H. Hữu Lũng, tỉnh Lạng Sơn",KV1,
1385,10,Lạng Sơn,11,Huyện Hữu Lũng,037,CĐ Nghề Công nghệ và Nông Lâm Đông Bắc,"Xã Minh Sơn, H. Hữu Lũng, tỉnh Lạng Sơn",KV1,
1386,10,Lạng Sơn,11,Huyện Hữu Lũng,038,THPT Tân Thành,"Xã Tân Thành, H. Hữu Lũng, tỉnh Lạng Sơn",KV1,
1387,10,Lạng Sơn,11,Huyện Hữu Lũng,050,CĐ Công nghệ và Nông lâm Đông Bắc,"xã Minh Sơn, huyện Hữu Lũng, tỉnh Lạng Sơn",KV1,
1388,10,Lạng Sơn,11,Huyện Hữu Lũng,059,THPT DL Hữu Lũng,"Khu Tân Lập, TTr. Hữu Lũng, H. Hữu Lũng",KV1,
1389,10,Lạng Sơn,11,Huyện Hữu Lũng,076,PT DTNT THCS&THPT huyện Hữu Lũng,"Khu Na Đâu, TTr Hữu Lũng, Hữu Lũng, Lạng Sơn",KV1,DTNT
1390,11,Bắc Kạn,00,Sở Giáo dục và Đào tạo,800,Học ở nước ngoài_11,"Phường Phùng Chí Kiên, thành phố Bắc Kạn, tỉnh Bắc Kạn",KV3,
1391,11,Bắc Kạn,00,Sở Giáo dục và Đào tạo,900,"Quân nhân, Công an tại ngũ_11",,KV3,
1392,11,Bắc Kạn,01,Thành phố Bắc Kạn,009,THPT Bắc Kạn,"Phường Sông Cầu, thành phố Bắc Kạn, tỉnh Bắc Kạn",KV1,
1393,11,Bắc Kạn,01,Thành phố Bắc Kạn,014,Trường PT DTNT tỉnh Bắc Kạn,"Phường Sông Cầu, thành phố Bắc Kạn, tỉnh Bắc Kạn",KV1,DTNT
1394,11,Bắc Kạn,01,Thành phố Bắc Kạn,019,THPT Chuyên Bắc Kạn,"Phường Sông Cầu, thành phố Bắc Kạn, tỉnh Bắc Kạn",KV1,
1395,11,Bắc Kạn,01,Thành phố Bắc Kạn,021,TT GDTX tỉnh (trước 2018),"Phường Nguyễn Thị Minh Khai, thành phố Bắc Kạn, tỉnh Bắc Kạn",KV1,
1396,11,Bắc Kạn,01,Thành phố Bắc Kạn,022,THPT Dân lập Hùng Vương,"Phường Phùng Chí Kiên, thành phố Bắc Kạn, tỉnh Bắc Kạn",KV1,
1397,11,Bắc Kạn,01,Thành phố Bắc Kạn,025,TT Kỹ thuật TH-HN Bắc Kạn (trước 2018),"Phường Sông Cầu, thành phố Bắc Kạn, tỉnh Bắc Kạn",KV1,
1398,11,Bắc Kạn,01,Thành phố Bắc Kạn,027,TC nghề Bắc Kạn,"Phường Phùng Chí Kiên, thành phố Bắc Kạn, tỉnh Bắc Kạn",KV1,
1399,11,Bắc Kạn,01,Thành phố Bắc Kạn,034,CĐ Nghề Dân tộc Nội trú Bắc Kạn,"Phường Phùng Chí Kiên, thành phố Bắc Kạn, tỉnh Bắc Kạn",KV1,
1400,11,Bắc Kạn,01,Thành phố Bắc Kạn,042,TT GDTX-GDHN Bắc Kạn,"Phường Nguyễn Thị Minh Khai, TP Bắc Kạn, tỉnh Bắc Kạn",KV1,
1401,11,Bắc Kạn,01,Thành phố Bắc Kạn,048,Cao đẳng Bắc Kạn,"Phường Phùng Chí Kiên, thành phố Bắc Kạn, tỉnh Bắc Kạn",KV1,
1402,11,Bắc Kạn,01,Thành phố Bắc Kạn,049,TT GDTX tỉnh Bắc Kạn,"Phường Nguyễn Thị Minh Khai, TP Bắc Kạn, tỉnh Bắc Kạn",KV1,
1403,11,Bắc Kạn,01,Thành phố Bắc Kạn,053,PTDTNT THPT tỉnh Bắc Kạn,"Phường Sông Cầu, thành phố Bắc Kạn, tỉnh Bắc Kạn",KV1,DTNT
1404,11,Bắc Kạn,01,Thành phố Bắc Kạn,801,Trường THPT - Khu vực 1,,KV1,
1405,11,Bắc Kạn,01,Thành phố Bắc Kạn,802,Trường THPT - KV2NT,,KV2-NT,
1406,11,Bắc Kạn,01,Thành phố Bắc Kạn,803,Trường THPT - KV2,,KV2,
1407,11,Bắc Kạn,01,Thành phố Bắc Kạn,804,Trường THPT - Khu vực 3,,KV3,
1408,11,Bắc Kạn,02,Huyện Chợ Đồn,010,THPT Chợ Đồn,"Thị trấn Bằng Lũng, huyện Chợ Đồn, tỉnh Bắc Kạn",KV1,
1409,11,Bắc Kạn,02,Huyện Chợ Đồn,024,THPT Bình Trung,"Xã Bình Trung, huyện Chợ Đồn, tỉnh Bắc Kạn",KV1,
1410,11,Bắc Kạn,02,Huyện Chợ Đồn,030,"TT GDTX-DN H. Chợ Đồn, tỉnh Bắc Kạn","Thị trấn Bằng Lũng, huyện Chợ Đồn, tỉnh Bắc Kạn",KV1,
1411,11,Bắc Kạn,02,Huyện Chợ Đồn,035,"TT GDNN-GDTX H. Chợ Đồn, tỉnh Bắc Kạn","Thị trấn Bằng Lũng, huyện Chợ Đồn, tỉnh Bắc Kạn",KV1,
1412,11,Bắc Kạn,02,Huyện Chợ Đồn,050,THCS&THPT Bình Trung,"Xã Bình Trung, huyện Chợ Đồn, tỉnh Bắc Kạn",KV1,
1413,11,Bắc Kạn,03,Huyện Bạch Thông,017,THPT Phủ Thông (Trước 01/02/2020),"Thị trấn Phủ Thông, huyện Bạch Thông, tỉnh Bắc Kạn",KV1,
1414,11,Bắc Kạn,03,Huyện Bạch Thông,033,"TT GDTX H. Bạch Thông, tỉnh Bắc Kạn","Thị trấn Phủ Thông, huyện Bạch Thông, tỉnh Bắc Kạn",KV1,
1415,11,Bắc Kạn,03,Huyện Bạch Thông,036,"TT GDNN-GDTX H. Bạch Thông, tỉnh Bắc Kạn (Trước 01/02/2020)","Thị trấn Phủ Thông, huyện Bạch Thông, tỉnh Bắc Kạn",KV1,
1416,11,Bắc Kạn,03,Huyện Bạch Thông,046,THPT Phủ Thông (Từ 01/02/2020),"Thị trấn Phủ Thông, huyện Bạch Thông, tỉnh Bắc Kạn",KV1,
1417,11,Bắc Kạn,03,Huyện Bạch Thông,047,"TT GDNN-GDTX H. Bạch Thông, tỉnh Bắc Kạn (Từ 01/02/2020)","Thị trấn Phủ Thông, huyện Bạch Thông, tỉnh Bắc Kạn",KV1,
1418,11,Bắc Kạn,04,Huyện Na Rì,012,THPT Na Rì,"Thị trấn Yến Lạc, huyện Na Rì, tỉnh Bắc Kạn",KV1,
1419,11,Bắc Kạn,04,Huyện Na Rì,031,"TT GDTX H. Na Rì, tỉnh Bắc Kạn","Thị trấn Yến Lạc, huyện Na Rì, tỉnh Bắc Kạn",KV1,
1420,11,Bắc Kạn,04,Huyện Na Rì,037,"TT GDNN-GDTX H. Na Rì, tỉnh Bắc Kạn","Thị trấn Yến Lạc, huyện Na Rì, tỉnh Bắc Kạn",KV1,
1421,11,Bắc Kạn,05,Huyện Ngân Sơn,013,THPT Ngân Sơn,"Xã Vân Tùng, huyện Ngân Sơn, tỉnh Bắc Kạn",KV1,
1422,11,Bắc Kạn,05,Huyện Ngân Sơn,015,THCS&THPT Nà Phặc,"Thị trấn Nà Phặc, huyện Ngân Sơn, tỉnh Bắc Kạn",KV1,
1423,11,Bắc Kạn,05,Huyện Ngân Sơn,028,"TT GDTX H. Ngân Sơn, tỉnh Bắc Kạn","Xã Vân Tùng, huyện Ngân Sơn, tỉnh Bắc Kạn",KV1,
1424,11,Bắc Kạn,05,Huyện Ngân Sơn,038,"TT GDNN-GDTX H. Ngân Sơn, tỉnh Bắc Kạn","Xã Vân Tùng, huyện Ngân Sơn, tỉnh Bắc Kạn",KV1,
1425,11,Bắc Kạn,06,Huyện Ba Bể,018,THPT Ba Bể,"Thị trấn Chợ Rã, huyện Ba Bể, tỉnh Bắc Kạn",KV1,
1426,11,Bắc Kạn,06,Huyện Ba Bể,023,THPT Quảng Khê,"Xã Quảng Khê, huyện Ba Bể, tỉnh Bắc Kạn",KV1,
1427,11,Bắc Kạn,06,Huyện Ba Bể,026,TT GDTX H. Ba Bể tỉnh Bắc Kạn,"Xã Thượng Giáo, huyện Ba Bể, tỉnh Bắc Kạn",KV1,
1428,11,Bắc Kạn,06,Huyện Ba Bể,039,TT GDNN-GDTX H. Ba Bể tỉnh Bắc Kạn,"Xã Thượng Giáo, huyện Ba Bể, tỉnh Bắc Kạn",KV1,
1429,11,Bắc Kạn,06,Huyện Ba Bể,043,TT GDNN-GDTX H. Ba Bể tỉnh Bắc Kạn,Xã Thượng Giáo (từ 28/4/2017),KV1,
1430,11,Bắc Kạn,06,Huyện Ba Bể,051,THCS&THPT Quảng Khê,"Xã Quảng Khê, huyện Ba Bể, tỉnh Bắc Kạn",KV1,
1431,11,Bắc Kạn,07,Huyện Chợ Mới,011,THPT Chợ Mới (Trước 01/02/2020),"Xã Yến Đĩnh, huyện Chợ Mới, tỉnh Bắc Kạn",KV1,
1432,11,Bắc Kạn,07,Huyện Chợ Mới,020,THPT Yên Hân,"Xã Yên Hân, huyện Chợ Mới, tỉnh Bắc Kạn",KV1,
1433,11,Bắc Kạn,07,Huyện Chợ Mới,032,"TT GDTX H. Chợ Mới, tỉnh Bắc Kạn","Thị trấn Chợ Mới, huyện Chợ Mới, tỉnh Bắc Kạn",KV1,
1434,11,Bắc Kạn,07,Huyện Chợ Mới,040,"TT GDNN-GDTX H. Chợ Mới, tỉnh Bắc Kạn (Trước 01/02/2020)","Thị trấn Chợ Mới, huyện Chợ Mới, tỉnh Bắc Kạn",KV1,
1435,11,Bắc Kạn,07,Huyện Chợ Mới,044,"TT GDNN-GDTX H. Chợ Mới, tỉnh Bắc Kạn (Từ 01/02/2020)","Thị trấn Đồng Tâm, huyện Chợ Mới, tỉnh Bắc Kạn",KV1,
1436,11,Bắc Kạn,07,Huyện Chợ Mới,045,THPT Chợ Mới (Từ 01/02/2020),"Thị trấn Đồng Tâm, huyện Chợ Mới, tỉnh Bắc Kạn",KV1,
1437,11,Bắc Kạn,07,Huyện Chợ Mới,052,THCS&THPT Yên Hân,"Xã Yên Hân, huyện Chợ Mới, tỉnh Bắc Kạn",KV1,
1438,11,Bắc Kạn,08,Huyện Pác Nặm,016,THPT Bộc Bố,"Xã Bộc Bố, huyện Pác Nặm, tỉnh Bắc Kạn",KV1,
1439,11,Bắc Kạn,08,Huyện Pác Nặm,029,"TT GDTX H. Pác Nặm, tỉnh Bắc Kạn","Xã Bộc Bố, huyện Pác Nặm, tỉnh Bắc Kạn",KV1,
1440,11,Bắc Kạn,08,Huyện Pác Nặm,041,"TT GDNN-GDTX H. Pác Nặm, tỉnh Bắc Kạn","Xã Bộc Bố, huyện Pác Nặm, tỉnh Bắc Kạn",KV1,
1441,12,Thái Nguyên,00,Sở Giáo dục và Đào tạo,800,Học ở nước ngoài_12,Thái Nguyên,KV3,
1442,12,Thái Nguyên,00,Sở Giáo dục và Đào tạo,900,"Quân nhân, Công an tại ngũ_12",Thái Nguyên,KV3,
1443,12,Thái Nguyên,01,Thành phố Thái Nguyên,001,TTGDTX TP. Thái Nguyên,"P. Hoàng Văn Thụ, Tp Thái Nguyên",KV2,
1444,12,Thái Nguyên,01,Thành phố Thái Nguyên,010,THPT Chuyên,"Tổ 6, phường Túc Duyên, TP. Thái Nguyên",KV2,
1445,12,Thái Nguyên,01,Thành phố Thái Nguyên,011,THPT Lương Ngọc Quyến,"P. Hoàng Văn Thụ, Tp Thái Nguyên",KV2,
1446,12,Thái Nguyên,01,Thành phố Thái Nguyên,012,THPT Ngô Quyền,"P. Thịnh Đán, Tp Thái Nguyên",KV2,
1447,12,Thái Nguyên,01,Thành phố Thái Nguyên,013,THPT Gang Thép,"P. Trung Thành, Tp Thái Nguyên",KV2,
1448,12,Thái Nguyên,01,Thành phố Thái Nguyên,014,THPT Chu Văn An,"P. Hương Sơn, Tp Thái Nguyên",KV2,
1449,12,Thái Nguyên,01,Thành phố Thái Nguyên,015,THPT Dương Tự Minh,"P. Quang Vinh, Tp Thái Nguyên",KV2,
1450,12,Thái Nguyên,01,Thành phố Thái Nguyên,017,PT Dân tộc nội trú Thái Nguyên,"P. Tân Lập, Tp Thái Nguyên",KV2,DTNT
1451,12,Thái Nguyên,01,Thành phố Thái Nguyên,018,THPT Thái Nguyên,"P. Quang Trung, Tp Thái Nguyên",KV2,
1452,12,Thái Nguyên,01,Thành phố Thái Nguyên,019,THPT Lê Quý Đôn,"P. Gia Sàng, Tp Thái Nguyên",KV2,
1453,12,Thái Nguyên,01,Thành phố Thái Nguyên,031,Thiếu Sinh Quân QK1,"P. Tân Thịnh, Tp Thái Nguyên",KV2,
1454,12,Thái Nguyên,01,Thành phố Thái Nguyên,033,Phổ thông Vùng Cao Việt Bắc,"Xã Quyết Thắng, Tp Thái Nguyên",KV2,DTNT
1455,12,Thái Nguyên,01,Thành phố Thái Nguyên,038,CĐ SP Thái Nguyên,"P. Thịnh Đán, TP Thái Nguyên",KV2,
1456,12,Thái Nguyên,01,Thành phố Thái Nguyên,039,CĐ Kinh tế Tài chính Thái Nguyên,"P. Thịnh Đán, TP Thái Nguyên",KV2,
1457,12,Thái Nguyên,01,Thành phố Thái Nguyên,041,CĐ Giao thông Vận tải miền núi,"P. Thịnh Đán, TP Thái Nguyên",KV2,
1458,12,Thái Nguyên,01,Thành phố Thái Nguyên,042,CĐ Y tế Thái Nguyên,"P. Thịnh Đán, TP Thái Nguyên",KV2,
1459,12,Thái Nguyên,01,Thành phố Thái Nguyên,043,CĐ Văn hoá Nghệ thuật Việt Bắc,"P. Đồng Quang, TP. Thái Nguyên",KV2,
1460,12,Thái Nguyên,01,Thành phố Thái Nguyên,044,CĐ Thương mại và Du lịch,"P. Tân Thịnh, TP Thái Nguyên",KV2,
1461,12,Thái Nguyên,01,Thành phố Thái Nguyên,050,TH Bưu chính Viễn thông và CNTT Miền Núi,"P. Hoàng Văn Thụ, TP Thái Nguyên",KV2,
1462,12,Thái Nguyên,01,Thành phố Thái Nguyên,051,CĐ Kinh tế kỹ thuật - ĐH TN,"P. Thịnh Đán, TP Thái Nguyên",KV2,
1463,12,Thái Nguyên,01,Thành phố Thái Nguyên,052,CĐ Nghề Cơ điện LK,"P. Tích Lương, TP Thái Nguyên",KV2,
1464,12,Thái Nguyên,01,Thành phố Thái Nguyên,056,TC nghề Thái Nguyên,"Ph. Tân Lập, thành phố Thái Nguyên",KV2,
1465,12,Thái Nguyên,01,Thành phố Thái Nguyên,059,TT GDTX tỉnh,Ph. Hoàng Văn Thụ TP Thái Nguyên,KV2,
1466,12,Thái Nguyên,01,Thành phố Thái Nguyên,060,THPT Đào Duy Từ,Ph. Hoàng Văn Thụ TP Thái Nguyên,KV2,
1467,12,Thái Nguyên,01,Thành phố Thái Nguyên,062,CĐ nghề số 1- Bộ Quốc phòng,"P.Tân Thịnh, TP Thái Nguyên",KV2,
1468,12,Thái Nguyên,01,Thành phố Thái Nguyên,064,Trung cấp Y tế Thái Nguyên,Số 2A Chu Văn An - P.Hoàng Văn Thụ - TP. Thái Nguyên,KV2,
1469,12,Thái Nguyên,01,Thành phố Thái Nguyên,065,Trung cấp Thái Nguyên,"Số 3/158, đường Phan Đình Phùng, TP Thái Nguyên, tỉnh Thái Nguyên",KV2,
1470,12,Thái Nguyên,01,Thành phố Thái Nguyên,066,Trung cấp Y khoa Pasteur,"Số 5, Tân Quang, Gia Sàng, TP Thái Nguyên, Tỉnh Thái Nguyên",KV2,
1471,12,Thái Nguyên,01,Thành phố Thái Nguyên,081,TT GDNN-GDTX TP. Thái Nguyên,"P. Túc Duyên, TPTN",KV2,
1472,12,Thái Nguyên,01,Thành phố Thái Nguyên,084,Trường trung học Giao thông Vận tải khu vực 1,Thái Nguyên,KV2,
1473,12,Thái Nguyên,01,Thành phố Thái Nguyên,085,THPT Khánh Hoà,"Xã Sơn Cẩm, TP Thái Nguyên",KV1,
1474,12,Thái Nguyên,01,Thành phố Thái Nguyên,086,CĐ Công nghiệp Thái Nguyên,"Xã Sơn Cẩm, TP Thái Nguyên",KV1,
1475,12,Thái Nguyên,01,Thành phố Thái Nguyên,087,CĐ Nghề than khoáng sản Việt Nam,"Xã Sơn Cẩm, TP Thái Nguyên",KV1,
1476,12,Thái Nguyên,01,Thành phố Thái Nguyên,088,THPT Đồng Hỷ,"Phường Chùa Hang, TP Thái Nguyên",KV1,
1477,12,Thái Nguyên,01,Thành phố Thái Nguyên,089,TT GDNN-GDTX Huyện Đồng Hỷ,"Thị Trấn Chùa Hang, TP. Thái Nguyên",KV1,
1478,12,Thái Nguyên,01,Thành phố Thái Nguyên,092,Trung cấp Luật Thái Nguyên,"Xã Quyết Thắng, Tp Thái Nguyên",KV2,
1479,12,Thái Nguyên,01,Thành phố Thái Nguyên,095,Cao đẳng Thái Nguyên,"Phường Tân Lập, TP Thái Nguyên",KV2,
1480,12,Thái Nguyên,01,Thành phố Thái Nguyên,096,THPT Dương Tự Minh (Từ 04/6/2021),"P. Quang Vinh, TP. Thái Nguyên",KV1,
1481,12,Thái Nguyên,01,Thành phố Thái Nguyên,097,THPT Đồng Hỷ (Từ 04/6/2021),"Phường Chùa Hang, TP Thái Nguyên",KV2,
1482,12,Thái Nguyên,01,Thành phố Thái Nguyên,098,TT GDNN-GDTTX Huyện Đồng Hỷ (Từ 04/6/2021),"Phường Chùa Hang, TP Thái Nguyên",KV2,
1483,12,Thái Nguyên,01,Thành phố Thái Nguyên,101,TT GDNN-GDTX Huyện Võ Nhai (CS2),"Phường Tân Thịnh, TP. Thái Nguyên",KV2,
1484,12,Thái Nguyên,01,Thành phố Thái Nguyên,102,TT GDNN-GDTX Huyện Võ Nhai (CS3),"Phường Đồng Quang, TP Thái Nguyên",KV2,
1485,12,Thái Nguyên,01,Thành phố Thái Nguyên,118,"TH, THCS và THPT Iris","Phường Gia Sàng, Tp Thái Nguyên",KV2,
1486,12,Thái Nguyên,01,Thành phố Thái Nguyên,122,Cao đẳng FPT Polytechnic (CS Thái Nguyên),"Xã Quyết Thắng, TP Thái Nguyên",KV2,
1487,12,Thái Nguyên,01,Thành phố Thái Nguyên,801,Trường THPT - Khu vực 1,,KV1,
1488,12,Thái Nguyên,01,Thành phố Thái Nguyên,802,Trường THPT - KV2NT,,KV2-NT,
1489,12,Thái Nguyên,01,Thành phố Thái Nguyên,803,Trường THPT - KV2,,KV2,
1490,12,Thái Nguyên,01,Thành phố Thái Nguyên,804,Trường THPT - Khu vực 3,,KV3,
1491,12,Thái Nguyên,02,Thành phố Sông Công,002,TTGDTX Thành phố Sông Công,Thành phố Sông Công,KV2,
1492,12,Thái Nguyên,02,Thành phố Sông Công,020,THPT Sông Công,"Phường Thắng Lợi, Thành phố Sông Công",KV2,
1493,12,Thái Nguyên,02,Thành phố Sông Công,032,THPT Lương Thế Vinh,"Phường Cải Đan, TP. Sông Công",KV2,
1494,12,Thái Nguyên,02,Thành phố Sông Công,040,CĐ Cơ khí luyện kim,"Phường Lương Sơn, TP. Sông Công",KV2,
1495,12,Thái Nguyên,02,Thành phố Sông Công,047,CĐ Công nghiệp Việt Đức,"P. Thắng Lợi, Thành phố Sông Công",KV2,
1496,12,Thái Nguyên,02,Thành phố Sông Công,048,Văn hoá I - Bộ Công An,"Phường Lương Sơn, TP. Sông Công",KV2,DTNT
1497,12,Thái Nguyên,02,Thành phố Sông Công,080,TT GDNN-GDTX TP. Sông Công,Thành phố Sông Công,KV2,
1498,12,Thái Nguyên,02,Thành phố Sông Công,093,CĐ Công nghệ và Thương mại,"Phường Lương Sơn, TP. Sông Công",KV2,
1499,12,Thái Nguyên,02,Thành phố Sông Công,094,Trường Văn Hoá,"Phường Lương Sơn, TP. Sông Công",KV2,DTNT
1500,12,Thái Nguyên,03,Huyện Định Hóa,003,TTGDTX Huyện Định Hoá,"TT Chợ Chu, H. Định Hoá",KV1,
1501,12,Thái Nguyên,03,Huyện Định Hóa,021,THPT Định Hoá,"TTr. Chợ Chu, H. Định Hoá",KV1,
1502,12,Thái Nguyên,03,Huyện Định Hóa,022,THPT Bình Yên,"xã Bình Yên, H. Định Hoá",KV1,
1503,12,Thái Nguyên,03,Huyện Định Hóa,079,TT GDNN-GDTX Huyện Định Hoá,"TT Chợ Chu, H. Định Hoá",KV1,
1504,12,Thái Nguyên,04,Huyện Phú Lương,004,TTGDTX Huyện Phú Lương,"TTr. Đu, H. Phú Lương",KV1,
1505,12,Thái Nguyên,04,Huyện Phú Lương,016,THPT Khánh Hoà,"xã Sơn Cẩm, H. Phú Lương",KV1,
1506,12,Thái Nguyên,04,Huyện Phú Lương,023,THPT Phú Lương,"TTr. Đu, H. Phú Lương",KV1,
1507,12,Thái Nguyên,04,Huyện Phú Lương,034,THPT Yên Ninh,"Xã Yên Ninh, H. Phú Lương",KV1,
1508,12,Thái Nguyên,04,Huyện Phú Lương,045,CĐ Công nghiệp Thái Nguyên,"Xã Sơn Cẩm, H. Phú Lương",KV1,
1509,12,Thái Nguyên,04,Huyện Phú Lương,049,CĐ Nghề than khoáng sản Việt Nam,"Xã Sơn Cẩm, H. Phú Lương",KV1,
1510,12,Thái Nguyên,04,Huyện Phú Lương,078,TT GDNN-GDTX Huyện Phú Lương,"TTr. Đu, H. Phú Lương",KV1,
1511,12,Thái Nguyên,04,Huyện Phú Lương,082,CĐ than khoáng sản Việt Nam,"Xã Sơn Cẩm, H. Phú Lương",KV1,
1512,12,Thái Nguyên,04,Huyện Phú Lương,083,Trung cấp nghề dân tộc nội trú Thái Nguyên,"Xã Động Đạt, H. Phú Lương",KV1,
1513,12,Thái Nguyên,04,Huyện Phú Lương,121,THPT Tức Tranh,"Xã Tức Tranh, Huyện Phú Lương, Tỉnh Thái Nguyên",KV1,
1514,12,Thái Nguyên,05,Huyện Võ Nhai,005,TTGDTX Huyện Võ Nhai,"TTr. Đình Cả, H. Võ Nhai",KV1,
1515,12,Thái Nguyên,05,Huyện Võ Nhai,024,THPT Võ Nhai,"Xã Lâu Thượng, H. Võ Nhai",KV1,
1516,12,Thái Nguyên,05,Huyện Võ Nhai,053,THPT Trần Phú,Xã Cúc Đường - H. Võ Nhai,KV1,
1517,12,Thái Nguyên,05,Huyện Võ Nhai,055,THPT Hoàng Quốc Việt,"Xã Tràng Xá, H. Võ Nhai",KV1,
1518,12,Thái Nguyên,05,Huyện Võ Nhai,077,TT GDNN-GDTX Huyện Võ Nhai,"TTr. Đình Cả, H. Võ Nhai",KV1,
1519,12,Thái Nguyên,06,Huyện Đại Từ,006,TTGDTX Huyện Đại Từ,"TTr. Hùng Sơn, H. Đại Từ",KV1,
1520,12,Thái Nguyên,06,Huyện Đại Từ,025,THPT Đại Từ,"TTr. Hùng Sơn, H. Đại Từ",KV1,
1521,12,Thái Nguyên,06,Huyện Đại Từ,035,THPT Nguyễn Huệ,"Xã Phú Thịnh, H. Đại Từ",KV1,
1522,12,Thái Nguyên,06,Huyện Đại Từ,054,THPT Lưu Nhân Chú,"Xã Ký Phú, H Đại Từ",KV1,
1523,12,Thái Nguyên,06,Huyện Đại Từ,075,TT GDNN-GDTX Huyện Đại Từ,"Xã Tiên Hội, H. Đại Từ",KV1,
1524,12,Thái Nguyên,07,Huyện Đồng Hỷ,007,TTGDTX Huyện Đồng Hỷ,"Thị Trấn Chùa Hang, H. Đồng Hỷ",KV1,
1525,12,Thái Nguyên,07,Huyện Đồng Hỷ,026,THPT Đồng Hỷ,"TT Chùa Hang, H. Đồng Hỷ, TN",KV1,
1526,12,Thái Nguyên,07,Huyện Đồng Hỷ,027,THPT Trại Cau,"TTr. Trại Cau, H. Đồng Hỷ",KV1,
1527,12,Thái Nguyên,07,Huyện Đồng Hỷ,057,THPT Trần Quốc Tuấn,"Xã Quang Sơn, H. Đồng Hỷ, Thái Nguyên",KV1,
1528,12,Thái Nguyên,07,Huyện Đồng Hỷ,076,TT GDNN-GDTX Huyện Đồng Hỷ,"Thị Trấn Chùa Hang, H. Đồng Hỷ",KV1,
1529,12,Thái Nguyên,08,Huyện Phú Bình,008,TT GDTX Huyện Phú Bình,"Xã Xuân Phương, H. Phú Bình",KV2-NT,
1530,12,Thái Nguyên,08,Huyện Phú Bình,028,THPT Phú Bình,"Thị Trấn Hương Sơn, H. Phú Bình",KV2-NT,
1531,12,Thái Nguyên,08,Huyện Phú Bình,036,THPT Lương Phú,"Xã Lương Phú, H. Phú Bình",KV2-NT,
1532,12,Thái Nguyên,08,Huyện Phú Bình,058,THPT Điềm Thuỵ,"Xã Điềm Thuỵ, H. Phú Bình, Thái Nguyên",KV2-NT,
1533,12,Thái Nguyên,08,Huyện Phú Bình,074,TT GDNN-GDTX Huyện Phú Bình,"Xã Xuân Phương, H. Phú Bình",KV2-NT,
1534,12,Thái Nguyên,09,Thị xã Phổ Yên,009,TTGDTX Thị xã Phổ Yên (Trước 2015),"Xã Nam Tiến, Thị xã Phổ Yên",KV2-NT,
1535,12,Thái Nguyên,09,Thị xã Phổ Yên,029,THPT Lê Hồng Phong (Trước 2016),"P. Ba Hàng, TX. Phổ Yên",KV2-NT,
1536,12,Thái Nguyên,09,Thị xã Phổ Yên,030,THPT Bắc Sơn (Trước 2016),"P. Bắc Sơn, TX. Phổ Yên",KV1,
1537,12,Thái Nguyên,09,Thị xã Phổ Yên,037,THPT Phổ Yên (Trước 2016),"Xã Tân Hương, TX. Phổ Yên",KV2-NT,
1538,12,Thái Nguyên,09,Thị xã Phổ Yên,046,CĐ Công nghệ và Kinh tế Công nghiệp (Trước 2016),Xã Trung Thành TX. Phổ Yên,KV2-NT,
1539,12,Thái Nguyên,09,Thị xã Phổ Yên,061,TC Nghề Nam Thái Nguyên (Trước 2016),"Xã Đồng Tiến, TX. Phổ Yên",KV2-NT,
1540,12,Thái Nguyên,09,Thị xã Phổ Yên,063,Trường TC nghề KT 3D,"Xã Đông Cao, TX. Phổ Yên, Thái Nguyên",KV2-NT,
1541,12,Thái Nguyên,09,Thị xã Phổ Yên,067,TT GDTX Thị xã Phổ Yên (2015),"Xã Nam Tiến, Thị xã Phổ Yên",KV2,
1542,12,Thái Nguyên,09,Thị xã Phổ Yên,068,THPT Lê Hồng Phong (Từ 2016),"P. Ba Hàng, TX. Phổ Yên",KV2,
1543,12,Thái Nguyên,09,Thị xã Phổ Yên,069,THPT Bắc Sơn (Từ 2016),"P. Bắc Sơn, TX. Phổ Yên",KV1,
1544,12,Thái Nguyên,09,Thị xã Phổ Yên,070,THPT Phổ Yên (Từ 2016),"Xã Tân Hương, TX. Phổ Yên",KV2,
1545,12,Thái Nguyên,09,Thị xã Phổ Yên,071,CĐ Công nghệ và Kinh tế Công nghiệp (Từ 2016),Xã Trung Thành TX. Phổ Yên,KV2,
1546,12,Thái Nguyên,09,Thị xã Phổ Yên,072,TC Nghề Nam Thái Nguyên,"Phường Đồng Tiến, TX. Phổ Yên",KV2,
1547,12,Thái Nguyên,09,Thị xã Phổ Yên,073,THPT Lý Nam Đế,"Xã Nam Tiến, TX. Phổ Yên",KV2,
1548,12,Thái Nguyên,09,Thị xã Phổ Yên,090,TT GDNN-GDTX TX Phổ Yên (từ 2016),"Phường Đồng Tiến, TX. Phổ Yên",KV2,
1549,12,Thái Nguyên,09,Thị xã Phổ Yên,091,TC Dân tộc nội trú tỉnh Thái Nguyên,"Xã Hồng Tiến, TX Phổ Yên",KV2,
1550,12,Thái Nguyên,10,Thành phố Phổ Yên,103,THPT Lê Hồng Phong (Từ 10/04/2022),"Phường Ba Hàng, Thành phố Phổ Yên",KV2,
1551,12,Thái Nguyên,10,Thành phố Phổ Yên,104,THPT Phổ Yên (Từ 10/04/2022),"Phường Tân Hương, Thành phố Phổ Yên",KV2,
1552,12,Thái Nguyên,10,Thành phố Phổ Yên,105,TT GDNN-GDTX TP Phổ Yên (Từ 10/04/2022),"Phường Đồng Tiến, TP. Phổ Yên",KV2,
1553,12,Thái Nguyên,10,Thành phố Phổ Yên,106,TC Dân tộc nội trú tỉnh Thái Nguyên (Từ 10/04/2022),"Phường Hồng Tiến, TP. Phổ Yên",KV2,
1554,12,Thái Nguyên,10,Thành phố Phổ Yên,107,THPT Bắc Sơn (Từ 10/04/2022),"Phường Bắc Sơn, TP. Phổ Yên",KV1,
1555,12,Thái Nguyên,10,Thành phố Phổ Yên,108,THPT Lý Nam Đế (Từ 10/4/2022),"Phường Nam Tiến, TP. Phổ Yên",KV2,
1556,12,Thái Nguyên,10,Thành phố Phổ Yên,119,THPT Võ Nguyên Giáp,"Phường Đắc Sơn, Tp Phổ Yên, T.Thái Nguyên",KV2,
1557,12,Thái Nguyên,11,Huyện Đại Từ (04/6/2021),109,THPT Đại Từ (Từ 04/6/2021),"Thị trấn Hùng Sơn, H. Đại Từ",KV2-NT,
1558,12,Thái Nguyên,11,Huyện Đại Từ (04/6/2021),110,THPT Nguyễn Huệ (Từ 04/6/2021),"Xã Phú Thịnh, H. Đại Từ",KV1,
1559,12,Thái Nguyên,11,Huyện Đại Từ (04/6/2021),111,THPT Lưu Nhân Chú (Từ 04/6/2021),"Xã Ký Phú, H. Đại Từ",KV2-NT,
1560,12,Thái Nguyên,11,Huyện Đại Từ (04/6/2021),112,TT GDNN-GDTX Huyện Đại Từ (Từ 04/6/2021),"Xã Tiên Hội, H. Đại Từ",KV1,
1561,12,Thái Nguyên,11,Huyện Đại Từ (04/6/2021),120,THPT Đội Cấn,"Xã Hà Thượng, Huyện Đại Từ, Tỉnh Thái Nguyên",KV1,
1562,12,Thái Nguyên,12,Thành phố Sông Công (Từ 04/6/2021),113,THPT Sông Công (Từ 04/6/2021),"Phường Thắng Lợi, TP. Sông Công",KV2,
1563,12,Thái Nguyên,12,Thành phố Sông Công (Từ 04/6/2021),115,TT GDNN-GDTX TP Sông Công (Từ 04/6/2021),"Phường Cải Đan, TP. Sông Công",KV2,
1564,12,Thái Nguyên,12,Thành phố Sông Công (Từ 04/6/2021),116,THPT Lương Thế Vinh (Từ 04/6/2022),"Phường Cải Đan, TP. Sông Công",KV2,
1565,12,Thái Nguyên,12,Thành phố Sông Công (Từ 04/6/2021),117,Trường Văn hoá (Từ 04/6/2021),"Phường Lương Sơn, TP. Sông Công",KV2,DTNT
1566,13,Yên Bái,00,Sở Giáo dục và Đào tạo,800,Học ở nước ngoài_13,,KV3,
1567,13,Yên Bái,00,Sở Giáo dục và Đào tạo,900,"Quân nhân, Công an tại ngũ_13",,KV3,
1568,13,Yên Bái,01,Thành phố Yên Bái (trước 4/6/2021),001,THPT Chuyên Nguyễn Tất Thành (Trước ngày 4/6/2021),P. Yên Thịnh - TP Yên Bái,KV1,
1569,13,Yên Bái,01,Thành phố Yên Bái (trước 4/6/2021),002,THPT Nguyễn Huệ (Trước ngày 4/6/2021),P. Đồng Tâm - TP Yên Bái,KV1,
1570,13,Yên Bái,01,Thành phố Yên Bái (trước 4/6/2021),003,THPT Lý Thường Kiệt (Trước ngày 4/6/2021),P. Hồng Hà - TP Yên Bái,KV1,
1571,13,Yên Bái,01,Thành phố Yên Bái (trước 4/6/2021),004,PT Dân tộc nội trú THPT Tỉnh Yên Bái (Trước ngày 4/6/2021),"Tổ 8, P. Yên Thịnh - TP Yên Bái",KV1,DTNT
1572,13,Yên Bái,01,Thành phố Yên Bái (trước 4/6/2021),005,THPT Hoàng Quốc Việt (Trước ngày 4/6/2021),Xã Giới Phiên - TP Yên Bái,KV1,
1573,13,Yên Bái,01,Thành phố Yên Bái (trước 4/6/2021),006,THPT Đồng Tâm,P.Đồng Tâm -TP Yên Bái,KV1,
1574,13,Yên Bái,01,Thành phố Yên Bái (trước 4/6/2021),007,TT GDTX Tỉnh (Trước ngày 4/6/2021),P. Đồng Tâm - TP Yên Bái,KV1,
1575,13,Yên Bái,01,Thành phố Yên Bái (trước 4/6/2021),008,TT DN-GDTX TP Yên Bái,P.Nguyễn Phúc - TP Yên Bái,KV1,
1576,13,Yên Bái,01,Thành phố Yên Bái (trước 4/6/2021),009,Trung cấp Kinh tế - Kỹ thuật Yên Bái,P. Yên Thịnh -TP Yên Bái,KV1,
1577,13,Yên Bái,01,Thành phố Yên Bái (trước 4/6/2021),040,Cao đẳng Y tế Yên Bái,Phường Yên Ninh - TP Yên Bái,KV1,
1578,13,Yên Bái,01,Thành phố Yên Bái (trước 4/6/2021),041,TT GDNN-GDTX TP Yên Bái,P.Nguyễn Phúc - TP Yên Bái - Yên Bái,KV1,
1579,13,Yên Bái,01,Thành phố Yên Bái (trước 4/6/2021),050,Bán công Phan Bội Châu,Phường Đồng Tâm - TP Yên Bái,KV1,
1580,13,Yên Bái,01,Thành phố Yên Bái (trước 4/6/2021),051,THPT BC Phan Chu Trinh,Phường Nguyễn Phúc - TP Yên Bái,KV1,
1581,13,Yên Bái,01,Thành phố Yên Bái (trước 4/6/2021),801,Trường THPT - Khu vực 1,,KV1,
1582,13,Yên Bái,01,Thành phố Yên Bái (trước 4/6/2021),802,Trường THPT - KV2NT,,KV2-NT,
1583,13,Yên Bái,01,Thành phố Yên Bái (trước 4/6/2021),803,Trường THPT - KV2,,KV2,
1584,13,Yên Bái,01,Thành phố Yên Bái (trước 4/6/2021),804,Trường THPT - Khu vực 3,,KV3,
1585,13,Yên Bái,02,Thị xã Nghĩa Lộ,010,THPT Nghĩa Lộ,P. Tân An -TX Nghĩa Lộ - Yên Bái,KV1,
1586,13,Yên Bái,02,Thị xã Nghĩa Lộ,011,THPT Nguyễn Trãi,P. Pú Trạng -TX Nghĩa Lộ - Yên Bái,KV1,
1587,13,Yên Bái,02,Thị xã Nghĩa Lộ,012,PT DTNT THPT Miền Tây,P. Pú Trạng -TX Nghĩa Lộ - Yên Bái,KV1,DTNT
1588,13,Yên Bái,02,Thị xã Nghĩa Lộ,013,TT GDTX-HNDN Tx Nghĩa Lộ,P. Pú Trạng-TX Nghĩa Lộ - Yên Bái,KV1,
1589,13,Yên Bái,02,Thị xã Nghĩa Lộ,037,Trung cấp Nghề DTNT Nghĩa Lộ,P. Pú Trạng - TX Nghĩa Lộ - Yên Bái,KV1,
1590,13,Yên Bái,02,Thị xã Nghĩa Lộ,048,Trung cấp DTNT Nghĩa Lộ,P. Pú Trạng - TX Nghĩa Lộ - Yên Bái,KV1,
1591,13,Yên Bái,03,Huyện Văn Yên,014,THPT Chu Văn An (trước 4/6/2021),TT. Mậu A - Văn Yên - Yên Bái,KV1,
1592,13,Yên Bái,03,Huyện Văn Yên,015,THPT Nguyễn Lương Bằng,Xã An Thịnh - Văn Yên - Yên Bái,KV1,
1593,13,Yên Bái,03,Huyện Văn Yên,016,THPT Trần Phú,Xã An Bình - Văn Yên - Yên Bái,KV1,
1594,13,Yên Bái,03,Huyện Văn Yên,017,TT DN-GDTX Huyện Văn Yên,TT. Mậu A - Văn Yên - Yên Bái,KV1,
1595,13,Yên Bái,03,Huyện Văn Yên,045,TT GDNN-GDTX Huyện Văn Yên (trước 4/6/2021),TT. Mậu A - Văn Yên - Yên Bái,KV1,
1596,13,Yên Bái,03,Huyện Văn Yên,053,THPT BC Nguyễn Khuyến,TT. Mậu A - Văn Yên - Yên Bái,KV1,
1597,13,Yên Bái,03,Huyện Văn Yên,070,THPT Chu Văn An (từ 4/6/2021),"Thị trấn Mậu A, huyện Văn Yên, tỉnh Yên Bái",KV2-NT,
1598,13,Yên Bái,03,Huyện Văn Yên,071,TT GDNN-GDTX huyện Văn Yên (từ 4/6/2021),"Thị trấn Mậu A, huyện Văn Yên, tỉnh Yên Bái",KV2-NT,
1599,13,Yên Bái,04,Huyện Yên Bình,018,THPT Cảm Ân,Xã Cảm Ân - Yên Bình - Yên Bái,KV1,
1600,13,Yên Bái,04,Huyện Yên Bình,019,THPT Trần Nhật Duật (trước 4/6/2021),TT. Yên Bình - Yên Bình - Yên Bái,KV1,
1601,13,Yên Bái,04,Huyện Yên Bình,020,THPT Thác Bà (trước 4/6/2021),TT. Thác Bà - Yên Bình - Yên Bái,KV1,
1602,13,Yên Bái,04,Huyện Yên Bình,021,THPT Cảm Nhân,Xã Cảm Nhân - Yên Bình - Yên Bái,KV1,
1603,13,Yên Bái,04,Huyện Yên Bình,022,TT DN-GDTX Huyện Yên Bình,TT. Yên Bình - Yên Bình - Yên Bái,KV1,
1604,13,Yên Bái,04,Huyện Yên Bình,042,TT GDNN-GDTX Huyện Yên Bình (trước 4/6/2021),TT. Yên Bình - Yên Bình - Yên Bái,KV1,
1605,13,Yên Bái,04,Huyện Yên Bình,072,THPT Trần Nhật Duật (từ 4/6/2021),"Thị trấn Yên Bình, huyện Yên Bình, tỉnh Yên Bái",KV2-NT,
1606,13,Yên Bái,04,Huyện Yên Bình,073,THPT Thác Bà (từ 4/6/2021),"Thị trấn Thác Bà, huyện Yên Bình, tỉnh Yên Bái",KV2-NT,
1607,13,Yên Bái,04,Huyện Yên Bình,074,TT GDNN-GDTX huyện Yên Bình (từ 4/6/2021),"Thị trấn Yên Bình, huyện Yên Bình, tỉnh Yên Bái",KV2-NT,
1608,13,Yên Bái,05,Huyện Mù Cang Chải,023,THPT Mù Cang Chải,TT. Mù Cang Chải - Mù Cang Chải - Yên Bái,KV1,
1609,13,Yên Bái,05,Huyện Mù Cang Chải,024,TT DN-GDTX H. Mù Cang Chải,TT. Mù Cang Chải - Mù Cang Chải - Yên Bái,KV1,
1610,13,Yên Bái,05,Huyện Mù Cang Chải,047,TT GDNN-GDTX Huyện Mù Cang Chải,TT. Mù Cang Chải - Huyện Mù Cang Chải - Yên Bái,KV1,
1611,13,Yên Bái,05,Huyện Mù Cang Chải,055,THCS&THPT Púng Luông,"Xã Púng Luông, Mù Cang Chải, Yên Bái",KV1,
1612,13,Yên Bái,06,Huyện Văn Chấn,025,THPT Văn Chấn,Xã Cát Thịnh - Văn Chấn - Yên Bái,KV1,
1613,13,Yên Bái,06,Huyện Văn Chấn,026,THPT Sơn Thịnh,Xã Sơn Thịnh - Văn Chấn - Yên Bái,KV1,
1614,13,Yên Bái,06,Huyện Văn Chấn,027,TT DN-GDTX Huyện Văn Chấn,Xã Sơn Thịnh - Văn Chấn - Yên Bái,KV1,
1615,13,Yên Bái,06,Huyện Văn Chấn,044,TT GDNN-GDTX Huyện Văn Chấn,Xã Sơn Thịnh - Văn Chấn - Yên Bái,KV1,
1616,13,Yên Bái,06,Huyện Văn Chấn,054,THCS&THPT Nậm Búng,"Xã Nậm Búng, Văn Chấn, Yên Bái",KV1,
1617,13,Yên Bái,06,Huyện Văn Chấn,056,THCS&THPT Nghĩa Tâm,Xã Nghĩa Tâm,KV1,
1618,13,Yên Bái,07,Huyện Trấn Yên,028,THPT Lê Quý Đôn (trước 4/6/2021),TT. Cổ Phúc - Trấn Yên - Yên Bái,KV1,
1619,13,Yên Bái,07,Huyện Trấn Yên,029,PT Liên cấp 2+3 Trấn Yên II,Xã Hưng Khánh - Trấn Yên - Yên Bái,KV1,
1620,13,Yên Bái,07,Huyện Trấn Yên,030,TT DN-GDTX Huyện Trấn Yên,TT. Cổ Phúc -Trấn Yên - Yên Bái,KV1,
1621,13,Yên Bái,07,Huyện Trấn Yên,039,THPT Hưng Khánh,Xã Hưng Khánh - Trấn Yên - Yên Bái,KV1,
1622,13,Yên Bái,07,Huyện Trấn Yên,043,TT GDNN-GDTX Huyện Trấn Yên (trước 4/6/2021),TT. Cổ Phúc -Trấn Yên - Yên Bái,KV1,
1623,13,Yên Bái,07,Huyện Trấn Yên,052,THPT BC Nguyễn Du,Thị trấn Cổ Phúc - Trấn Yên - Yên Bái,KV1,
1624,13,Yên Bái,07,Huyện Trấn Yên,075,THPT Lê Quý Đôn (Từ 4/6/2021),"Thị trấn Cổ Phúc, huyện Trấn Yên, tỉnh Yên Bái",KV2-NT,
1625,13,Yên Bái,07,Huyện Trấn Yên,076,TT GDNN-GDTX huyện Trấn Yên (từ 4/6/2021),"Thị trấn Cổ Phúc, huyện Trấn Yên, tỉnh Yên Bái",KV2-NT,
1626,13,Yên Bái,08,Huyện Trạm Tấu,031,THPT Trạm Tấu,TT. Trạm Tấu - Trạm Tấu - Yên Bái,KV1,
1627,13,Yên Bái,08,Huyện Trạm Tấu,032,TT DN-GDTX Huyện Trạm Tấu,TT. Trạm Tấu - Trạm Tấu - Yên Bái,KV1,
1628,13,Yên Bái,08,Huyện Trạm Tấu,046,TT GDNN-GDTX Huyện Trạm Tấu,TT. Trạm Tấu - Trạm Tấu - Yên Bái,KV1,
1629,13,Yên Bái,09,Huyện Lục Yên,033,THPT Mai Sơn,Xã Mai Sơn - Lục Yên - Yên Bái,KV1,
1630,13,Yên Bái,09,Huyện Lục Yên,034,THPT Hoàng Văn Thụ,TT. Yên Thế - Lục Yên - Yên Bái,KV1,
1631,13,Yên Bái,09,Huyện Lục Yên,035,THPT Hồng Quang,Xã Động Quan - Lục Yên - Yên Bái,KV1,
1632,13,Yên Bái,09,Huyện Lục Yên,036,TT GDTX-HNDN Hồ Tùng Mậu,TT. Yên Thế - Lục Yên - Yên Bái,KV1,
1633,13,Yên Bái,09,Huyện Lục Yên,038,Trung cấp Nghề Lục Yên,TT. Yên Thế - Lục Yên - Yên Bái,KV1,
1634,13,Yên Bái,09,Huyện Lục Yên,049,Trung cấp Lục Yên,TT Yên Thế - Lục Yên - Yên Bái,KV1,
1635,13,Yên Bái,10,Thành phố Yên Bái (Từ 4/6/2021),057,THPT Chuyên Nguyễn Tất Thành (Từ ngày 4/6/2021),P. Yên Thịnh - TP Yên Bái,KV2,
1636,13,Yên Bái,10,Thành phố Yên Bái (Từ 4/6/2021),058,THPT Nguyễn Huệ (Từ ngày 4/6/2021),P. Đồng Tâm - TP Yên Bái,KV2,
1637,13,Yên Bái,10,Thành phố Yên Bái (Từ 4/6/2021),059,THPT Lý Thường Kiệt (Từ ngày 4/6/2021),P. Hồng Hà - TP Yên Bái,KV2,
1638,13,Yên Bái,10,Thành phố Yên Bái (Từ 4/6/2021),060,PT Dân tộc nội trú THPT Tỉnh Yên Bái (Từ ngày 4/6/2021),"Tổ 8, P. Yên Thịnh - TP Yên Bái",KV2,DTNT
1639,13,Yên Bái,10,Thành phố Yên Bái (Từ 4/6/2021),061,THPT Hoàng Quốc Việt (Từ ngày 4/6/2021),Xã Giới Phiên - TP Yên Bái,KV2,
1640,13,Yên Bái,10,Thành phố Yên Bái (Từ 4/6/2021),062,TT GDTX Tỉnh (Từ ngày 4/6/2021),P. Đồng Tâm - TP Yên Bái,KV2,
1641,14,Sơn La,00,Sở Giáo dục và Đào tạo,800,Học ở nước ngoài_14,"106 Đường Thanh Niên, Tổ 3 Phường Tô Hiệu, Thành phố Sơn La, tỉnh Sơn La",KV3,
1642,14,Sơn La,00,Sở Giáo dục và Đào tạo,900,"Quân nhân, Công an tại ngũ_14","Số 106, Đường Thanh Niên, thành phố Sơn La, tỉnh Sơn La",KV3,
1643,14,Sơn La,01,Thành phố Sơn La,001,Trung tâm GDNN - GDTX Thành phố Sơn La,"Tổ 3, Phường Tô Hiệu, Thành phố Sơn La, Tỉnh Sơn La",KV1,
1644,14,Sơn La,01,Thành phố Sơn La,002,Trường THPT Tô Hiệu,"Tổ 3, Phường Tô Hiệu, Thành phố Sơn La, Tỉnh Sơn La",KV1,
1645,14,Sơn La,01,Thành phố Sơn La,003,Trường THPT Chiềng Sinh,"Tổ 3, Phường Chiềng Sinh, Thành phố Sơn La, Tỉnh Sơn La",KV1,
1646,14,Sơn La,01,Thành phố Sơn La,004,Trường THPT Chuyên,"Tổ 3, Phường Chiềng Sinh, Thành phố Sơn La, Tỉnh Sơn La",KV1,
1647,14,Sơn La,01,Thành phố Sơn La,005,Trường PTDT Nội trú tỉnh,"Bản Ca Láp, Xã Chiềng Ngần, Thành phố Sơn La, Tỉnh Sơn La",KV1,DTNT
1648,14,Sơn La,01,Thành phố Sơn La,006,Trường THPT Nguyễn Du,"Bản Phiêng Tam, Xã Chiềng Đen, Thành phố Sơn La, Tỉnh Sơn La",KV1,
1649,14,Sơn La,01,Thành phố Sơn La,043,Phòng GD -ĐT Thành phố Sơn La,"Phường Chiềng Lề, Thành phố Sơn La, Tỉnh Sơn La",KV1,
1650,14,Sơn La,01,Thành phố Sơn La,056,"Trường TH, THCS & THPT Chu Văn An (Trước ngày 04/6/2021)","Tổ 2, Phường Quyết Tâm, Thành phố Sơn La, Tỉnh Sơn La",KV1,
1651,14,Sơn La,01,Thành phố Sơn La,057,Trung tâm GDTX Thành phố Sơn La,"Tổ 3, Phường Tô Hiệu, Thành phố Sơn La, Tỉnh Sơn La",KV1,
1652,14,Sơn La,01,Thành phố Sơn La,072,Trường Đại học Tây Bắc,"Tổ 2, Phường Quyết tâm, Thành phố Sơn La",KV1,
1653,14,Sơn La,01,Thành phố Sơn La,074,Trường THCS-THPT Nguyễn Du,"Bản Phiêng Tam, Xã Chiềng Đen, Thành phố Sơn La, Tỉnh Sơn La",KV1,
1654,14,Sơn La,01,Thành phố Sơn La,086,Trung tâm GDTX tỉnh,Phường Tô Hiệu,KV1,
1655,14,Sơn La,01,Thành phố Sơn La,100,"Trường TH, THCS&THPT Chu Văn An","Phường Quyết Tâm, TP. Sơn La",KV2,
1656,14,Sơn La,01,Thành phố Sơn La,102,"Trường TH, THCS&THPT Quốc tế Bình Minh","Tổ 1, phường Chiềng Cơi, TP. Sơn La, tỉnh Sơn La",KV1,
1657,14,Sơn La,01,Thành phố Sơn La,801,Trường THPT - Khu vực 1,,KV1,
1658,14,Sơn La,01,Thành phố Sơn La,802,Trường THPT - KV2NT,,KV2-NT,
1659,14,Sơn La,01,Thành phố Sơn La,803,Trường THPT - KV2,,KV2,
1660,14,Sơn La,01,Thành phố Sơn La,804,Trường THPT - Khu vực 3,,KV3,
1661,14,Sơn La,02,Huyện Quỳnh Nhai,007,Trường THPT Quỳnh Nhai,"Bản Phiêng Nèn, Xã Mường Giàng, Huyện Quỳnh Nhai, Tỉnh Sơn La",KV1,
1662,14,Sơn La,02,Huyện Quỳnh Nhai,008,Trường THPT Mường Giôn,"Bản Chiềng Lề, Xã Mường Giôn, Huyện Quỳnh Nhai, Tỉnh Sơn La",KV1,
1663,14,Sơn La,02,Huyện Quỳnh Nhai,009,Trung tâm GDNN- GDTX huyện Quỳnh Nhai,"Bản Phiêng Nèn, Xã Mường Giàng, Huyện Quỳnh Nhai, Tỉnh Sơn La",KV1,
1664,14,Sơn La,02,Huyện Quỳnh Nhai,044,Phòng GD -ĐT huyện Quỳnh Nhai,"Xã Mường Giàng, Huyện Quỳnh Nhai, Tỉnh Sơn La",KV1,
1665,14,Sơn La,02,Huyện Quỳnh Nhai,058,Trung tâm GDTX huyện Quỳnh Nhai,"Bản Phiêng Nèn, Xã Mường Giàng, Huyện Quỳnh Nhai, Tỉnh Sơn La",KV1,
1666,14,Sơn La,02,Huyện Quỳnh Nhai,076,Trường PTDTNT THCS-THPT huyện Quỳnh Nhai,Bản Phiêng Nèn - Xã Mường Giàng - Huyện Quỳnh Nhai - Tỉnh Sơn La,KV1,DTNT
1667,14,Sơn La,02,Huyện Quỳnh Nhai,087,Trung tâm GDTX Quỳnh Nhai,"Bản Phiêng Nèn, Xã Mường Giàng, Huyện Quỳnh Nhai, Tỉnh Sơn La",KV1,
1668,14,Sơn La,03,Huyện Mường La,010,Trường THPT Mường La,"Tiểu khu 5, Thị Trấn Ít Ong, Huyện Mường La, Tỉnh Sơn La",KV1,
1669,14,Sơn La,03,Huyện Mường La,011,Trường THPT Mường Bú,"Bản Văn Minh, Xã Mường Bú, Huyện Mường La, Tỉnh Sơn La",KV1,
1670,14,Sơn La,03,Huyện Mường La,012,Trung tâm GDNN- GDTX huyện Mường La,"Thị Trấn Ít Ong, Huyện Mường La, Tỉnh Sơn La",KV1,
1671,14,Sơn La,03,Huyện Mường La,045,Phòng GD -ĐT huyện Mường La,"Thị Trấn Ít Ong, Huyện Mường La, Tỉnh Sơn La",KV1,
1672,14,Sơn La,03,Huyện Mường La,059,Trung tâm GDTX huyện Mường La,"Bản Nong Heo, Thị Trấn Ít Ong, Huyện Mường La, Tỉnh Sơn La",KV1,
1673,14,Sơn La,03,Huyện Mường La,077,Trường PTDTNT THCS-THPT huyện Mường La,Thị trấn Ít Ong - Huyện Mường La - Tỉnh sơn La,KV1,DTNT
1674,14,Sơn La,03,Huyện Mường La,088,Trung tâm GDTX Mường La,"Thị Trấn Ít Ong, Huyện Mường La, Tỉnh Sơn La",KV1,
1675,14,Sơn La,04,Huyện Thuận Châu,013,Trường THPT Thuận Châu,"Tiểu khu 1, Thị Trấn Thuận Châu, Huyện Thuận Châu, Tỉnh Sơn La",KV1,
1676,14,Sơn La,04,Huyện Thuận Châu,014,Trường THPT Tông Lệnh,"Tiểu khu 3, Xã Tông Lạnh, Huyện Thuận Châu, Tỉnh Sơn La",KV1,
1677,14,Sơn La,04,Huyện Thuận Châu,015,Trung tâm GDNN- GDTX huyện Thuận Châu,"Bản Máy Đường, Xã Chiềng Pấc, Huyện Thuận Châu, Tỉnh Sơn La",KV1,
1678,14,Sơn La,04,Huyện Thuận Châu,016,Trường THPT Bình Thuận,"Bản Kiến Xương, Xã Phỏng Lái, Huyện Thuận Châu, Tỉnh Sơn La",KV1,
1679,14,Sơn La,04,Huyện Thuận Châu,017,Trường THPT Co Mạ,"Bản Pa Khuông, Xã Co Mạ, Huyện Thuận Châu, Tỉnh Sơn La",KV1,
1680,14,Sơn La,04,Huyện Thuận Châu,046,Phòng GD -ĐT huyện Thuận Châu,"Thị Trấn Thuận Châu, Huyện Thuận Châu, Tỉnh Sơn La",KV1,
1681,14,Sơn La,04,Huyện Thuận Châu,060,Trung tâm GDTX- HD&DN huyện Thuận Châu,"Thị Trấn Thuận Châu, Huyện Thuận Châu, Tỉnh Sơn La",KV1,
1682,14,Sơn La,04,Huyện Thuận Châu,068,Trung tâm GDTX huyện Thuận Châu,"Thị Trấn Thuận Châu, Huyện Thuận Châu, Tỉnh Sơn La",KV1,
1683,14,Sơn La,04,Huyện Thuận Châu,078,Trường PTDTNT THCS-THPT huyện Thuận Châu,TK I Thị Trấn Thuận Châu huyện Thuận Châu tỉnh Sơn La,KV1,DTNT
1684,14,Sơn La,04,Huyện Thuận Châu,089,Trung tâm GDTX Thuận Châu,"Bản Máy Đường, Xã Chiềng Pấc, Huyện Thuận Châu, Tỉnh Sơn La",KV1,
1685,14,Sơn La,05,Huyện Bắc Yên,018,Trường THPT Bắc Yên,"Bản Phiêng Ban 3, Thị Trấn Bắc Yên, Huyện Bắc Yên, Tỉnh Sơn La",KV1,
1686,14,Sơn La,05,Huyện Bắc Yên,019,Trung tâm GDNN- GDTX huyện Bắc Yên,"Bản Phiêng Ban 1, Thị Trấn Bắc Yên, Huyện Bắc Yên, Tỉnh Sơn La",KV1,
1687,14,Sơn La,05,Huyện Bắc Yên,047,Phòng GD -ĐT huyện Bắc Yên,"Thị Trấn Bắc Yên, Huyện Bắc Yên, Tỉnh Sơn La",KV1,
1688,14,Sơn La,05,Huyện Bắc Yên,061,Trung tâm GDTX huyện Bắc Yên,"Bản Phiêng Ban 1, Thị Trấn Bắc Yên, Huyện Bắc Yên, Tỉnh Sơn La",KV1,
1689,14,Sơn La,05,Huyện Bắc Yên,079,Trường PTDTNT THCS-THPT huyện Bắc Yên,PHIÊNG BAN I- THỊ TRẤN BẮC YÊN - BẮC YÊN- SƠN LA,KV1,DTNT
1690,14,Sơn La,05,Huyện Bắc Yên,090,Trung tâm GDTX Bắc Yên,"Bản Phiêng Ban 1, Thị Trấn Bắc Yên, Huyện Bắc Yên, Tỉnh Sơn La",KV1,
1691,14,Sơn La,06,Huyện Phù Yên,020,Trường THPT Phù Yên,"Khối 10, Thị Trấn Phù Yên, Huyện Phù Yên, Tỉnh Sơn La",KV1,
1692,14,Sơn La,06,Huyện Phù Yên,021,Trường THPT Gia Phù,"Phố Tân Lập,xã Gia Phù, Huyện Phù Yên, Tỉnh Sơn La",KV1,
1693,14,Sơn La,06,Huyện Phù Yên,022,Trung tâm GDNN- GDTX huyện Phù Yên,"Khối 5, Thị Trấn Phù Yên, Huyện Phù Yên, Tỉnh Sơn La",KV1,
1694,14,Sơn La,06,Huyện Phù Yên,023,Trường THPT Tân Lang,"Bản Khẻn, Xã Tân Lang, Huyện Phù Yên, Tỉnh Sơn La",KV1,
1695,14,Sơn La,06,Huyện Phù Yên,048,Phòng GD -ĐT huyện Phù Yên,"Thị Trấn Phù Yên, Huyện Phù Yên, Tỉnh Sơn La",KV1,
1696,14,Sơn La,06,Huyện Phù Yên,062,Trung tâm GDTX- HD&DN huyện Phù Yên,"Khối 5, Thị Trấn Phù Yên, Huyện Phù Yên, Tỉnh Sơn La",KV1,
1697,14,Sơn La,06,Huyện Phù Yên,069,Trung tâm GDTX huyện Phù Yên,"Khối 5, Thị Trấn Phù Yên, Huyện Phù Yên, Tỉnh Sơn La",KV1,
1698,14,Sơn La,06,Huyện Phù Yên,080,Trường PTDTNT THCS-THPT huyện Phù Yên,Bản Úm - Huy Thượng - Phù Yên - Sơn La,KV1,DTNT
1699,14,Sơn La,06,Huyện Phù Yên,091,Trung tâm GDTX Phù Yên,"Khối 5, Thị Trấn Phù Yên, Huyện Phù Yên, Tỉnh Sơn La",KV1,
1700,14,Sơn La,07,Huyện Mai Sơn,024,Trường THPT Mai Sơn (Trước ngày 04/6/2021),"Tiểu khu 13, Thị Trấn Hát lót, Huyện Mai Sơn, Tỉnh Sơn La",KV1,
1701,14,Sơn La,07,Huyện Mai Sơn,025,Trường THPT Cò Nòi,"Tiểu khu 2, Xã Cò Nòi, Huyện Mai Sơn, Tỉnh Sơn La",KV1,
1702,14,Sơn La,07,Huyện Mai Sơn,026,Trường THPT Chu Văn Thịnh,"Bản Áng, Xã Chiềng Ban, Huyện Mai Sơn, Tỉnh Sơn La",KV1,
1703,14,Sơn La,07,Huyện Mai Sơn,027,Trung tâm GDNN- GDTX huyện Mai Sơn,"Tiểu khu 13, Thị Trấn Hát lót, Huyện Mai Sơn, Tỉnh Sơn La",KV1,
1704,14,Sơn La,07,Huyện Mai Sơn,049,Phòng GD -ĐT huyện Mai Sơn,"Thị Trấn Hát lót, Huyện Mai Sơn, Tỉnh Sơn La",KV1,
1705,14,Sơn La,07,Huyện Mai Sơn,063,Trung tâm GDTX huyện Mai Sơn,"Tiểu khu 13, Thị Trấn Hát lót, Huyện Mai Sơn, Tỉnh Sơn La",KV1,
1706,14,Sơn La,07,Huyện Mai Sơn,081,Trường PTDTNT THCS-THPT Huyện Mai Sơn,Tiểu khu 13 thị trấn Hát Lót huyện Mai Sơn tỉnh Sơn La,KV1,DTNT
1707,14,Sơn La,07,Huyện Mai Sơn,092,Trung tâm GDTX Mai Sơn (Trước ngày 04/6/2021),"Tiểu khu 13, Thị Trấn Hát lót, Huyện Mai Sơn, Tỉnh Sơn La",KV1,
1708,14,Sơn La,07,Huyện Mai Sơn,099,Trường THPT Mai Sơn,Thị trấn Hát Lót,KV2-NT,
1709,14,Sơn La,07,Huyện Mai Sơn,101,Trung tâm GDTX Mai Sơn,"Thị trấn Hát Lót, huyện Mai Sơn, tỉnh Sơn La",KV2-NT,
1710,14,Sơn La,08,Huyện Yên Châu,028,Trường THPT Yên Châu,"Số 113 Phố Chu Văn An, Thị Trấn Yên Châu, Huyện Yên Châu, Tỉnh Sơn La",KV1,
1711,14,Sơn La,08,Huyện Yên Châu,029,Trường THPT Phiêng Khoài,"Thôn Kim Chung I, Xã Phiêng Khoài - Huyện Yên Châu",KV1,
1712,14,Sơn La,08,Huyện Yên Châu,030,Trung tâm GDNN- GDTX huyện Yên Châu,"Tiểu khu 4, Thị Trấn Yên Châu, Huyện Yên Châu, Tỉnh Sơn La",KV1,
1713,14,Sơn La,08,Huyện Yên Châu,050,Phòng GD -ĐT huyện Yên Châu,"Thị Trấn Yên Châu, Huyện Yên Châu, Tỉnh Sơn La",KV1,
1714,14,Sơn La,08,Huyện Yên Châu,064,Trung tâm GDTX huyện Yên Châu,"Tiểu khu 4, Thị Trấn Yên Châu, Huyện Yên Châu, Tỉnh Sơn La",KV1,
1715,14,Sơn La,08,Huyện Yên Châu,082,Trường PTDTNT THCS-THPT huyện Yên Châu,Thị trấn Yên Châu - Huyện Yên Châu - Tỉnh Sơn La,KV1,DTNT
1716,14,Sơn La,08,Huyện Yên Châu,093,Trung tâm GDTX Yên Châu,"Tiểu khu 4, Thị Trấn Yên Châu, Huyện Yên Châu, Tỉnh Sơn La",KV1,
1717,14,Sơn La,09,Huyện Sông Mã,031,Trường THPT Sông Mã,"Tổ 8, Thị Trấn Sông Mã, Huyện Sông Mã, Tỉnh Sơn La",KV1,
1718,14,Sơn La,09,Huyện Sông Mã,032,Trường THPT Chiềng Khương,"Bản Khương Tiên, Xã Chiềng Khương - Huyện Sông Mã",KV1,
1719,14,Sơn La,09,Huyện Sông Mã,033,Trường THPT Mường Lầm,"Bản Tà Coọng, Xã Mường Lầm, Huyện Sông Mã, Tỉnh Sơn La",KV1,
1720,14,Sơn La,09,Huyện Sông Mã,034,Trung tâm GDNN- GDTX huyện Sông Mã,"Bản Cánh Kiến, xã Nà Nghịu, Huyện Sông Mã, Tỉnh Sơn La",KV1,
1721,14,Sơn La,09,Huyện Sông Mã,051,Phòng GD -ĐT huyện Sông Mã,"Thị Trấn Sông Mã, Huyện Sông Mã, Tỉnh Sơn La",KV1,
1722,14,Sơn La,09,Huyện Sông Mã,065,Trung tâm GDTX huyện Sông Mã,"Thị Trấn Sông Mã, Huyện Sông Mã, Tỉnh Sơn La",KV1,
1723,14,Sơn La,09,Huyện Sông Mã,083,Trường PTDTNT THCS-THPT Sông Mã,"Tổ Dân phố 2, Thị trấn Sông Mã, huyện Sông Mã, tỉnh Sơn La",KV1,DTNT
1724,14,Sơn La,09,Huyện Sông Mã,094,Trung tâm GDTX Sông Mã,"Bản Cánh Kiến, xã Nà Nghịu, Huyện Sông Mã, Tỉnh Sơn La",KV1,
1725,14,Sơn La,10,Huyện Mộc Châu,035,Trường THPT Chiềng Sơn,"Tiểu khu 1, Xã Chiềng Sơn, Huyện Mộc Châu, Tỉnh Sơn La",KV1,
1726,14,Sơn La,10,Huyện Mộc Châu,036,Trường THPT Tân Lập,"Tiểu khu 2, Xã Tân Lập, Huyện Mộc Châu, Tỉnh Sơn La",KV1,
1727,14,Sơn La,10,Huyện Mộc Châu,037,Trường THPT Mộc Lỵ,"Đường Phan Đình Giót, Thị Trấn Mộc Châu, Huyện Mộc Châu, Tỉnh Sơn La",KV1,
1728,14,Sơn La,10,Huyện Mộc Châu,038,Trường THPT Thảo Nguyên,"Tiểu khu cấp 3, Thị trấn Nông trường, Huyện Mộc Châu, Tỉnh Sơn La",KV1,
1729,14,Sơn La,10,Huyện Mộc Châu,039,Trung tâm GDNN- GDTX huyện Mộc Châu,"Bản Tự Nhiên, Xã Đông Sang, Huyện Mộc Châu, Tỉnh Sơn La",KV1,
1730,14,Sơn La,10,Huyện Mộc Châu,052,Phòng GD - ĐT huyện Mộc Châu,"Thị Trấn Mộc Châu, Huyện Mộc Châu, Tỉnh Sơn La",KV1,
1731,14,Sơn La,10,Huyện Mộc Châu,066,Trung tâm GDTX-HN&DN Mộc Châu,"Thị trấn Nông trường, Huyện Mộc Châu, Tỉnh Sơn La",KV1,
1732,14,Sơn La,10,Huyện Mộc Châu,070,Trung tâm GDTX Mộc Châu,"Thị trấn Nông trường, Huyện Mộc Châu, Tỉnh Sơn La",KV1,
1733,14,Sơn La,10,Huyện Mộc Châu,075,Trường THCS - THPT Chiềng Sơn,"Tiểu khu 1, Xã Chiềng Sơn, Huyện Mộc Châu, Tỉnh Sơn La",KV1,
1734,14,Sơn La,10,Huyện Mộc Châu,084,Trường PTDTNT THCS-THPT huyện Mộc Châu,Tiểu khu 3 - Thị trấn Mộc Châu - Huyện Mộc Châu - Tỉnh Sơn La,KV1,DTNT
1735,14,Sơn La,10,Huyện Mộc Châu,095,Trung tâm GDTX Mộc Châu,"Bản Tự Nhiên, Xã Đông Sang, Huyện Mộc Châu, Tỉnh Sơn La",KV1,
1736,14,Sơn La,11,Huyện Sốp Cộp,040,Trường THPT Sốp Cộp,"Trung tâm huyện Sốp Cộp, Xã Sốp Cộp, Huyện Sốp Cộp, Tỉnh Sơn La",KV1,
1737,14,Sơn La,11,Huyện Sốp Cộp,041,Trung tâm GDNN- GDTX huyện Sốp Cộp,"Bảng Cang Mường, Xã Sốp Cộp, Huyện Sốp Cộp, Tỉnh Sơn La",KV1,
1738,14,Sơn La,11,Huyện Sốp Cộp,053,Phòng GD -ĐT huyện Sốp Cộp,"Xã Sốp Cộp, Huyện Sốp Cộp, Tỉnh Sơn La",KV1,
1739,14,Sơn La,11,Huyện Sốp Cộp,067,Trung tâm GDTX- HN &DN huyện Sốp Cộp,"Bảng Cang Mường, Xã Sốp Cộp, Huyện Sốp Cộp, Tỉnh Sơn La",KV1,
1740,14,Sơn La,11,Huyện Sốp Cộp,071,Trung tâm GDTX huyện Sốp Cộp,"Bản Cang Mường, Xã Sốp Cộp, Huyện Sốp Cộp, Tỉnh Sơn La",KV1,
1741,14,Sơn La,11,Huyện Sốp Cộp,085,Trường PTDTNT THCS-THPT huyện Sốp Cộp,"Khu Tái Định Cư Nà Phe, xã Sốp Cộp, huyện Sốp Cộp",KV1,DTNT
1742,14,Sơn La,11,Huyện Sốp Cộp,096,Trung tâm GDTX Sốp Cộp,"Bảng Cang Mường, Xã Sốp Cộp, Huyện Sốp Cộp, Tỉnh Sơn La",KV1,
1743,14,Sơn La,12,Huyện Vân Hồ,042,Trường THPT Mộc Hạ,"Bản Dạo, Xã Tô Múa, Huyện Vân Hồ, Tỉnh Sơn La",KV1,
1744,14,Sơn La,12,Huyện Vân Hồ,054,Phòng GD - ĐT huyện Vân Hồ,"Xã Vân Hồ, Huyện Vân Hồ, Tỉnh Sơn La",KV1,
1745,14,Sơn La,12,Huyện Vân Hồ,055,Trường THPT Vân Hồ,"Bản Suối Lìn, Xã Vân Hồ, Huyện Vân Hồ, Tỉnh Sơn La",KV1,
1746,14,Sơn La,12,Huyện Vân Hồ,073,Trung tâm GDNN - GDTX huyện Vân Hồ,"Bản Suối Lìn, Xã Vân Hồ, Huyện Vân Hồ, Tỉnh Sơn La",KV1,
1747,14,Sơn La,12,Huyện Vân Hồ,097,Trung tâm GDTX Vân Hồ,"Bản Suối Lìn, Xã Vân Hồ, Huyện Vân Hồ, Tỉnh Sơn La",KV1,
1748,14,Sơn La,12,Huyện Vân Hồ,098,Trường PTDTNT THCS-THPT huyện Vân Hồ,Xã Vân Hồ,KV1,
1749,15,Phú Thọ,00,Sở Giáo dục và Đào tạo,800,Học ở nước ngoài_15,,KV3,
1750,15,Phú Thọ,00,Sở Giáo dục và Đào tạo,900,"Quân nhân, Công an tại ngũ_15",,KV3,
1751,15,Phú Thọ,01,Thành phố Việt Trì,001,Trường THPT Chuyên Hùng Vương,"Khu 7, xã Trưng Vương, thành phố Việt Trì, tỉnh Phú Thọ",KV2,
1752,15,Phú Thọ,01,Thành phố Việt Trì,002,Trường THPT Việt Trì,"Tổ 22 khu 12, đường Lê Quý Đôn, phường Gia Cẩm, thành phố Việt Trì, tỉnh Phú Thọ",KV2,
1753,15,Phú Thọ,01,Thành phố Việt Trì,003,Trường THPT Công nghiệp Việt Trì,"Tổ 16, Khu Đô thị Đồng Mạ, phường Thanh Miếu, thành phố Việt Trì, tỉnh Phú Thọ",KV2,
1754,15,Phú Thọ,01,Thành phố Việt Trì,004,Trường THPT Kỹ thuật Việt Trì,"Khu 1B, phường Vân Phú, thành phố Việt Trì, tỉnh Phú Thọ",KV2,
1755,15,Phú Thọ,01,Thành phố Việt Trì,005,Trường THPT Nguyễn Tất Thành,"Ngõ 250, đường Lê Quí Đôn, Khu Hà Liễu, phường Gia Cẩm, thành phố Việt Trì, tỉnh Phú Thọ",KV2,
1756,15,Phú Thọ,01,Thành phố Việt Trì,006,Trường THPT Vũ Thê Lang,"Số nhà 880A, đường Châu Phong, phường Tân Dân, thành phố Việt Trì, tỉnh Phú Thọ",KV2,
1757,15,Phú Thọ,01,Thành phố Việt Trì,007,Trường PT Hermann Gmeiner Việt Trì,"Phố Châu Phong, Đường Phù Đổng, phường Dữu Lâu, thành phố Việt Trì, tỉnh Phú Thọ",KV2,
1758,15,Phú Thọ,01,Thành phố Việt Trì,008,Trường THPT Trần Phú,"Số 121, đường Lý Tự Trọng, phường Thanh Miếu, thành phố Việt Trì, tỉnh Phú Thọ",KV2,
1759,15,Phú Thọ,01,Thành phố Việt Trì,009,Trung tâm GDNN-GDTX Việt Trì,"Tổ 37 khu 3, Phường Gia Cẩm, thành phố Việt Trì, tỉnh Phú Thọ",KV2,
1760,15,Phú Thọ,01,Thành phố Việt Trì,060,Trung tâm KTTH-HN tỉnh Phú Thọ,"Tổ 22B, Khu Hà Liễu, Phường Gia Cẩm, Thành phố Việt Trì, tỉnh Phú Thọ",KV2,
1761,15,Phú Thọ,01,Thành phố Việt Trì,063,Trường Cao đẳng Nghề Phú Thọ,"Số 3647, Khu 1, phường Vân Phú, Thành Phố Việt Trì, tỉnh Phú Thọ",KV2,
1762,15,Phú Thọ,01,Thành phố Việt Trì,066,Trường Trung cấp Nghề Công nghệ và Vận tải Phú Thọ,"Phường Thanh Miếu, thành phố Việt Trì",KV2,
1763,15,Phú Thọ,01,Thành phố Việt Trì,068,Trường Trung cấp Nghề Herman Gmeiner Việt Trì,"Phường Dữu Lâu, thành phố Việt Trì",KV2,
1764,15,Phú Thọ,01,Thành phố Việt Trì,069,Trường Trung cấp nghề Bách khoa Phú Thọ,"Phường Tiên Cá,t thành phố Việt Trì",KV2,
1765,15,Phú Thọ,01,Thành phố Việt Trì,070,"Trường Trung cấp nghề Công nghệ, Du lịch và dịch vụ Phú Nam","Xã Vân Phú, thành phố Việt Trì",KV2,
1766,15,Phú Thọ,01,Thành phố Việt Trì,071,Trường THPT Lê Quý Đôn,"Phường Dữu Lâu, thành phố Việt Trì",KV2,
1767,15,Phú Thọ,01,Thành phố Việt Trì,073,Trường Cao đẳng Công nghiệp thực phẩm,"Phường Tân Dân, thành phố Việt Trì",KV2,
1768,15,Phú Thọ,01,Thành phố Việt Trì,075,Trường Cao đẳng Dược Phú Thọ,"Phường Gia Cẩm, thành phố Việt Trì",KV2,
1769,15,Phú Thọ,01,Thành phố Việt Trì,076,Trường THPT Dân lập Âu cơ,"Phường Tân Dân, thành phố Việt Trì",KV2,
1770,15,Phú Thọ,01,Thành phố Việt Trì,077,Trường THPT Dân lập Vân Phú,"Xã Vân Phú, thành phố Việt Trì",KV2,
1771,15,Phú Thọ,01,Thành phố Việt Trì,087,Trường THPT Bán công Công nghiệp Việt Trì,"Phường Thanh miếu, thành phố Việt Trì",KV2,
1772,15,Phú Thọ,01,Thành phố Việt Trì,088,Cao đẳng Kinh tế - Kỹ thuật Phú Thọ,"Phường Thọ Sơn, TP. Việt Trì",KV2,
1773,15,Phú Thọ,01,Thành phố Việt Trì,090,Trung tâm GDTX tỉnh Phú Thọ,"Phố Thành Công, phường Tiên Cát, thành phố Việt Trì, tỉnh Phú Thọ",KV2,
1774,15,Phú Thọ,01,Thành phố Việt Trì,091,Trường Phổ thông Chất lượng cao Hùng Vương,"Khuôn viên Trường Đại học Hùng Vương, phường Nông Trang, Tp Việt Trì, tỉnh Phú Thọ",KV2,
1775,15,Phú Thọ,01,Thành phố Việt Trì,092,Trường Cao đẳng Nghề số 2 - Bộ Quốc phòng,"Số 2193, đường Hùng Vương, thành Phố Việt Trì, tỉnh Phú Thọ",KV2,
1776,15,Phú Thọ,01,Thành phố Việt Trì,093,Trường THPT Chất lượng cao Văn Lang,"Số 2201, Đường Hùng Vương, Phường Gia Cẩm, Thành phố Việt Trì, Phú Thọ",KV2,
1777,15,Phú Thọ,01,Thành phố Việt Trì,801,Trường THPT - Khu vực 1,,KV1,
1778,15,Phú Thọ,01,Thành phố Việt Trì,802,Trường THPT - KV2NT,,KV2-NT,
1779,15,Phú Thọ,01,Thành phố Việt Trì,803,Trường THPT - KV2,,KV2,
1780,15,Phú Thọ,01,Thành phố Việt Trì,804,Trường THPT - Khu vực 3,,KV3,
1781,15,Phú Thọ,02,Thị xã Phú Thọ,010,Trường THPT Hùng Vương,"Số 148 phố Tân Lập, phường Hùng Vương, TX Phú Thọ, tỉnh Phú Thọ",KV2,
1782,15,Phú Thọ,02,Thị xã Phú Thọ,011,Trường Phổ thông Dân tộc Nội trú tỉnh Phú Thọ,"Khu 2, xã Hà Lộc, Thị xã Phú Thọ, Phú Thọ",KV2,DTNT
1783,15,Phú Thọ,02,Thị xã Phú Thọ,012,Trường THPT Thị xã Phú Thọ,"Phố Tân Lập, phường Hùng Vương, thị xã Phú Thọ, tỉnh Phú Thọ",KV2,
1784,15,Phú Thọ,02,Thị xã Phú Thọ,013,Trường THPT Trường Thịnh,"Số nhà 16, đường Kim Đồng, khu dân cư Trường An, phường Hùng Vương, thị xã Phú Thọ, tỉnh Phú Thọ",KV2,
1785,15,Phú Thọ,02,Thị xã Phú Thọ,014,Trung tâm GDNN-GDTX Thị xã Phú Thọ,"Số 154 Phố Tân Lập, Phường Hùng Vương, thị xã Phú Thọ, tỉnh Phú Thọ",KV2,
1786,15,Phú Thọ,02,Thị xã Phú Thọ,061,Trung tâm KTTH-HN thị xã Phú Thọ,"Phường Âu Cơ, thị xã Phú Thọ",KV2,
1787,15,Phú Thọ,02,Thị xã Phú Thọ,065,Trường Cao đẳng nghề Công nghệ và Nông lâm Phú Thọ,"Xã Hà Lộc, Thị xã Phú Thọ",KV2,
1788,15,Phú Thọ,02,Thị xã Phú Thọ,074,Trường Cao đẳng Y tế Phú Thọ,"Phường Trường Thịnh, thị xã Phú Thọ",KV2,
1789,15,Phú Thọ,02,Thị xã Phú Thọ,078,Trường THPT Bán Công Hùng Vương,"Phường Hùng Vương, TX. Phú Thọ",KV2,
1790,15,Phú Thọ,03,Huyện Đoan Hùng,015,Trường THPT Đoan Hùng (Trước 04/6/2021),"Số 10, đường Thọ Sơn, thị trấn Đoan Hùng, huyện Đoan Hùng, tỉnh Phú Thọ",KV1,
1791,15,Phú Thọ,03,Huyện Đoan Hùng,016,Trường THPT Chân Mộng (Trước 04/6/2021),"Khu 4, xã Chân Mộng, huyện Đoan Hùng, tỉnh Phú Thọ",KV1,
1792,15,Phú Thọ,03,Huyện Đoan Hùng,017,Trường THPT Quế Lâm (Trước 04/6/2021),"Xã Phú Lâm, huyện Đoan Hùng, tỉnh Phú Thọ",KV1,
1793,15,Phú Thọ,03,Huyện Đoan Hùng,018,Trung tâm GDNN-GDTX Đoan Hùng (Trước 04/6/2021),"Khu 9, xã Sóc Đăng, huyện Đoan Hùng, tỉnh Phú Thọ",KV1,
1794,15,Phú Thọ,03,Huyện Đoan Hùng,079,Trường THPT Bán Công Đoan Hùng (Trước 04/6/2021),"Thị trấn Đoan Hùng, huyện Đoan Hùng",KV1,
1795,15,Phú Thọ,03,Huyện Đoan Hùng,095,Trường THPT Đoan Hùng (Từ 04/6/2021),"Số 10, đường Thọ Sơn, thị trấn Đoan Hùng, huyện Đoan Hùng, tỉnh Phú Thọ",KV2-NT,
1796,15,Phú Thọ,03,Huyện Đoan Hùng,096,Trường THPT Chân Mộng (Từ 04/6/2021),"Khu 4, xã Chân Mộng, huyện Đoan Hùng, tỉnh Phú Thọ",KV2-NT,
1797,15,Phú Thọ,03,Huyện Đoan Hùng,097,Trường THPT Quế Lâm (Từ 04/6/2021),"Xã Phú Lâm, huyện Đoan Hùng, tỉnh Phú Thọ",KV2-NT,
1798,15,Phú Thọ,03,Huyện Đoan Hùng,098,Trung tâm GDNN-GDTX Đoan Hùng (Từ 04/6/2021),"Khu 9, xã Sóc Đăng, huyện Đoan Hùng, tỉnh Phú Thọ",KV2-NT,
1799,15,Phú Thọ,04,Huyện Thanh Ba (Trước 04/6/2021),019,Trường THPT Thanh Ba (Trước 04/6/2021),"Khu 9, xã Ninh Dân, huyện Thanh Ba, tỉnh Phú Thọ",KV1,
1800,15,Phú Thọ,04,Huyện Thanh Ba (Trước 04/6/2021),020,Trường THPT Yển Khê (Trước 04/6/2021),"Khu 15, xã Hanh Cù, huyện Thanh Ba, tỉnh Phú Thọ",KV1,
1801,15,Phú Thọ,04,Huyện Thanh Ba (Trước 04/6/2021),021,Trung tâm GDNN-GDTX Thanh Ba (Trước 04/6/2021),"Số 148, đường Phạm Tiến Duật, thị trấn Thanh Ba, huyện Thanh Ba, tỉnh Phú Thọ",KV1,
1802,15,Phú Thọ,04,Huyện Thanh Ba (Trước 04/6/2021),062,Trường Cao đẳng nghề cơ điện Phú Thọ (Trước 04/6/2021),"Thị trấn Thanh Ba, huyện Thanh Ba",KV1,
1803,15,Phú Thọ,04,Huyện Thanh Ba (Trước 04/6/2021),080,Trường THPT Bán Công Thanh Ba (Trước 04/6/2021),"Xã Ninh Dân, huyện Thanh Ba",KV1,
1804,15,Phú Thọ,05,Huyện Hạ Hòa (Trước 04/6/2021),022,Trường THPT Hạ Hoà (Trước 04/6/2021),"Số 41, Phố Chu Văn An, Đường Âu Cơ, thị trấn Hạ Hòa, huyện Hạ Hòa, tỉnh Phú Thọ",KV1,
1805,15,Phú Thọ,05,Huyện Hạ Hòa (Trước 04/6/2021),023,Trường THPT Vĩnh Chân (Trước 04/6/2021),"Khu 7, xã Vĩnh Chân, huyện Hạ Hòa, tỉnh Phú Thọ",KV1,
1806,15,Phú Thọ,05,Huyện Hạ Hòa (Trước 04/6/2021),024,Trường THPT Xuân Áng (Trước 04/6/2021),"Khu 6, xã Xuân Áng, huyện Hạ Hòa, tỉnh Phú Thọ",KV1,
1807,15,Phú Thọ,05,Huyện Hạ Hòa (Trước 04/6/2021),025,Trường THPT Nguyễn Bỉnh Khiêm (Trước 04/6/2021),"Số nhà 60, phố Chu Văn An, thị trấn Hạ Hòa, huyện Hạ Hòa, tỉnh Phú Thọ",KV1,
1808,15,Phú Thọ,05,Huyện Hạ Hòa (Trước 04/6/2021),026,Trung tâm GDNN-GDTX Hạ Hoà (Trước 04/6/2021),"Số 114 Khu 7, thị trấn Hạ Hòa, huyện Hạ Hòa, tỉnh Phú Thọ",KV1,
1809,15,Phú Thọ,06,Huyện Cẩm Khê (Trước 04/6/2021),027,Trường THPT Cẩm Khê (Trước 04/6/2021),"Số 136 đường Hoa Khê, thị trấn Cẩm Khê, huyện Cẩm Khê, tỉnh Phú Thọ",KV1,
1810,15,Phú Thọ,06,Huyện Cẩm Khê (Trước 04/6/2021),028,Trường THPT Hiền Đa (Trước 04/6/2021),"Khu Thạch Đê, xã Hùng Việt, huyện Cẩm Khê, tỉnh Phú Thọ",KV1,
1811,15,Phú Thọ,06,Huyện Cẩm Khê (Trước 04/6/2021),029,Trường THPT Phương Xá (Trước 04/6/2021),"Khu Minh Tân, xã Minh Tân, huyện Cẩm Khê, tỉnh Phú Thọ",KV1,
1812,15,Phú Thọ,06,Huyện Cẩm Khê (Trước 04/6/2021),030,Trung tâm GDNN-GDTX Cẩm Khê (Trước 04/6/2021),"Số 45, Phố Quế Hoa, thị trấn Cẩm Khê, huyện Cẩm Khê",KV1,
1813,15,Phú Thọ,06,Huyện Cẩm Khê (Trước 04/6/2021),081,Trường THPT Bán Công Cẩm Khê (Trước 04/6/2021),"Thị trấn Sông thao, huyện Cẩm Khê",KV1,
1814,15,Phú Thọ,07,Huyện Yên Lập,031,Trường THPT Yên Lập,"Số 248, đường An Lập, Chùa 11, thị trấn Yên Lập, huyện Yên Lập, tỉnh Phú Thọ",KV1,
1815,15,Phú Thọ,07,Huyện Yên Lập,032,Trường THPT Lương Sơn,"Khu Xuân Tân, Xã Lương Sơn, huyện Yên Lập, tỉnh Phú Thọ",KV1,
1816,15,Phú Thọ,07,Huyện Yên Lập,033,Trường THPT Minh Hòa,"Khu 4, Xã Minh Hòa, huyện Yên Lập, tỉnh Phú Thọ",KV1,
1817,15,Phú Thọ,07,Huyện Yên Lập,034,Trung tâm GDNN-GDTX Yên Lập,"Số 30, đường Long Sơn, khu chùa 11, thị trấn Yên Lập, huyện Yên Lập, tỉnh Phú Thọ",KV1,
1818,15,Phú Thọ,07,Huyện Yên Lập,089,Trường Phổ thông Dân tộc Nội trú THCS&THPT huyện Yên Lập,"Thị trấn Yên Lập, huyện Yên Lập, tỉnh Phú Thọ",KV1,DTNT
1819,15,Phú Thọ,08,Huyện Thanh Sơn,035,Trường THPT Thanh Sơn (Trước 04/6/2021),"Phố 19/5 thị trấn Thanh Sơn, huyện Thanh Sơn, tỉnh Phú Thọ",KV1,
1820,15,Phú Thọ,08,Huyện Thanh Sơn,036,Trường THPT Văn Miếu,"xóm Dẹ 1, xã Văn Miếu, huyện Thanh Sơn, tỉnh Phú Thọ",KV1,
1821,15,Phú Thọ,08,Huyện Thanh Sơn,037,Trường THPT Hương Cần,"Khu Tân Hương, xã Hương Cần, huyện Thanh Sơn, tỉnh Phú Thọ",KV1,
1822,15,Phú Thọ,08,Huyện Thanh Sơn,038,Trung tâm GDNN-GDTX Thanh Sơn (Trước 04/6/2021),"Số nhà 151 phố Cầu Đất, thị trấn Thanh Sơn, huyện Thanh Sơn, tỉnh Phú Thọ",KV1,
1823,15,Phú Thọ,08,Huyện Thanh Sơn,067,Trường Trung cấp nghề Dân tộc nội trú Phú Thọ (Trước 04/6/2021),"Thị trấn Thanh Sơn, huyện Thanh Sơn",KV1,DTNT
1824,15,Phú Thọ,08,Huyện Thanh Sơn,082,Trường THPT Bán Công Thanh Sơn (Trước 04/6/2021),"Thị trấn Thanh Sơn, H. Thanh Sơn",KV1,
1825,15,Phú Thọ,08,Huyện Thanh Sơn,127,Trường THPT Thanh Sơn (Từ 15/8/2024),"Phố 19/5 thị trấn Thanh Sơn, huyện Thanh Sơn, tỉnh Phú Thọ",KV1,
1826,15,Phú Thọ,08,Huyện Thanh Sơn,128,Trung tâm GDNN-GDTX Thanh Sơn (Từ 15/8/2024),"Số nhà 151 phố Cầu Đất, thị trấn Thanh Sơn, huyện Thanh Sơn, tỉnh Phú Thọ",KV1,
1827,15,Phú Thọ,09,Huyện Phù Ninh (Trước 04/6/2021),039,Trường THPT Phù Ninh (Trước 04/6/2021),"Xã Phú Lộc, huyện Phù Ninh, tỉnh Phú Thọ",KV1,
1828,15,Phú Thọ,09,Huyện Phù Ninh (Trước 04/6/2021),040,Trường THPT Tử Đà,"Khu Gai Hạ, xã Bình Phú, huyện Phù Ninh, tỉnh Phú Thọ",KV2-NT,
1829,15,Phú Thọ,09,Huyện Phù Ninh (Trước 04/6/2021),041,Trường THPT Trung Giáp (Trước 04/6/2021),"Khu 5, xã Trung Giáp, huyện Phù Ninh, tỉnh Phú Thọ",KV1,
1830,15,Phú Thọ,09,Huyện Phù Ninh (Trước 04/6/2021),042,Trường THPT Nguyễn Huệ (Trước 04/6/2021),"Thị trấn Phong Châu, huyện Phù Ninh",KV1,
1831,15,Phú Thọ,09,Huyện Phù Ninh (Trước 04/6/2021),043,Trung tâm GDNN-GDTX Phù Ninh (Trước 04/6/2021),"Số nhà 24, Khu Bãi Thơi, Thị trấn Phong Châu, Phù Ninh, Phú Thọ",KV1,
1832,15,Phú Thọ,09,Huyện Phù Ninh (Trước 04/6/2021),064,Trường Cao đẳng nghề Giấy và Cơ điện (Trước 04/6/2021),"Thị trấn Phong Châu, huyện Phù Ninh",KV1,
1833,15,Phú Thọ,09,Huyện Phù Ninh (Trước 04/6/2021),083,Trường THPT Bán Công Phù Ninh (Trước 04/6/2021),"Xã Phú Lộc, huyện Phù Ninh",KV1,
1834,15,Phú Thọ,09,Huyện Phù Ninh (Trước 04/6/2021),084,Trường THPT Phan Đăng Lưu (Trước 04/6/2021),"Thị trấn Phong Châu, H. Phù Ninh",KV1,
1835,15,Phú Thọ,10,Huyện Lâm Thao (Trước 04/6/2021),044,Trường THPT Long Châu Sa,"Số 90, Đường Vũ Duệ, thị trấn Lâm Thao, huyện Lâm Thao, tỉnh Phú Thọ",KV2-NT,
1836,15,Phú Thọ,10,Huyện Lâm Thao (Trước 04/6/2021),045,Trường THPT Phong Châu (Trước 04/6/2021),"Khu 14, thị trấn hùng Sơn, huyện Lâm Thao, tỉnh Phú Thọ",KV1,
1837,15,Phú Thọ,10,Huyện Lâm Thao (Trước 04/6/2021),046,Trường THPT Lâm Thao,"Số nhà 65 Phố Vũ Duệ, thị trấn Lâm Thao, huyện Lâm Thao, tỉnh Phú Thọ",KV2-NT,
1838,15,Phú Thọ,10,Huyện Lâm Thao (Trước 04/6/2021),047,Trung tâm GDNN-GDTX Lâm Thao,"Khu Lâm Nghĩa, thị trấn Lâm Thao, huyện Lâm Thao, tỉnh Phú Thọ",KV2-NT,
1839,15,Phú Thọ,10,Huyện Lâm Thao (Trước 04/6/2021),048,Trường Cao đẳng Công nghiệp Hóa chất (Trước 04/6/2021),"Thị trấn Hùng Sơn, huyện Lâm Thao",KV1,
1840,15,Phú Thọ,10,Huyện Lâm Thao (Trước 04/6/2021),072,Trường ĐH Công nghiệp Việt trì (Trước 04/6/2021),"Xã Tiên Kiên, H. Lâm Thao",KV1,
1841,15,Phú Thọ,10,Huyện Lâm Thao (Trước 04/6/2021),085,Trường THPT Bán Công Phong Châu (Trước 04/6/2021),"Thị trấn Hùng Sơn, H. Lâm Thao",KV1,
1842,15,Phú Thọ,11,Huyện Tam Nông (Trước 04/6/2021),049,Trường THPT Tam Nông (Trước 04/6/2021),"Khu 4, xã Hương Nộn, huyện Tam Nông, tỉnh Phú Thọ",KV1,
1843,15,Phú Thọ,11,Huyện Tam Nông (Trước 04/6/2021),050,Trường THPT Mỹ Văn (Trước 04/6/2021),"Xã Lam Sơn, huyện Tam Nông, tỉnh Phú Thọ",KV1,
1844,15,Phú Thọ,11,Huyện Tam Nông (Trước 04/6/2021),051,Trường THPT Hưng Hoá (Trước 04/6/2021),"Khu Tiến Thịnh, thị trấn Hưng Hóa, huyện Tam Nông, tỉnh Phú Thọ",KV1,
1845,15,Phú Thọ,11,Huyện Tam Nông (Trước 04/6/2021),052,Trung tâm GDNN-GDTX Tam Nông (Trước 04/6/2021),"Khu 3, Xã Hương Nộn, huyện Tam Nông, tỉnh Phú Thọ",KV1,
1846,15,Phú Thọ,11,Huyện Tam Nông (Trước 04/6/2021),086,Trường THPT Bán Công Tam Nông (Trước 04/6/2021),"Xã Hương Nộn, H. Tam Nông",KV1,
1847,15,Phú Thọ,12,Huyện Thanh Thủy,053,Trường THPT Thanh Thuỷ (Trước 04/6/2021),"Khu 5, thị trấn Thanh Thủy, huyện Thanh Thủy, tỉnh Phú Thọ",KV1,
1848,15,Phú Thọ,12,Huyện Thanh Thủy,054,Trường THPT Trung Nghĩa (Trước 04/6/2021),"Khu 2, xã Đồng Trung, huyện Thanh Thủy, tỉnh Phú Thọ",KV1,
1849,15,Phú Thọ,12,Huyện Thanh Thủy,055,Trường THPT Tản Đà (Trước 04/6/2021),"Khu 3, xã Đồng Trung, huyện Thanh Thủy, tỉnh Phú Thọ",KV1,
1850,15,Phú Thọ,12,Huyện Thanh Thủy,056,Trung tâm GDNN-GDTX Thanh Thuỷ (Trước 04/6/2021),"Khu 1 xã Tân Phương, huyện Thanh Thủy,tỉnh Phú Thọ",KV1,
1851,15,Phú Thọ,12,Huyện Thanh Thủy,101,Trường THPT Thanh Thuỷ (Từ 04/6/2021),"Khu 5, thị trấn Thanh Thủy, huyện Thanh Thủy, tỉnh Phú Thọ",KV2-NT,
1852,15,Phú Thọ,12,Huyện Thanh Thủy,102,Trường THPT Trung Nghĩa (Từ 04/6/2021),"Khu 2, xã Đồng Trung, huyện Thanh Thủy, tỉnh Phú Thọ",KV2-NT,
1853,15,Phú Thọ,12,Huyện Thanh Thủy,103,Trường THPT Tản Đà (Từ 04/6/2021),"Khu 3, xã Đồng Trung, huyện Thanh Thủy, tỉnh Phú Thọ",KV2-NT,
1854,15,Phú Thọ,12,Huyện Thanh Thủy,104,Trung tâm GDNN-GDTX Thanh Thuỷ (Từ 04/6/2021),"Khu 1 xã Tân Phương, huyện Thanh Thủy,tỉnh Phú Thọ",KV2-NT,
1855,15,Phú Thọ,13,Huyện Tân Sơn,057,Trường THPT Minh Đài,"Khu Minh Tâm, xã Minh Đài, huyện Tân Sơn, tỉnh Phú Thọ",KV1,
1856,15,Phú Thọ,13,Huyện Tân Sơn,058,Trường THPT Thạch Kiệt,"Khu Cường Thịnh 1, xã Thạch kiệt, huyện Tân Sơn, tỉnh Phú Thọ",KV1,
1857,15,Phú Thọ,13,Huyện Tân Sơn,059,Trung tâm GDNN-GDTX Tân Sơn,"Khu 8, xã Tân Phú, huyện Tân Sơn, tỉnh Phú Thọ",KV1,
1858,15,Phú Thọ,13,Huyện Tân Sơn,094,Trường THPT Tân Sơn,"Xã Tân Phú, huyện Tân Sơn, tỉnh Phú Thọ",KV1,
1859,15,Phú Thọ,14,Huyện Cẩm Khê (Từ 04/6/2021),105,Trường THPT Cẩm Khê (Từ 04/6/2021),"Số 136 đường Hoa Khê, thị trấn Cẩm Khê, huyện Cẩm Khê, tỉnh Phú Thọ",KV2-NT,
1860,15,Phú Thọ,14,Huyện Cẩm Khê (Từ 04/6/2021),106,Trường THPT Hiền Đa (Từ 04/6/2021),"Khu Thạch Đê, xã Hùng Việt, huyện Cẩm Khê, tỉnh Phú Thọ",KV2-NT,
1861,15,Phú Thọ,14,Huyện Cẩm Khê (Từ 04/6/2021),107,Trường THPT Phương Xá (Từ 04/6/2021),"Khu Minh Tân, xã Minh Tân, huyện Cẩm Khê, tỉnh Phú Thọ",KV2-NT,
1862,15,Phú Thọ,14,Huyện Cẩm Khê (Từ 04/6/2021),108,Trung tâm GDNN-GDTX Cẩm Khê (Từ 04/6/2021),"Số 45, Phố Quế Hoa, thị trấn Cẩm Khê, huyện Cẩm Khê",KV2-NT,
1863,15,Phú Thọ,14,Huyện Cẩm Khê (Từ 04/6/2021),126,Trường THPT Sông Thao,"Khu Đồng Hàng, thị trấn Cẩm Khê, huyện Cẩm Khê, tỉnh Phú Thọ",KV2-NT,
1864,15,Phú Thọ,15,Huyện Hạ Hòa (Từ 04/6/2021),109,Trường THPT Hạ Hoà (Từ 04/6/2021),"Số 41, Phố Chu Văn An, Đường Âu Cơ, thị trấn Hạ Hòa, huyện Hạ Hòa, tỉnh Phú Thọ",KV2-NT,
1865,15,Phú Thọ,15,Huyện Hạ Hòa (Từ 04/6/2021),110,Trường THPT Vĩnh Chân (Từ 04/6/2021),"Khu 7, xã Vĩnh Chân, huyện Hạ Hòa, tỉnh Phú Thọ",KV2-NT,
1866,15,Phú Thọ,15,Huyện Hạ Hòa (Từ 04/6/2021),111,Trường THPT Xuân Áng (Từ 04/6/2021),"Khu 6, xã Xuân Áng, huyện Hạ Hòa, tỉnh Phú Thọ",KV2-NT,
1867,15,Phú Thọ,15,Huyện Hạ Hòa (Từ 04/6/2021),112,Trường THPT Nguyễn Bỉnh Khiêm (Từ 04/6/2021),"Số nhà 60, phố Chu Văn An, thị trấn Hạ Hòa, huyện Hạ Hòa, tỉnh Phú Thọ",KV2-NT,
1868,15,Phú Thọ,15,Huyện Hạ Hòa (Từ 04/6/2021),113,Trung tâm GDNN-GDTX Hạ Hoà (Từ 04/6/2021),"Số 114 Khu 7, thị trấn Hạ Hòa, huyện Hạ Hòa, tỉnh Phú Thọ",KV2-NT,
1869,15,Phú Thọ,16,Huyện Lâm Thao (Từ 04/6/2021),114,Trường THPT Phong Châu (Từ 04/6/2021),"Khu 14, thị trấn hùng Sơn, huyện Lâm Thao, tỉnh Phú Thọ",KV2-NT,
1870,15,Phú Thọ,17,Huyện Phù Ninh (Từ 04/6/2021),115,Trường THPT Phù Ninh (Từ 04/6/2021),"Xã Phú Lộc, huyện Phù Ninh, tỉnh Phú Thọ",KV2-NT,
1871,15,Phú Thọ,17,Huyện Phù Ninh (Từ 04/6/2021),116,Trường THPT Trung Giáp (Từ 04/6/2021),"Khu 5, xã Trung Giáp, huyện Phù Ninh, tỉnh Phú Thọ",KV2-NT,
1872,15,Phú Thọ,17,Huyện Phù Ninh (Từ 04/6/2021),117,Trường THPT Nguyễn Huệ (Từ 04/6/2021),"Thị trấn Phong Châu, huyện Phù Ninh",KV2-NT,
1873,15,Phú Thọ,17,Huyện Phù Ninh (Từ 04/6/2021),118,Trung tâm GDNN-GDTX Phù Ninh (Từ 04/6/2021),"Số nhà 24, Khu Bãi Thơi, Thị trấn Phong Châu, Phù Ninh, Phú Thọ",KV2-NT,
1874,15,Phú Thọ,18,Huyện Tam Nông (Từ 04/6/2021),119,Trường THPT Tam Nông (Từ 04/6/2021),"Khu 4, xã Hương Nộn, huyện Tam Nông, tỉnh Phú Thọ",KV2-NT,
1875,15,Phú Thọ,18,Huyện Tam Nông (Từ 04/6/2021),120,Trường THPT Mỹ Văn (Từ 04/6/2021),"Xã Lam Sơn, huyện Tam Nông, tỉnh Phú Thọ",KV2-NT,
1876,15,Phú Thọ,18,Huyện Tam Nông (Từ 04/6/2021),121,Trường THPT Hưng Hoá (Từ 04/6/2021),"Khu Tiến Thịnh, thị trấn Hưng Hóa, huyện Tam Nông, tỉnh Phú Thọ",KV2-NT,
1877,15,Phú Thọ,18,Huyện Tam Nông (Từ 04/6/2021),122,Trung tâm GDNN-GDTX Tam Nông (Từ 04/6/2021),"Khu 3, Xã Hương Nộn, huyện Tam Nông, tỉnh Phú Thọ",KV2-NT,
1878,15,Phú Thọ,19,Huyện Thanh Ba (Từ 04/6/2021),123,Trường THPT Thanh Ba (Từ 04/6/2021),"Khu 9, xã Ninh Dân, huyện Thanh Ba, tỉnh Phú Thọ",KV2-NT,
1879,15,Phú Thọ,19,Huyện Thanh Ba (Từ 04/6/2021),124,Trường THPT Yển Khê (Từ 04/6/2021),"Khu 15, xã Hanh Cù, huyện Thanh Ba, tỉnh Phú Thọ",KV2-NT,
1880,15,Phú Thọ,19,Huyện Thanh Ba (Từ 04/6/2021),125,Trung tâm GDNN-GDTX Thanh Ba (Từ 04/6/2021),"Số 148, đường Phạm Tiến Duật, thị trấn Thanh Ba, huyện Thanh Ba, tỉnh Phú Thọ",KV2-NT,
1881,15,Phú Thọ,20,Huyện Thanh Sơn (Trước 14/8/2024),099,Trường THPT Thanh Sơn (Từ 04/6/2021 đến 14/8/2024),"Phố 19/5 thị trấn Thanh Sơn, huyện Thanh Sơn, tỉnh Phú Thọ",KV2-NT,
1882,15,Phú Thọ,20,Huyện Thanh Sơn (Trước 14/8/2024),100,Trung tâm GDNN-GDTX Thanh Sơn (Từ 04/6/2021 đến 14/8/2024),"Số nhà 151 phố Cầu Đất, thị trấn Thanh Sơn, huyện Thanh Sơn, tỉnh Phú Thọ",KV2-NT,
1883,16,Vĩnh Phúc,00,Sở Giáo dục và Đào tạo,800,Học ở nước ngoài_16,,KV3,
1884,16,Vĩnh Phúc,00,Sở Giáo dục và Đào tạo,900,"Quân nhân, Công an tại ngũ_16",,KV3,
1885,16,Vĩnh Phúc,01,Thành phố Vĩnh Yên,010,CĐ nghề Việt Đức,Ph. Liên Bảo TP Vĩnh Yên,KV2,
1886,16,Vĩnh Phúc,01,Thành phố Vĩnh Yên,011,THPT Trần Phú,Ph. Liên Bảo TP Vĩnh Yên,KV2,
1887,16,Vĩnh Phúc,01,Thành phố Vĩnh Yên,012,THPT Chuyên Vĩnh Phúc,Ph. Liên Bảo TP Vĩnh Yên,KV2,
1888,16,Vĩnh Phúc,01,Thành phố Vĩnh Yên,013,THPT Dân lập Vĩnh Yên,Ph. Liên Bảo TP Vĩnh Yên,KV2,
1889,16,Vĩnh Phúc,01,Thành phố Vĩnh Yên,014,THPT Vĩnh Yên,Ph. Hội Hợp TP Vĩnh Yên,KV2,
1890,16,Vĩnh Phúc,01,Thành phố Vĩnh Yên,015,PT DTNT cấp 2-3 Vĩnh Phúc (Tp Vĩnh Yên) (trước 22/8/2022),Ph. Đồng Tâm TP Vĩnh Yên,KV2,DTNT
1891,16,Vĩnh Phúc,01,Thành phố Vĩnh Yên,016,THPT Nguyễn Thái Học,Ph. Khai Quang TP Vĩnh Yên,KV2,
1892,16,Vĩnh Phúc,01,Thành phố Vĩnh Yên,017,TTGDTX Tỉnh,"Ph. Liên Bảo, TP Vĩnh Yên",KV2,
1893,16,Vĩnh Phúc,01,Thành phố Vĩnh Yên,018,CĐ Kinh tế Kỹ thuật Vĩnh Phúc,"Ph. Hội Hợp, TP Vĩnh Yên",KV2,
1894,16,Vĩnh Phúc,01,Thành phố Vĩnh Yên,019,TC Kỹ thuật Vĩnh Phúc,"Ph. Liên Bảo, TP Vĩnh Yên",KV2,
1895,16,Vĩnh Phúc,01,Thành phố Vĩnh Yên,020,Trường Quân sự Quân khu 2,"Ph. Liên Bảo, TP Vĩnh Yên",KV2,
1896,16,Vĩnh Phúc,01,Thành phố Vĩnh Yên,025,CĐ nghề Vĩnh Phúc,"Đường Nguyễn Tất Thành, Ph. Liên Bảo TP Vĩnh Yên",KV2,
1897,16,Vĩnh Phúc,01,Thành phố Vĩnh Yên,026,THPT Liên Bảo,"Đường Phan Bội Châu, Ph. Liên Bảo TP Vĩnh Yên",KV2,
1898,16,Vĩnh Phúc,01,Thành phố Vĩnh Yên,028,Phổ thông liên cấp Newton Vĩnh Phúc,Ph Đống Đa - Vĩnh Yên,KV2,
1899,16,Vĩnh Phúc,01,Thành phố Vĩnh Yên,115,THPT Kim Ngọc,"Phường Đồng Tâm, Thành phố Vĩnh Yên, tỉnh Vĩnh Phúc",KV2,
1900,16,Vĩnh Phúc,01,Thành phố Vĩnh Yên,118,TT GDNN - GDTX Tam Dương (CĐ KT-CN VP),Ph Hội Hợp - Vĩnh Yên,KV2,
1901,16,Vĩnh Phúc,01,Thành phố Vĩnh Yên,125,TT GDTX Tỉnh (CĐ KT-CN VP),Ph Liên Bảo - Vĩnh Yên,KV2,
1902,16,Vĩnh Phúc,01,Thành phố Vĩnh Yên,801,Trường THPT - Khu vực 1,,KV1,
1903,16,Vĩnh Phúc,01,Thành phố Vĩnh Yên,802,Trường THPT - KV2NT,,KV2-NT,
1904,16,Vĩnh Phúc,01,Thành phố Vĩnh Yên,803,Trường THPT - KV2,,KV2,
1905,16,Vĩnh Phúc,01,Thành phố Vĩnh Yên,804,Trường THPT - Khu vực 3,,KV3,
1906,16,Vĩnh Phúc,02,Huyện Tam Dương,021,THPT Tam Dương,TTr. Hợp Hoà H Tam Dương,KV2-NT,
1907,16,Vĩnh Phúc,02,Huyện Tam Dương,022,TTGDTX Tam Dương (trước 26/4/2017),TTr. Hợp Hoà H Tam Dương,KV2-NT,
1908,16,Vĩnh Phúc,02,Huyện Tam Dương,023,THPT Trần Hưng Đạo,TTr. Hợp Hoà H Tam Dương,KV2-NT,
1909,16,Vĩnh Phúc,02,Huyện Tam Dương,024,THPT Tam Dương 2,Xã Duy Phiên H Tam Dương,KV2-NT,
1910,16,Vĩnh Phúc,02,Huyện Tam Dương,027,TT GDNN-GDTX Tam Dương,TTr. Hợp Hoà H Tam Dương,KV2-NT,
1911,16,Vĩnh Phúc,03,Huyện Lập Thạch,031,THPT Ngô Gia Tự (trước 04/6/2021),"TTr. Lập Thạch, H Lập Thạch",KV1,
1912,16,Vĩnh Phúc,03,Huyện Lập Thạch,032,THPT Liễn Sơn (trước 04/6/2021),TTr. Hoa Sơn H Lập Thạch,KV1,
1913,16,Vĩnh Phúc,03,Huyện Lập Thạch,034,THPT Trần Nguyên Hãn,Xã Triệu Đề H Lập Thạch,KV2-NT,
1914,16,Vĩnh Phúc,03,Huyện Lập Thạch,035,THPT Triệu Thái (trước 31/12/2019),TTr. Lập Thạch H Lập Thạch,KV1,
1915,16,Vĩnh Phúc,03,Huyện Lập Thạch,036,TTGDTX Lập Thạch (trước 10/5/2017),TTr. Lập Thạch H Lập Thạch,KV1,
1916,16,Vĩnh Phúc,03,Huyện Lập Thạch,037,THPT Thái Hoà (trước 28/7/2017),"Xã Thái Hoà, H Lập Thạch",KV1,
1917,16,Vĩnh Phúc,03,Huyện Lập Thạch,038,TT GDNN-GDTX Lập Thạch (trước 04/6/2021),TTr. Lập Thạch H Lập Thạch,KV1,
1918,16,Vĩnh Phúc,03,Huyện Lập Thạch,039,THPT Văn Quán (trước 28/7/2017),Xã Văn Quán-H Lập Thạch,KV2-NT,
1919,16,Vĩnh Phúc,03,Huyện Lập Thạch,131,THPT Ngô Gia Tự,"TTr. Lập Thạch, H Lập Thạch",KV2-NT,
1920,16,Vĩnh Phúc,03,Huyện Lập Thạch,132,THPT Liễn Sơn,TTr. Hoa Sơn H Lập Thạch,KV2-NT,
1921,16,Vĩnh Phúc,03,Huyện Lập Thạch,138,TT GDNN-GDTX Lập Thạch,TTr. Lập Thạch H Lập Thạch,KV2-NT,
1922,16,Vĩnh Phúc,03,Huyện Lập Thạch,139,THPT Văn Quán,Xã Văn Quán,KV2-NT,
1923,16,Vĩnh Phúc,04,Huyện Vĩnh Tường,041,THPT Lê Xoay,TTr. Vĩnh Tường H Vĩnh Tường,KV2-NT,
1924,16,Vĩnh Phúc,04,Huyện Vĩnh Tường,042,THPT Nguyễn Viết Xuân,Xã Đại Đồng H Vĩnh Tường,KV2-NT,
1925,16,Vĩnh Phúc,04,Huyện Vĩnh Tường,043,THPT Đội Cấn,Xã Tam Phúc H Vĩnh Tường,KV2-NT,
1926,16,Vĩnh Phúc,04,Huyện Vĩnh Tường,044,TTGDTX Vĩnh Tường (trước 28/4/2017),TTr. Thổ Tang H Vĩnh Tường,KV2-NT,
1927,16,Vĩnh Phúc,04,Huyện Vĩnh Tường,045,THPT Vĩnh Tường (trước 05/01/2019),TTr. Vĩnh Tường H Vĩnh Tường,KV2-NT,
1928,16,Vĩnh Phúc,04,Huyện Vĩnh Tường,046,THPT Nguyễn Thị Giang,Xã Đại Đồng H Vĩnh Tường,KV2-NT,
1929,16,Vĩnh Phúc,04,Huyện Vĩnh Tường,047,THPT Hồ Xuân Hương (trước 28/7/2017),Xã Tam Phúc H Vĩnh Tường,KV2-NT,
1930,16,Vĩnh Phúc,04,Huyện Vĩnh Tường,048,TT GDNN-GDTX Vĩnh Tường,TTr. Thổ Tang H Vĩnh Tường,KV2-NT,
1931,16,Vĩnh Phúc,04,Huyện Vĩnh Tường,049,Cao đẳng nghề số 2 - Bộ Quốc phòng,"Xã Lũng Hòa, huyện Vĩnh Tường",KV2-NT,
1932,16,Vĩnh Phúc,05,Huyện Yên Lạc,051,THPT Yên Lạc,TTr. Yên Lạc H Yên Lạc,KV2-NT,
1933,16,Vĩnh Phúc,05,Huyện Yên Lạc,052,THPT Yên Lạc 2,Xã Liên Châu H Yên Lạc,KV2-NT,
1934,16,Vĩnh Phúc,05,Huyện Yên Lạc,053,THPT Phạm Công Bình,Xã Nguyệt Đức H Yên Lạc,KV2-NT,
1935,16,Vĩnh Phúc,05,Huyện Yên Lạc,054,TTGDTX Yên Lạc (trước 31/3/2017),Xã Tam Hồng H Yên Lạc,KV2-NT,
1936,16,Vĩnh Phúc,05,Huyện Yên Lạc,055,THPT Đồng Đậu,Xã Tam Hồng H Yên Lạc,KV2-NT,
1937,16,Vĩnh Phúc,05,Huyện Yên Lạc,056,TT GDNN-GDTX Yên Lạc,Xã Tam Hồng H Yên Lạc,KV2-NT,
1938,16,Vĩnh Phúc,06,Huyện Bình Xuyên,061,THPT Bình Xuyên,TTr. Hương Canh H Bình Xuyên,KV2-NT,
1939,16,Vĩnh Phúc,06,Huyện Bình Xuyên,062,THPT Quang Hà,TTr. Gia Khánh H Bình Xuyên,KV2-NT,
1940,16,Vĩnh Phúc,06,Huyện Bình Xuyên,063,THPT Võ Thị Sáu,Xã Phú Xuân H Bình Xuyên,KV2-NT,
1941,16,Vĩnh Phúc,06,Huyện Bình Xuyên,064,TTGDTX Bình Xuyên (trước 23/5/2017),TTr.Hương Canh H Bình Xuyên,KV2-NT,
1942,16,Vĩnh Phúc,06,Huyện Bình Xuyên,065,CĐ cơ khí nông nghiệp,Xã Tam Hợp H Bình Xuyên,KV2-NT,
1943,16,Vĩnh Phúc,06,Huyện Bình Xuyên,066,THPT Nguyễn Duy Thì (trước 31/12/2019),TTr. Gia Khánh H Bình Xuyên,KV2-NT,
1944,16,Vĩnh Phúc,06,Huyện Bình Xuyên,067,TT GDNN-GDTX Bình Xuyên,TTr.Hương Canh H Bình Xuyên,KV2-NT,
1945,16,Vĩnh Phúc,06,Huyện Bình Xuyên,166,THPT Nguyễn Duy Thì,Thị trấn Bá Hiến,KV2-NT,
1946,16,Vĩnh Phúc,07,Huyện Sông Lô,071,THPT Sáng Sơn (TT Tam Sơn),TTr. Tam Sơn H Sông Lô,KV2-NT,
1947,16,Vĩnh Phúc,07,Huyện Sông Lô,072,THPT Bình Sơn (trước 04/6/2021),Xã Nhân Đạo H Sông Lô,KV1,
1948,16,Vĩnh Phúc,07,Huyện Sông Lô,073,THPT Sông Lô (trước 09/8/2018),Xã Đồng Thịnh. H Sông Lô,KV1,
1949,16,Vĩnh Phúc,07,Huyện Sông Lô,074,"THPT Sáng Sơn (xã Đồng Thịnh, trước 04/6/2021)",Xã Đồng Thịnh. H Sông Lô,KV1,
1950,16,Vĩnh Phúc,07,Huyện Sông Lô,172,THPT Bình Sơn,Xã Nhân Đạo H Sông Lô,KV2-NT,
1951,16,Vĩnh Phúc,07,Huyện Sông Lô,173,THPT Sông Lô,Xã Đồng Thịnh,KV2-NT,
1952,16,Vĩnh Phúc,07,Huyện Sông Lô,174,"THPT Sáng Sơn (xã Đồng Thịnh, 04/6/2021 - 19/10/2023)",Xã Đồng Thịnh. H Sông Lô,KV2-NT,
1953,16,Vĩnh Phúc,08,Thành phố Phúc Yên,080,TT GDNN-GDTX Phúc Yên,Ph Hùng Vương Thị xã Phúc Yên,KV2,
1954,16,Vĩnh Phúc,08,Thành phố Phúc Yên,081,THPT Bến Tre,Ph Hùng Vương Thị xã Phúc Yên,KV2,
1955,16,Vĩnh Phúc,08,Thành phố Phúc Yên,082,THCS&THPT Hai Bà Trưng (trước 28/7/2017),Ph Trưng Nhị Thị xã Phúc Yên,KV2,
1956,16,Vĩnh Phúc,08,Thành phố Phúc Yên,083,THPT Xuân Hòa,Ph Xuân Hòa Thị xã Phúc Yên,KV2,
1957,16,Vĩnh Phúc,08,Thành phố Phúc Yên,084,TC nghề kỹ thuật xây dựng và nghiệp vụ,Ph Đồng Xuân Thị xã Phúc Yên,KV2,
1958,16,Vĩnh Phúc,08,Thành phố Phúc Yên,085,THPT Phúc Yên (trước 28/7/2017),Ph Hùng Vương Thị xã Phúc Yên,KV2,
1959,16,Vĩnh Phúc,08,Thành phố Phúc Yên,086,TTGDTX Phúc Yên (trước 15/8/2017),Ph Hùng Vương Thị xã Phúc Yên,KV2,
1960,16,Vĩnh Phúc,08,Thành phố Phúc Yên,087,CĐ Công nghiệp và Thương mại,Ph Trưng Nhị Thị xã Phúc Yên,KV2,
1961,16,Vĩnh Phúc,08,Thành phố Phúc Yên,088,Trung cấp xây dựng số 4,Phường Xuân Hòa Thị xã Phúc Yên,KV2,
1962,16,Vĩnh Phúc,08,Thành phố Phúc Yên,089,CĐ nghề Việt Xô số 1,Ph Xuân Hòa Thị xã Phúc Yên,KV2,
1963,16,Vĩnh Phúc,08,Thành phố Phúc Yên,090,PT DTNT THCS&THPT Phúc Yên (trước 31/12/2019),"Ngọc Thanh, Phúc Yên, Vĩnh Phúc",KV1,DTNT
1964,16,Vĩnh Phúc,08,Thành phố Phúc Yên,095,THPT Hai Bà Trưng,"Hùng Vương, Phúc Yên, Vĩnh Phúc",KV2,
1965,16,Vĩnh Phúc,08,Thành phố Phúc Yên,096,PT DTNT cấp 2-3 Vĩnh Phúc (Xã Ngọc Thanh) (trước 22/8/2022),"Xã Ngọc Thanh, thành phố Phúc Yên",KV1,DTNT
1966,16,Vĩnh Phúc,09,Huyện Tam Đảo (trước 04/6/2021),091,THPT Tam Đảo (trước 04/6/2021),Xã Tam Quan H Tam Đảo,KV1,
1967,16,Vĩnh Phúc,09,Huyện Tam Đảo (trước 04/6/2021),092,TTGDTX Tam Đảo (trước 04/5/2017),Xã Hồ Sơn H. Tam Đảo,KV1,
1968,16,Vĩnh Phúc,09,Huyện Tam Đảo (trước 04/6/2021),093,THPT Tam Đảo 2 (trước 04/6/2021),Xã Bồ Lý H Tam Đảo,KV1,
1969,16,Vĩnh Phúc,09,Huyện Tam Đảo (trước 04/6/2021),094,TT GDNN-GDTX Tam Đảo (trước 04/6/2021),Xã Hồ Sơn H. Tam Đảo,KV1,
1970,16,Vĩnh Phúc,10,Huyện Tam Đảo,191,THPT Tam Đảo (Trước 15/8/2024),Xã Tam Quan H Tam Đảo,KV2-NT,
1971,16,Vĩnh Phúc,10,Huyện Tam Đảo,193,THPT Tam Đảo 2,Xã Bồ Lý H Tam Đảo,KV1,
1972,16,Vĩnh Phúc,10,Huyện Tam Đảo,194,TT GDNN-GDTX Tam Đảo,Xã Hồ Sơn H. Tam Đảo,KV1,
1973,16,Vĩnh Phúc,10,Huyện Tam Đảo,291,THPT Tam Đảo,"Xã Tam Quan, H Tam Đảo, tỉnh Vĩnh Phúc",KV1,
1974,17,Quảng Ninh,00,Sở Giáo dục và Đào tạo,800,Học ở nước ngoài_17,"P. Hồng Hải, TP Hạ Long",KV2,
1975,17,Quảng Ninh,00,Sở Giáo dục và Đào tạo,900,"Quân nhân, Công an tại ngũ_17","P. Hồng Hải, TP Hạ Long",KV2,
1976,17,Quảng Ninh,01,Thành phố Hạ Long,001,THPT Chuyên Hạ Long,"P. Hồng Hải, TP Hạ Long",KV2,
1977,17,Quảng Ninh,01,Thành phố Hạ Long,002,TT HN&GDTX tỉnh,"P. Hồng Hải, TP Hạ Long",KV2,
1978,17,Quảng Ninh,01,Thành phố Hạ Long,003,PT DTNT THCS và THPT tỉnh Quảng Ninh (PT DTNT tỉnh),"P. Hồng Hải, TP Hạ Long",KV2,DTNT
1979,17,Quảng Ninh,01,Thành phố Hạ Long,004,THPT Hòn Gai,"P. Hồng Hải, TP Hạ Long",KV2,
1980,17,Quảng Ninh,01,Thành phố Hạ Long,005,THPT Ngô Quyền,"P. Cao Thắng, TP Hạ Long",KV2,
1981,17,Quảng Ninh,01,Thành phố Hạ Long,006,THPT Vũ Văn Hiếu,"P. Hà Tu, TP Hạ Long",KV2,
1982,17,Quảng Ninh,01,Thành phố Hạ Long,007,THPT Bãi Cháy,"P. Bãi Cháy, TP Hạ Long",KV2,
1983,17,Quảng Ninh,01,Thành phố Hạ Long,008,TH-THCS-THPT Lê Thánh Tông,"P. Hồng Hà, TP Hạ Long",KV2,
1984,17,Quảng Ninh,01,Thành phố Hạ Long,009,THPT Hạ Long,"P. Cao Xanh, TP Hạ Long",KV2,
1985,17,Quảng Ninh,01,Thành phố Hạ Long,010,TH THCS&THPT Nguyễn Bỉnh Khiêm,"P. Hà Khẩu, TP Hạ Long",KV2,
1986,17,Quảng Ninh,01,Thành phố Hạ Long,011,TH-THCS-THPT Văn Lang,"P. Hồng Gai, TP. Hạ Long",KV2,
1987,17,Quảng Ninh,01,Thành phố Hạ Long,012,TH-THCS-THPT Đoàn Thị Điểm Hạ Long,"P. Cao Xanh, TP Hạ Long",KV2,
1988,17,Quảng Ninh,01,Thành phố Hạ Long,075,"TH, THCS & THPT Quốc tế Song ngữ Học viện Anh Quốc - UK Academy Hạ Long (từ năm 2022)","Đường Phan Đăng Lưu, phường Hồng Hải, Hạ Long, Quảng Ninh",KV2,
1989,17,Quảng Ninh,01,Thành phố Hạ Long,087,"TH, THCS và THPT Việt Nam Singapore","Phường Hùng Thắng, thành phố Hạ Long, tỉnh Quảng Ninh",KV2,
1990,17,Quảng Ninh,01,Thành phố Hạ Long,088,THPT Hoành Bồ (Từ 01/01/2020),"Phường Hoành Bồ, thành phố Hạ Long",KV2,
1991,17,Quảng Ninh,01,Thành phố Hạ Long,089,Trung tâm GDNN-GDTX Hạ Long (Từ 01/01/2020),"Phường Hoành Bồ, thành phố Hạ Long",KV2,
1992,17,Quảng Ninh,01,Thành phố Hạ Long,091,THCS và THPT Quảng La (THPT Quảng La),"Xã Quảng La, thành phố Hạ Long",KV1,
1993,17,Quảng Ninh,01,Thành phố Hạ Long,092,THPT Thống Nhất (từ 01/01/2020),"Xã Thống Nhất, thành phố Hạ Long",KV1,
1994,17,Quảng Ninh,01,Thành phố Hạ Long,093,Cao đẳng Giao thông Quảng Ninh,"Phường Hà Khẩu, thành phố Hạ Long",KV2,
1995,17,Quảng Ninh,01,Thành phố Hạ Long,094,Trung tâm HN&GDTX tỉnh (Cơ sở CĐ Việt - Hàn Quảng Ninh),"Phường Hà Khẩu, thành phố Hạ Long",KV2,
1996,17,Quảng Ninh,01,Thành phố Hạ Long,106,Liên cấp quốc tế Singapore,"Phương Hùng Thắng, thành phố Hạ long, tỉnh Quảng Ninh",KV2,
1997,17,Quảng Ninh,01,Thành phố Hạ Long,117,Trung tâm GDNN-GDTX Hạ Long (Cơ sở CĐ Than-Khoáng sản Việt Nam),"P. Bạch Đằng, TP. Hạ Long",KV2,
1998,17,Quảng Ninh,01,Thành phố Hạ Long,801,Trường THPT - Khu vực 1,,KV1,
1999,17,Quảng Ninh,01,Thành phố Hạ Long,802,Trường THPT - KV2NT,,KV2-NT,
2000,17,Quảng Ninh,01,Thành phố Hạ Long,803,Trường THPT - KV2,,KV2,
2001,17,Quảng Ninh,01,Thành phố Hạ Long,804,Trường THPT - Khu vực 3,,KV3,
2002,17,Quảng Ninh,02,Thành phố Cẩm Phả,013,THPT Cẩm Phả,"P. Cẩm Thành, TP Cẩm Phả",KV2,
2003,17,Quảng Ninh,02,Thành phố Cẩm Phả,014,THPT Lê Hồng Phong,"P. Cẩm Phú, TP Cẩm Phả",KV2,
2004,17,Quảng Ninh,02,Thành phố Cẩm Phả,015,THPT Cửa Ông,"P. Cửa Ông, TP Cẩm Phả",KV2,
2005,17,Quảng Ninh,02,Thành phố Cẩm Phả,016,THPT Lê Quý Đôn (trước 4/6/2021),"P. Quang Hanh, TP Cẩm Phả",KV1,
2006,17,Quảng Ninh,02,Thành phố Cẩm Phả,017,THPT Mông Dương (trước 4/6/2021),"P. Mông Dương, TP Cẩm Phả",KV1,
2007,17,Quảng Ninh,02,Thành phố Cẩm Phả,018,THPT Lương Thế Vinh,"P. Cẩm Trung, TP Cẩm Phả",KV2,
2008,17,Quảng Ninh,02,Thành phố Cẩm Phả,019,THPT Hùng Vương,"P. Cẩm Phú, TP Cẩm Phả",KV2,
2009,17,Quảng Ninh,02,Thành phố Cẩm Phả,020,Trung Tâm GDNN&GDTX Cẩm Phả,"P. Cẩm Sơn, TP Cẩm Phả",KV2,
2010,17,Quảng Ninh,02,Thành phố Cẩm Phả,021,Trường CĐ Công nghiệp và xây dựng Địa điểm ĐT số 2- Cẩm Phả (Trước năm học 2019-2020),"P. Cẩm Thuỷ, TP Cẩm Phả",KV2,
2011,17,Quảng Ninh,02,Thành phố Cẩm Phả,083,Trung tâm GDNN-GDTX Cẩm Phả (Trường CĐ Công nghiệp và xây dựng Địa điểm ĐT số 2- Cẩm Phả),"P. Cẩm Thuỷ, TP Cẩm Phả",KV2,
2012,17,Quảng Ninh,02,Thành phố Cẩm Phả,090,Cao đẳng Than - Khoáng sản Việt Nam Phân hiệu Cẩm Phả (trước 4/6/2021),"Phường Quang Hanh, thành phố Cẩm Phả",KV1,
2013,17,Quảng Ninh,02,Thành phố Cẩm Phả,095,Trung tâm GDNN-GDTX Cẩm Phả (Cơ sở CĐ T-KS Việt Nam) (trước 4/6/2021),"Phường Quang Hanh, thành phố Cẩm Phả",KV1,
2014,17,Quảng Ninh,02,Thành phố Cẩm Phả,097,THPT Lê Quý Đôn (từ 04/6/2021),"P. Quang Hanh, TP Cẩm Phả",KV2,
2015,17,Quảng Ninh,02,Thành phố Cẩm Phả,098,THPT Mông Dương (từ 04/6/2021),"P. Mông Dương, TP Cẩm Phả",KV2,
2016,17,Quảng Ninh,02,Thành phố Cẩm Phả,345,Cao đẳng Than - Khoáng sản Việt Nam Phân hiệu Cẩm Phả (từ 4/6/2021),"P. Quang Hanh, TP Cẩm Phả",KV2,
2017,17,Quảng Ninh,02,Thành phố Cẩm Phả,575,Trung tâm GDNN-GDTX Cẩm Phả (Cơ sở CĐ T-KS Việt Nam) (từ 4/6/2021),"P. Quang Hanh, TP Cẩm Phả",KV2,
2018,17,Quảng Ninh,03,Thành phố Uông Bí,022,THPT Uông Bí,"P. Quang Trung, TP Uông Bí",KV2,
2019,17,Quảng Ninh,03,Thành phố Uông Bí,023,THPT Hoàng Văn Thụ (trước 4/6/2021),"P. Vàng Danh, TP Uông Bí",KV1,
2020,17,Quảng Ninh,03,Thành phố Uông Bí,024,Trung Tâm GDNN&GDTX Uông Bí,"P. Quang Trung, TP Uông Bí",KV2,
2021,17,Quảng Ninh,03,Thành phố Uông Bí,025,THPT Hồng Đức,"P. Quang Trung, TP Uông Bí",KV2,
2022,17,Quảng Ninh,03,Thành phố Uông Bí,026,THPT Nguyễn Tất Thành (trước 04/6/2021),"P. Phương Đông, TP Uông Bí",KV1,
2023,17,Quảng Ninh,03,Thành phố Uông Bí,027,Cao đẳng Công nghiệp và Xây dựng (Trước năm học 2019-2020) (trước 4/6/2021),"P. Phương Đông, TP Uông Bí",KV1,
2024,17,Quảng Ninh,03,Thành phố Uông Bí,084,Trung tâm GDNN-GDTX Uông Bí (Cơ sở CĐ Công nghiệp và xây dựng) (trước 4/6/2021),"P. Phương Đông, TP Uông Bí",KV1,
2025,17,Quảng Ninh,03,Thành phố Uông Bí,096,Trung tâm GDNN-GDTX Quảng Yên (Cơ sở CĐ Nghề xây dựng),"Phường Nam Khê, thành phố Uông Bí",KV2,
2026,17,Quảng Ninh,03,Thành phố Uông Bí,101,THPT Hoàng Văn Thụ (từ 04/6/2021),"P. Vàng Danh, TP Uông Bí",KV2,
2027,17,Quảng Ninh,03,Thành phố Uông Bí,102,Trung Tâm GDNN-GDTX Uông Bí (Cơ sở CĐ Than-Khoáng sản Việt Nam),"P. Thanh Sơn, TP. Uông Bí",KV2,
2028,17,Quảng Ninh,03,Thành phố Uông Bí,103,Trung tâm GDNN-GDTX Uông Bí (Cơ sở CĐ Công nghiệp và xây dựng) (từ 04/6/2021),"P. Phương Đông, TP Uông Bí",KV2,
2029,17,Quảng Ninh,03,Thành phố Uông Bí,104,Cao đẳng Công nghiệp và Xây dựng (từ 04/6/2021),"P. Phương Đông, TP Uông Bí",KV2,
2030,17,Quảng Ninh,03,Thành phố Uông Bí,561,THPT Nguyễn Tất Thành (từ 04/6/2021),"P. Phương Đông, TP Uông Bí",KV2,
2031,17,Quảng Ninh,04,Thành phố Móng Cái,028,THPT Trần Phú,"P. Ka Long, TP Móng Cái",KV2,
2032,17,Quảng Ninh,04,Thành phố Móng Cái,029,THPT Lý Thường Kiệt (trước 04/6/2021),"X. Hải Tiến, TP Móng Cái",KV1,
2033,17,Quảng Ninh,04,Thành phố Móng Cái,030,THCS&THPT Chu Văn An,"P. Trần Phú, TP Móng Cái",KV2,
2034,17,Quảng Ninh,04,Thành phố Móng Cái,031,Trung Tâm GDNN&GDTX Móng Cái,"P. Hoà Lạc, TP Móng Cái",KV2,
2035,17,Quảng Ninh,04,Thành phố Móng Cái,105,THPT Lý Thường Kiệt (từ 04/6/2021),"X. Hải Tiến, TP Móng Cái",KV2,
2036,17,Quảng Ninh,05,Huyện Bình Liêu,032,THPT Bình Liêu,"TT. Bình Liêu, Huyện Bình Liêu",KV1,
2037,17,Quảng Ninh,05,Huyện Bình Liêu,033,THCS&THPT Hoành Mô,"X. Hoành Mô, Huyện Bình Liêu",KV1,
2038,17,Quảng Ninh,05,Huyện Bình Liêu,034,Trung tâm GDNN&GDTX Bình Liêu,"TT. Bình Liêu, Huyện Bình Liêu",KV1,
2039,17,Quảng Ninh,06,Huyện Đầm Hà,035,THPT Đầm Hà,"TT. Đầm Hà, Huyện Đầm Hà",KV2-NT,
2040,17,Quảng Ninh,06,Huyện Đầm Hà,036,THCS&THPT Lê Lợi (từ 04/6/2024 - Nay đã giải thể),"X. Quảng Tân, Huyện Đầm Hà",KV1,
2041,17,Quảng Ninh,06,Huyện Đầm Hà,037,Trung Tâm GDNN&GDTX Đầm Hà,"TT. Đầm Hà, Huyện Đầm Hà",KV2-NT,
2042,17,Quảng Ninh,06,Huyện Đầm Hà,099,THPT Đầm Hà (áp dụng theo QĐ 861),"Thị trấn Đầm Hà, huyện Đầm Hà",KV1,
2043,17,Quảng Ninh,06,Huyện Đầm Hà,100,Trung tâm GDNN-GDTX Đầm Hà (áp dụng theo QĐ 861),"Thị trấn Đầm Hà, huyện Đầm Hà",KV1,
2044,17,Quảng Ninh,07,Huyện Hải Hà,038,THPT Quảng Hà,"TT. Quảng Hà, Huyện Hải Hà",KV2-NT,
2045,17,Quảng Ninh,07,Huyện Hải Hà,039,THPT Nguyễn Du,"TT. Quảng Hà, Huyện Hải Hà",KV2-NT,
2046,17,Quảng Ninh,07,Huyện Hải Hà,040,Trung Tâm GDNN&GDTX Hải Hà,"TT. Quảng Hà, Huyện Hải Hà",KV2-NT,
2047,17,Quảng Ninh,07,Huyện Hải Hà,041,THCS&THPT Đường Hoa Cương (trước 04/6/2021),"X. Quảng Long, Huyện Hải Hà",KV1,
2048,17,Quảng Ninh,07,Huyện Hải Hà,213,THCS&THPT Đường Hoa Cương (từ 04/6/2021),"X. Quảng Long, Huyện Hải Hà",KV2-NT,
2049,17,Quảng Ninh,08,Huyện Tiên Yên,042,THCS và THPT Tiên Yên,"TT. Tiên Yên, Huyện Tiên Yên",KV2-NT,
2050,17,Quảng Ninh,08,Huyện Tiên Yên,043,THCS và THPT Hải Đông (THPT Hải Đông),"X. Đông Hải, Huyện Tiên Yên",KV1,
2051,17,Quảng Ninh,08,Huyện Tiên Yên,044,THPT Nguyễn Trãi (trước 4/6/2021),"X. Tiên Lãng, Huyện Tiên Yên",KV1,
2052,17,Quảng Ninh,08,Huyện Tiên Yên,045,Trung Tâm GDNN&GDTX Tiên Yên,"TT. Tiên Yên, Huyện Tiên Yên",KV2-NT,
2053,17,Quảng Ninh,08,Huyện Tiên Yên,046,PT DTNT THCS&THPT Tiên Yên (trước 04/6/2021),"X. Tiên Lãng, Huyện Tiên Yên",KV1,DTNT
2054,17,Quảng Ninh,08,Huyện Tiên Yên,107,THPT Nguyễn Trãi (từ 04/6/2021),"X. Tiên Lãng, Huyện Tiên Yên",KV2-NT,
2055,17,Quảng Ninh,08,Huyện Tiên Yên,108,PT DTNT THCS&THPT Tiên Yên (từ 04/6/2021),"X. Tiên Lãng, Huyện Tiên Yên",KV2-NT,DTNT
2056,17,Quảng Ninh,09,Huyện Ba Chẽ,047,THPT Ba Chẽ (trước 04/6/2021),"TT. Ba Chẽ, Huyện Ba Chẽ",KV1,
2057,17,Quảng Ninh,09,Huyện Ba Chẽ,048,Trung Tâm GDNN - GDTX Ba Chẽ (trước 4/6/2021),"TT. Ba Chẽ, Huyện Ba Chẽ",KV1,
2058,17,Quảng Ninh,09,Huyện Ba Chẽ,109,THPT Ba Chẽ (từ 04/6/2021),"TT. Ba Chẽ, Huyện Ba Chẽ",KV2-NT,
2059,17,Quảng Ninh,09,Huyện Ba Chẽ,110,Trung Tâm GDNN - GDTX Ba Chẽ (từ 04/6/2021),"TT. Ba Chẽ, Huyện Ba Chẽ",KV2-NT,
2060,17,Quảng Ninh,09,Huyện Ba Chẽ,125,THPT Ba Chẽ (từ 19/7/2024),"TT. Ba Chẽ, Huyện Ba Chẽ",KV1,
2061,17,Quảng Ninh,09,Huyện Ba Chẽ,126,Trung Tâm GDNN - GDTX Ba Chẽ (từ 19/7/2024),"TT. Ba Chẽ, Huyện Ba Chẽ",KV1,
2062,17,Quảng Ninh,10,Thành phố Đông Triều,049,THPT Đông Triều (từ năm 2015),"P. Đức Chính, TX Đông Triều",KV2,
2063,17,Quảng Ninh,10,Thành phố Đông Triều,050,THPT Hoàng Quốc Việt (trước 04/6/2021),"P. Mạo Khê, TX Đông Triều",KV1,
2064,17,Quảng Ninh,10,Thành phố Đông Triều,051,THPT Hoàng Hoa Thám (trước 04/6/2021),"X. Hoàng Quế, TX Đông Triều",KV1,
2065,17,Quảng Ninh,10,Thành phố Đông Triều,052,THPT Lê Chân (trước 4/6/2021),"X. Thuỷ An, TX Đông Triều",KV1,
2066,17,Quảng Ninh,10,Thành phố Đông Triều,053,THPT Trần Nhân Tông (trước 4/6/2021),"P. Mạo Khê, TX Đông Triều",KV1,
2067,17,Quảng Ninh,10,Thành phố Đông Triều,054,THPT Nguyễn Bình (trước 4/6/2021),"X. Thuỷ An, TX Đông Triều",KV1,
2068,17,Quảng Ninh,10,Thành phố Đông Triều,055,Trung Tâm GDNN&GDTX Đông Triều (trước 4/6/2021),"P. Mạo Khê, TX Đông Triều",KV1,
2069,17,Quảng Ninh,10,Thành phố Đông Triều,056,Đại học Công nghiệp Quảng Ninh (Trước năm học 2019-2020) (trước 4/6/2021),"X. Yên Thọ, TX Đông Triều",KV1,
2070,17,Quảng Ninh,10,Thành phố Đông Triều,057,TH-THCS&THPT Trần Hưng Đạo (trước 4/6/2021),"X. Yên Thọ, TX Đông Triều",KV1,
2071,17,Quảng Ninh,10,Thành phố Đông Triều,076,THPT Đông Triều (Năm 2015 về trước),"X. Đức Chính, H. Đông Triều, Quảng Ninh",KV2-NT,
2072,17,Quảng Ninh,10,Thành phố Đông Triều,086,Trung tâm GDNN-GDTX Đông Triều (Cơ sở ĐH Công nghiệp Quảng Ninh),"Xã Yên Thọ, thị xã Đông Triều",KV1,
2073,17,Quảng Ninh,10,Thành phố Đông Triều,111,THPT Hoàng Quốc Việt (04/6/2021),"P. Mạo Khê, TX Đông Triều",KV2,
2074,17,Quảng Ninh,10,Thành phố Đông Triều,112,THPT Hoàng Hoa Thám (từ 04/6/2021),"X. Hoàng Quế, TX Đông Triều",KV2,
2075,17,Quảng Ninh,10,Thành phố Đông Triều,113,THPT Lê Chân (từ 04/6/2021),"X. Thuỷ An, TX Đông Triều",KV2,
2076,17,Quảng Ninh,10,Thành phố Đông Triều,114,THPT Trần Nhân Tông (từ 04/6/2021),"P. Mạo Khê, TX Đông Triều",KV2,
2077,17,Quảng Ninh,10,Thành phố Đông Triều,115,THPT Nguyễn Bình (từ 04/6/2021),"X. Thuỷ An, TX Đông Triều",KV2,
2078,17,Quảng Ninh,10,Thành phố Đông Triều,116,Trung tâm GDNN-GDTX Đông Triều (từ 04/6/2021),"P. Mạo Khê, TX Đông Triều",KV2,
2079,17,Quảng Ninh,10,Thành phố Đông Triều,118,Đại học Công nghiệp Quảng Ninh (từ 04/6/2021),"X. Yên Thọ, TX Đông Triều",KV2,
2080,17,Quảng Ninh,10,Thành phố Đông Triều,120,Trung tâm GDNN-GDTX Đông Triều (Cơ sở ĐH Công nghiệp Quảng Ninh) (từ 04/6/2021),"X. Yên Thọ, TX Đông Triều",KV2,
2081,17,Quảng Ninh,10,Thành phố Đông Triều,123,TH-THCS&THPT Trần Hưng Đạo,"X. Yên Thọ, TX Đông Triều",KV2,
2082,17,Quảng Ninh,11,Thị xã Quảng Yên,058,THPT Bạch Đằng,"P. Quảng Yên, TX Quảng Yên",KV2,
2083,17,Quảng Ninh,11,Thị xã Quảng Yên,059,THPT Minh Hà,"X. Cẩm La, TX Quảng Yên",KV2,
2084,17,Quảng Ninh,11,Thị xã Quảng Yên,060,THPT Đông Thành,"P. Minh Thành, TX Quảng Yên",KV1,
2085,17,Quảng Ninh,11,Thị xã Quảng Yên,061,TH-THCS-THPT Yên Hưng,"P. Quảng Yên, TX Quảng Yên",KV2,
2086,17,Quảng Ninh,11,Thị xã Quảng Yên,062,THPT Trần Quốc Tuấn,"P. Minh Thành, TX Quảng Yên",KV1,
2087,17,Quảng Ninh,11,Thị xã Quảng Yên,063,THPT Ngô Gia Tự,"X. Liên Hoà, TX Quảng Yên",KV2,
2088,17,Quảng Ninh,11,Thị xã Quảng Yên,064,Trung Tâm GDNN&GDTX Quảng Yên,"P. Quảng Yên, TX Quảng Yên",KV2,
2089,17,Quảng Ninh,11,Thị xã Quảng Yên,077,THPT Bạch Đằng (Năm 2012 về trước),"TT. Quảng Yên, H. Yên Hưng",KV2-NT,
2090,17,Quảng Ninh,11,Thị xã Quảng Yên,078,THPT Minh Hà (Năm 2012 về trước),"X. Cẩm La, H. Yên Hưng",KV2-NT,
2091,17,Quảng Ninh,11,Thị xã Quảng Yên,079,THPT Yên Hưng (Năm 2012 về trước),"TT. Quảng Yên, H. Yên Hưng",KV2-NT,
2092,17,Quảng Ninh,11,Thị xã Quảng Yên,080,THPT Ngô Gia Tự (Năm 2012 về trước),"X. Liên Hoà, H. Yên Hưng",KV2-NT,
2093,17,Quảng Ninh,11,Thị xã Quảng Yên,081,Trung tâm GDHN-GDTX Quảng Yên (Năm 2012 về trước),"TT. Quảng Yên, H. Yên Hưng",KV2-NT,
2094,17,Quảng Ninh,11,Thị xã Quảng Yên,082,Cao đẳng Nông lâm Đông bắc (Trước năm học 2019-2020),"Số 607, đường Mạc Đăng Dung, phường Minh Thành, thị xã Quảng Yên, tỉnh Quảng Ninh",KV1,
2095,17,Quảng Ninh,11,Thị xã Quảng Yên,085,Trung tâm GDNN-GDTX Quảng Yên (Cơ sở CĐ Nông lâm Đông Bắc),Phường Minh Thành thị xã Quảng Yên,KV1,
2096,17,Quảng Ninh,11,Thị xã Quảng Yên,121,THPT Đông Thành (từ 04/6/2021),"P. Minh Thành, TX Quảng Yên",KV2,
2097,17,Quảng Ninh,11,Thị xã Quảng Yên,122,THPT Trần Quốc Tuấn (từ 04/6/2021),"P. Minh Thành, TX Quảng Yên",KV2,
2098,17,Quảng Ninh,11,Thị xã Quảng Yên,124,Trung tâm GDNN-GDTX Quảng Yên (Cơ sở CĐ Nông lâm Đông Bắc (từ 04/6/2021),"P. Minh Thành, TX Quảng Yên",KV2,
2099,17,Quảng Ninh,12,Huyện Hoành Bồ (Trước 01/01/2020),065,THPT Hoành Bồ,"TT. Trới, Huyện Hoành Bồ",KV2-NT,
2100,17,Quảng Ninh,12,Huyện Hoành Bồ (Trước 01/01/2020),066,THPT Quảng La,"X. Quảng La, Huyện Hoành Bồ",KV1,
2101,17,Quảng Ninh,12,Huyện Hoành Bồ (Trước 01/01/2020),067,THPT Thống Nhất,"X. Thống Nhất, Huyện Hoành Bồ",KV1,
2102,17,Quảng Ninh,12,Huyện Hoành Bồ (Trước 01/01/2020),068,Trung Tâm GDNN&GDTX Hoành Bồ,"TT. Trới, Huyện Hoành Bồ",KV2-NT,
2103,17,Quảng Ninh,13,Huyện Vân Đồn,069,THPT Hải Đảo,"X. Hạ Long, Huyện Vân Đồn",KV2-NT,
2104,17,Quảng Ninh,13,Huyện Vân Đồn,070,THPT Quan Lạn (trước 04/6/2021),"X. Quan Lạn, Huyện Vân Đồn",KV1,
2105,17,Quảng Ninh,13,Huyện Vân Đồn,071,THPT Trần Khánh Dư,"X. Đông Xá, Huyện Vân Đồn",KV1,
2106,17,Quảng Ninh,13,Huyện Vân Đồn,072,Trung Tâm GDNN&GDTX Vân Đồn,"X. Hạ Long, Huyện Vân Đồn",KV2-NT,
2107,17,Quảng Ninh,13,Huyện Vân Đồn,127,THCS và THPT Quan Lạn (THPT Quan Lạn) (từ 04/6/2021),"X. Quan Lạn, Huyện Vân Đồn",KV2-NT,
2108,17,Quảng Ninh,14,Huyện Cô Tô,073,THPT Cô Tô,"TT. Cô Tô, Huyện Cô Tô",KV1,
2109,17,Quảng Ninh,14,Huyện Cô Tô,074,Trung Tâm GDNN&GDTX Cô Tô,"TT. Cô Tô, Huyện Cô Tô",KV1,
2110,17,Quảng Ninh,14,Huyện Cô Tô,129,THPT Cô Tô (từ 04/6/2021),"TT. Cô Tô, Huyện Cô Tô",KV2-NT,
2111,17,Quảng Ninh,14,Huyện Cô Tô,130,Trung tâm GDNN-GDTX Cô Tô (từ 04/6/2021),"TT. Cô Tô, Huyện Cô Tô",KV2-NT,
2112,17,Quảng Ninh,15,Thành phố Hạ Long,131,THPT Chuyên Hạ Long (từ 04/6/2021),"P. Hồng Hải, TP Hạ Long",KV2,
2113,17,Quảng Ninh,15,Thành phố Hạ Long,132,THPT Vũ Văn Hiếu (từ 04/6/2021),"P. Hà Tu, TP Hạ Long",KV2,
2114,17,Quảng Ninh,15,Thành phố Hạ Long,133,TH-THCS-THPT Văn Lang (từ 04/6/2021),"P. Hồng Gai, TP. Hạ Long",KV2,
2115,17,Quảng Ninh,15,Thành phố Hạ Long,134,Trung tâm GDNN-GDTX Hạ Long (từ 04/6/2021),"Phường Hoành Bồ, thành phố Hạ Long",KV2,
2116,17,Quảng Ninh,15,Thành phố Hạ Long,135,TT HN&GDTX tỉnh (từ 04/6/2021),"P. Hồng Hải, TP Hạ Long",KV2,
2117,17,Quảng Ninh,15,Thành phố Hạ Long,137,Trung tâm HN&GDTX tỉnh (Cơ sở CĐ Việt Hàn),"Phường Hà Khẩu, thành phố Hạ Long, tỉnh Quảng Ninh",KV2,
2118,17,Quảng Ninh,16,Huyện Tiên Yên,136,THPT Nguyễn Trãi (từ 04/6/2021),"X. Tiên Lãng, Huyện Tiên Yên",KV2-NT,
2119,18,Bắc Giang,00,Sở Giáo dục và Đào tạo,800,Học ở nước ngoài_18,,KV2,
2120,18,Bắc Giang,00,Sở Giáo dục và Đào tạo,900,"Quân nhân, Công an tại ngũ_18",,KV2,
2121,18,Bắc Giang,01,Thành phố Bắc Giang,011,THPT Ngô Sĩ Liên,"P. Ngô Quyền, Tp. Bắc Giang",KV2,
2122,18,Bắc Giang,01,Thành phố Bắc Giang,012,THPT Chuyên Bắc Giang,"P. Ngô Quyền, Tp. Bắc Giang",KV2,
2123,18,Bắc Giang,01,Thành phố Bắc Giang,013,THPT Thái Thuận,"P. Ngô Quyền, Tp. Bắc Giang",KV2,
2124,18,Bắc Giang,01,Thành phố Bắc Giang,038,PTTH Dân lập Nguyên Hồng,"P. Trần Nguyên Hãn, Tp. Bắc Giang",KV2,
2125,18,Bắc Giang,01,Thành phố Bắc Giang,039,PTTH Dân lập Hồ Tùng Mậu,"Xã Đa Mai, Tp. Bắc Giang",KV2,
2126,18,Bắc Giang,01,Thành phố Bắc Giang,040,PT DTNT tỉnh Bắc Giang,"P. Ngô Quyền, Tp. Bắc Giang",KV2,DTNT
2127,18,Bắc Giang,01,Thành phố Bắc Giang,041,TT GDTX tỉnh Bắc Giang,"P. Dĩnh Kế, Tp. Bắc Giang",KV2,
2128,18,Bắc Giang,01,Thành phố Bắc Giang,042,TT Ngoại ngữ -Tin học Bắc Giang,"P. Ngô Quyền, Tp. Bắc Giang",KV2,
2129,18,Bắc Giang,01,Thành phố Bắc Giang,043,TT GD KTTH Hướng nghiệp,"P. Xương Giang, Tp. Bắc Giang",KV2,
2130,18,Bắc Giang,01,Thành phố Bắc Giang,061,CĐ Nghề Bắc Giang,"Xã Dĩnh trì, Tp. Bắc Giang",KV1,
2131,18,Bắc Giang,01,Thành phố Bắc Giang,067,CĐ Kỹ thuật Công nghiệp,"P. Trần Nguyên Hãn, Tp. Bắc Giang",KV2,
2132,18,Bắc Giang,01,Thành phố Bắc Giang,077,TC Nghề Thủ công Mỹ nghệ 19.5,"Xã Tân Mỹ, Tp. Bắc Giang",KV2,
2133,18,Bắc Giang,01,Thành phố Bắc Giang,079,TC Nghề GTVT,"Xã Song Mai, Tp. Bắc Giang",KV2,
2134,18,Bắc Giang,01,Thành phố Bắc Giang,080,TC Nghề Lái xe số 1,"P. Trần Nguyên Hãn, Tp Bắc Giang",KV2,
2135,18,Bắc Giang,01,Thành phố Bắc Giang,082,THPT Giáp Hải,Xã Tân Mỹ-Tp.Bắc Giang,KV2,
2136,18,Bắc Giang,01,Thành phố Bắc Giang,083,TC Văn hóa-Thể thao và Du lịch,"P. Thọ Xương, Tp.Bắc Giang",KV2,
2137,18,Bắc Giang,01,Thành phố Bắc Giang,084,CĐ nghề Công nghệ Việt - Hàn Bắc Giang (Trước 04/6/2021),"Xã Dĩnh Trì, Tp. Bắc Giang",KV1,
2138,18,Bắc Giang,01,Thành phố Bắc Giang,085,"Tiểu học, THCS, THPT Thu Hương","P. Hoàng Văn Thụ, Tp Bắc Giang",KV2,
2139,18,Bắc Giang,01,Thành phố Bắc Giang,086,TT GDTX - HN tỉnh Bắc Giang,"P. Dĩnh Kế, Tp. Bắc Giang",KV2,
2140,18,Bắc Giang,01,Thành phố Bắc Giang,101,THPT Nguyên Hồng,Phường Trần Nguyên Hãn TP Bắc Giang,KV2,
2141,18,Bắc Giang,01,Thành phố Bắc Giang,103,"TT GDTX-Ngoại ngữ, tin học tỉnh Bắc Giang",P.Dĩnh Kế TP. Bắc Giang,KV2,
2142,18,Bắc Giang,01,Thành phố Bắc Giang,104,CĐ nghề Công nghệ Việt - Hàn Bắc Giang (Trước 25/7/2022),CĐ nghề Công nghệ Việt - Hàn Bắc Giang,KV2,
2143,18,Bắc Giang,01,Thành phố Bắc Giang,136,"Trường tiểu học, trung học cơ sở và trung học phổ thông Maple Leaf Academy","P. Hoàng Văn Thụ, Tp. Bắc Giang",KV2,
2144,18,Bắc Giang,01,Thành phố Bắc Giang,140,CĐ Công nghệ Việt - Hàn Bắc Giang,Xã Dĩnh Trì,KV2-NT,
2145,18,Bắc Giang,01,Thành phố Bắc Giang,154,THPT Yên Dũng số 1,"Phường Nham Biền, thành phố Bắc Giang, tỉnh Bắc Giang",KV2-NT,
2146,18,Bắc Giang,01,Thành phố Bắc Giang,155,THPT Yên Dũng số 2,"Phường Tân An, thành phố Bắc Giang, tỉnh Bắc Giang",KV2-NT,
2147,18,Bắc Giang,01,Thành phố Bắc Giang,156,THPT Yên Dũng số 3,"Cảnh thụy, thành phố Bắc Giang, tỉnh Bắc Giang",KV2-NT,
2148,18,Bắc Giang,01,Thành phố Bắc Giang,157,THPT Quang Trung,"Cảnh thụy, thành phố Bắc Giang, tỉnh Bắc Giang",KV2-NT,
2149,18,Bắc Giang,01,Thành phố Bắc Giang,158,TT GDNN-GDTX thành phố Bắc Giang,"Phường Nham Biền, thành phố Bắc Giang, tỉnh Bắc Giang",KV2-NT,
2150,18,Bắc Giang,01,Thành phố Bắc Giang,159,"Trường tiểu học, trung học cơ sở và trung học phổ thông Maple Leaf Academy",Bắc Giang,KV2,
2151,18,Bắc Giang,01,Thành phố Bắc Giang,160,Cao đẳng FPT Polytechnic,Bắc Giang,KV2,
2152,18,Bắc Giang,01,Thành phố Bắc Giang,801,Trường THPT - Khu vực 1,,KV1,
2153,18,Bắc Giang,01,Thành phố Bắc Giang,802,Trường THPT - KV2NT,,KV2-NT,
2154,18,Bắc Giang,01,Thành phố Bắc Giang,803,Trường THPT - KV2,,KV2,
2155,18,Bắc Giang,01,Thành phố Bắc Giang,804,Trường THPT - Khu vực 3,,KV3,
2156,18,Bắc Giang,02,Huyện Yên Thế,014,THPT Yên Thế (Trước 04/6/2021),"TTr. Phồn Xương, H.Yên Thế",KV1,
2157,18,Bắc Giang,02,Huyện Yên Thế,015,THPT Bố Hạ (Trước 04/6/2021),"TTr Bố Hạ, H.Yên Thế",KV1,
2158,18,Bắc Giang,02,Huyện Yên Thế,044,THPT Mỏ Trạng,"Xã Tam Tiến, H.Yên Thế",KV1,
2159,18,Bắc Giang,02,Huyện Yên Thế,045,TT GDTX DN H.Yên Thế,"TTr. Cầu Gồ, H.Yên Thế",KV1,
2160,18,Bắc Giang,02,Huyện Yên Thế,075,TC Nghề MN Yên Thế (Trước 04/6/2021),"TTr. Phồn Xương, H.Yên Thế",KV1,
2161,18,Bắc Giang,02,Huyện Yên Thế,105,THPT Yên Thế,Thị trấn Phồn Xương,KV2-NT,
2162,18,Bắc Giang,02,Huyện Yên Thế,106,THPT Bố Hạ,Thị trấn Bố Hạ,KV2-NT,
2163,18,Bắc Giang,02,Huyện Yên Thế,107,TC Nghề MN Yên Thế (Trước 29/4/2022),Thị trấn Phồn Xương,KV2-NT,
2164,18,Bắc Giang,02,Huyện Yên Thế,137,CĐ miền núi Bắc Giang,Thị trấn Phồn Xương,KV2-NT,
2165,18,Bắc Giang,03,Huyện Lục Ngạn,016,THPT Lục Ngạn số 1 (Trước 2025),"TTr. Chũ, H.Lục Ngạn",KV1,
2166,18,Bắc Giang,03,Huyện Lục Ngạn,017,THPT Lục Ngạn số 2 (Trước 2025),"Xã Tân Hoa, H.Lục Ngạn",KV1,
2167,18,Bắc Giang,03,Huyện Lục Ngạn,018,THPT Lục Ngạn số 3 (Trước 04/6/2021),"Xã Phượng Sơn, H.Lục Ngạn",KV1,
2168,18,Bắc Giang,03,Huyện Lục Ngạn,046,THPT Lục Ngạn số 4(Trước 2025),"Xã Tân Sơn, H.Lục Ngạn",KV1,
2169,18,Bắc Giang,03,Huyện Lục Ngạn,047,TT GDTX-DN H.Lục Ngạn,"TTr. Chũ, H.Lục Ngạn",KV1,
2170,18,Bắc Giang,03,Huyện Lục Ngạn,068,PT DTNT H.Lục Ngạn (Trước 2025),"Xã Kiên Thành, H.Lục Ngạn",KV1,DTNT
2171,18,Bắc Giang,03,Huyện Lục Ngạn,070,THPT Bán công H.Lục Ngạn,"TTr. Chũ, H.Lục Ngạn",KV1,
2172,18,Bắc Giang,03,Huyện Lục Ngạn,087,TT GDNN-GDTX H.Lục Ngạn (Trước 2025),"TTr. Chũ, H.Lục Ngạn",KV1,
2173,18,Bắc Giang,03,Huyện Lục Ngạn,102,THPT Lục Ngạn số 5 (Trước 2025),"Xã Trù Hựu, Huyện Lục Ngạn",KV1,
2174,18,Bắc Giang,03,Huyện Lục Ngạn,108,THPT Lục Ngạn số 3 (Trước 2025),Xã Phượng Sơn,KV2-NT,
2175,18,Bắc Giang,04,Huyện Sơn Động,048,THPT Sơn Động số 1,"Xã Vĩnh An, H.Sơn Động",KV1,
2176,18,Bắc Giang,04,Huyện Sơn Động,049,PT DTNT H.Sơn Động,"TTr. An Châu, H.Sơn Động",KV1,DTNT
2177,18,Bắc Giang,04,Huyện Sơn Động,050,THPT Sơn Động số 2,"Xã Cẩm Đàn, H.Sơn Động",KV1,
2178,18,Bắc Giang,04,Huyện Sơn Động,051,TT GDTX-DN H.Sơn Động,"TTr. An Châu, H.Sơn Động",KV1,
2179,18,Bắc Giang,04,Huyện Sơn Động,069,THPT Sơn Động số 3,"TTr. Tây Yên Tử, H.Sơn Động",KV1,
2180,18,Bắc Giang,04,Huyện Sơn Động,088,TT GDNN-GDTX H.Sơn Động,"TTr. An Châu, H.Sơn Động",KV1,
2181,18,Bắc Giang,05,Huyện Lục Nam,019,THPT Lục Nam (Trước 04/6/2021),"TTr. Đồi Ngô, H.Lục Nam",KV1,
2182,18,Bắc Giang,05,Huyện Lục Nam,020,THPT Cẩm Lý (Trước 04/6/2021),"Xã Cẩm Lý, H.Lục Nam",KV1,
2183,18,Bắc Giang,05,Huyện Lục Nam,021,THPT Phương Sơn (Trước 04/6/2021),"Xã Phương Sơn, H.Lục Nam",KV1,
2184,18,Bắc Giang,05,Huyện Lục Nam,022,THPT Tứ Sơn,"Xã Trường Sơn, H.Lục Nam",KV1,
2185,18,Bắc Giang,05,Huyện Lục Nam,052,PTTH dân lập Đồi Ngô,Xã Tiên Hưng H.Lục Nam,KV1,
2186,18,Bắc Giang,05,Huyện Lục Nam,053,TT GDTX-DN H.Lục Nam,"TTr. Đồi Ngô, H.Lục Nam",KV1,
2187,18,Bắc Giang,05,Huyện Lục Nam,071,THPT tư thục Thanh Hồ,"Xã Thanh Lâm, H.Lục Nam",KV1,
2188,18,Bắc Giang,05,Huyện Lục Nam,089,THPT Đồi Ngô (Trước 04/6/2021),"TTr Đồi Ngô, H.Lục Nam",KV1,
2189,18,Bắc Giang,05,Huyện Lục Nam,090,TT GDNN-GDTX H.Lục Nam (Trước 04/6/2021),"TTr. Đồi Ngô, H.Lục Nam",KV1,
2190,18,Bắc Giang,05,Huyện Lục Nam,091,THPT Thanh Lâm (Trước 04/6/2021),"Xã Thanh Lâm, H.Lục Nam",KV1,
2191,18,Bắc Giang,05,Huyện Lục Nam,109,THPT Lục Nam,Thị trấn Đồi Ngô,KV2-NT,
2192,18,Bắc Giang,05,Huyện Lục Nam,110,THPT Cẩm Lý,Xã Cẩm Lý,KV2-NT,
2193,18,Bắc Giang,05,Huyện Lục Nam,111,THPT Phương Sơn (Trước 01/7/2022),Xã Phương Sơn,KV2-NT,
2194,18,Bắc Giang,05,Huyện Lục Nam,112,THPT Đồi Ngô,Thị trấn Đồi Ngô,KV2-NT,
2195,18,Bắc Giang,05,Huyện Lục Nam,113,THPT Thanh Lâm,Xã Thanh Lâm,KV2-NT,
2196,18,Bắc Giang,05,Huyện Lục Nam,114,TT GDNN-GDTX H.Lục Nam,Thị trấn Đồi Ngô,KV2-NT,
2197,18,Bắc Giang,05,Huyện Lục Nam,139,THPT Phương Sơn,Thị trấn Phương Sơn,KV2-NT,
2198,18,Bắc Giang,06,Huyện Tân Yên,023,THPT Tân Yên số 1 (Trước 04/6/2021),"TTr Cao Thượng, H.Tân Yên",KV1,
2199,18,Bắc Giang,06,Huyện Tân Yên,024,THPT Tân Yên số 2 (Trước 04/6/2021),"Xã Lam Cốt, H.Tân Yên",KV1,
2200,18,Bắc Giang,06,Huyện Tân Yên,025,THPT Nhã Nam (Trước 04/6/2021),"TTr. Nhã Nam, H.Tân Yên",KV1,
2201,18,Bắc Giang,06,Huyện Tân Yên,054,PTTH dân lập Tân Yên,"TTr. Cao Thượng, H.Tân Yên",KV1,
2202,18,Bắc Giang,06,Huyện Tân Yên,055,TT GDTX-DN H.Tân Yên,"Xã Cao Xá, H.Tân Yên",KV1,
2203,18,Bắc Giang,06,Huyện Tân Yên,092,THPT Hoàng Hoa Thám (Trước 04/6/2021),"TTr. Cao Thượng, H.Tân Yên",KV1,
2204,18,Bắc Giang,06,Huyện Tân Yên,093,TT GDNN-GDTX H.Tân Yên (Trước 04/6/2021),"Xã Cao Xá, H.Tân Yên",KV1,
2205,18,Bắc Giang,06,Huyện Tân Yên,115,THPT Tân Yên số 1,Thị trấn Cao Thượng,KV2-NT,
2206,18,Bắc Giang,06,Huyện Tân Yên,116,THPT Tân Yên số 2,Xã Lam Cốt,KV2-NT,
2207,18,Bắc Giang,06,Huyện Tân Yên,117,THPT Nhã Nam,Thị trấn Nhã Nam,KV2-NT,
2208,18,Bắc Giang,06,Huyện Tân Yên,118,THPT Hoàng Hoa Thám,TTr. Cao Thượng,KV2-NT,
2209,18,Bắc Giang,06,Huyện Tân Yên,119,TT GDNN-GDTX H.Tân Yên,Xã Cao Xá,KV2-NT,
2210,18,Bắc Giang,07,Huyện Hiệp Hòa,026,THPT Hiệp Hòa số 1 (Trước 04/6/2021),"TTr. Thắng, H.Hiệp Hòa",KV1,
2211,18,Bắc Giang,07,Huyện Hiệp Hòa,027,THPT Hiệp Hòa số 2 (Trước 01/7/2022),"Xã Bắc Lý, H.Hiệp Hòa",KV2-NT,
2212,18,Bắc Giang,07,Huyện Hiệp Hòa,028,THPT Hiệp Hòa số 3 (Trước 04/12/2019),"Xã Hùng Sơn, H.Hiệp Hòa",KV1,
2213,18,Bắc Giang,07,Huyện Hiệp Hòa,056,THPT dân lập Hiệp Hòa 1,"TTr. Thắng, H.Hiệp Hòa",KV2-NT,
2214,18,Bắc Giang,07,Huyện Hiệp Hòa,057,THPT Dân lập số 2 Hiệp Hòa,"Xã Hương Lâm, H. Hiệp Hòa",KV1,
2215,18,Bắc Giang,07,Huyện Hiệp Hòa,058,TT GDTX-DN H. Hiệp Hòa,"TTr. Thắng, H.Hiệp Hòa",KV2-NT,
2216,18,Bắc Giang,07,Huyện Hiệp Hòa,074,THPT Hiệp Hòa số 4 (Trước 04/6/2021),"Xã Hoàng An, H.Hiệp Hòa",KV1,
2217,18,Bắc Giang,07,Huyện Hiệp Hòa,081,THCS và THPT Hiệp Hòa,"Xã Đức Thắng, H.Hiệp Hòa",KV1,
2218,18,Bắc Giang,07,Huyện Hiệp Hòa,094,THPT Hiệp Hòa số 5 (Trước 04/6/2021),"TTr. Thắng, H.Hiệp Hòa",KV1,
2219,18,Bắc Giang,07,Huyện Hiệp Hòa,095,TT GDNN-GDTX H. Hiệp Hòa (Trước 04/6/2021),"TTr. Thắng, H.Hiệp Hòa",KV1,
2220,18,Bắc Giang,07,Huyện Hiệp Hòa,100,THPT Hiệp Hoà số 6,Xã Hương Lâm huyện Hiệp Hoà,KV2-NT,
2221,18,Bắc Giang,07,Huyện Hiệp Hòa,120,THPT Hiệp Hòa số 1,Thị trấn Thắng,KV2-NT,
2222,18,Bắc Giang,07,Huyện Hiệp Hòa,121,THPT Hiệp Hòa số 3,Xã Hùng Sơn,KV2-NT,
2223,18,Bắc Giang,07,Huyện Hiệp Hòa,122,THPT Hiệp Hòa số 4,Xã Hoàng An,KV2-NT,
2224,18,Bắc Giang,07,Huyện Hiệp Hòa,124,THPT Hiệp Hòa số 5,Thị trấn Thắng,KV2-NT,
2225,18,Bắc Giang,07,Huyện Hiệp Hòa,125,TT GDNN-GDTX H. Hiệp Hòa,Thị trấn Thắng,KV2-NT,
2226,18,Bắc Giang,07,Huyện Hiệp Hòa,138,THPT Hiệp Hòa số 2,Thị trấn Bắc Lý,KV2-NT,
2227,18,Bắc Giang,08,Huyện Lạng Giang,029,THPT Lạng Giang số 1,"Xã Yên Mỹ, H Lạng Giang",KV1,
2228,18,Bắc Giang,08,Huyện Lạng Giang,030,THPT Lạng Giang số 2 (Trước 04/6/2021),"TTr Kép, H.Lạng Giang",KV1,
2229,18,Bắc Giang,08,Huyện Lạng Giang,031,THPT Lạng Giang số 3 (Trước 04/6/2021),"Xã Mỹ Hà, H.Lạng Giang",KV1,
2230,18,Bắc Giang,08,Huyện Lạng Giang,059,THPT Dân lập Thái Đào,"Xã Thái Đào, H.Lạng Giang",KV1,
2231,18,Bắc Giang,08,Huyện Lạng Giang,060,THPT Dân Lập Phi Mô,"Xã Phi Mô, H.Lạng Giang",KV1,
2232,18,Bắc Giang,08,Huyện Lạng Giang,062,TT GDTX-DN H.Lạng Giang,"TTr. Vôi, H.Lạng Giang",KV2-NT,
2233,18,Bắc Giang,08,Huyện Lạng Giang,076,TC Nghề số 12 Bộ Quốc phòng,"TTr. Vôi, H.Lạng Giang",KV2-NT,
2234,18,Bắc Giang,08,Huyện Lạng Giang,096,TT GDNN-GDTX H.Lạng Giang (Trước 04/6/2021),"TTr. Vôi, H.Lạng Giang",KV1,
2235,18,Bắc Giang,08,Huyện Lạng Giang,126,THPT Lạng Giang số 2,Thị trấn Kép,KV2-NT,
2236,18,Bắc Giang,08,Huyện Lạng Giang,127,THPT Lạng Giang số 3,Xã Mỹ Hà,KV2-NT,
2237,18,Bắc Giang,08,Huyện Lạng Giang,128,TT GDNN-GDTX H.Lạng Giang,Thị trấn Vôi,KV2-NT,
2238,18,Bắc Giang,09,Huyện Việt Yên,032,THPT Việt Yên số 1,"TTr. Bích Động, H.Việt Yên",KV2-NT,
2239,18,Bắc Giang,09,Huyện Việt Yên,033,THPT Việt Yên số 2,"Xã Tự Lạn, H.Việt Yên",KV2-NT,
2240,18,Bắc Giang,09,Huyện Việt Yên,034,THPT Lý Thường Kiệt (Trước 04/6/2021),"Xã Tiên Sơn, H. Việt Yên",KV1,
2241,18,Bắc Giang,09,Huyện Việt Yên,063,"TH, THCS, THPT Nguyễn Bỉnh Khiêm","Xã Quảng Minh, H.Việt Yên",KV2-NT,
2242,18,Bắc Giang,09,Huyện Việt Yên,064,TT GDTX-DN H.Việt Yên,"TTr Bích Động, H.Việt Yên",KV2-NT,
2243,18,Bắc Giang,09,Huyện Việt Yên,097,TT GDNN-GDTX H.Việt Yên,"TTr Bích Động, H.Việt Yên",KV2-NT,
2244,18,Bắc Giang,09,Huyện Việt Yên,129,THPT Lý Thường Kiệt,Xã Tiên Sơn,KV2-NT,
2245,18,Bắc Giang,09,Huyện Việt Yên,130,THPT Thân Nhân Trung,Xã Bích Sơn,KV2-NT,
2246,18,Bắc Giang,10,Huyện Yên Dũng,035,THPT Yên Dũng số 1 (Trước 04/6/2021),"TTr Nham Biền, H.Yên Dũng",KV1,
2247,18,Bắc Giang,10,Huyện Yên Dũng,036,THPT Yên Dũng số 2 (Trước 04/6/2021),"TTr Tân An, H.Yên Dũng",KV1,
2248,18,Bắc Giang,10,Huyện Yên Dũng,037,THPT Yên Dũng số 3 (Trước 04/6/2021),"Xã Cảnh Thuỵ, H.Yên Dũng",KV1,
2249,18,Bắc Giang,10,Huyện Yên Dũng,065,THPT Dân lập Yên Dũng,"Xã Tiền Phong, H.Yên Dũng",KV1,
2250,18,Bắc Giang,10,Huyện Yên Dũng,066,TT GDTX-DN H.Yên Dũng,"Xã Nham Sơn, H.Yên Dũng",KV1,
2251,18,Bắc Giang,10,Huyện Yên Dũng,072,THPT dân lập Quang Trung,"Xã Cảnh Thuỵ, H.Yên Dũng",KV1,
2252,18,Bắc Giang,10,Huyện Yên Dũng,073,THPT tư thục Thái Sơn,"Xã Quỳnh Sơn, H.Yên Dũng",KV1,
2253,18,Bắc Giang,10,Huyện Yên Dũng,098,TT GDNN-GDTX H.Yên Dũng (Trước 04/6/2021),"TTr Nham Biền, H.Yên Dũng",KV1,
2254,18,Bắc Giang,10,Huyện Yên Dũng,099,THPT Quang Trung (Trước 04/6/2021),"Xã Cảnh Thụy, H.Yên Dũng",KV1,
2255,18,Bắc Giang,10,Huyện Yên Dũng,131,THPT Yên Dũng số 1 (Trước 2025),Thị trấn Nham Biền,KV2-NT,
2256,18,Bắc Giang,10,Huyện Yên Dũng,132,THPT Yên Dũng số 2 (Trước 2025),Thị trấn Tân An,KV2-NT,
2257,18,Bắc Giang,10,Huyện Yên Dũng,133,THPT Yên Dũng số 3 (Trước 2025),Xã Cảnh Thụy,KV2-NT,
2258,18,Bắc Giang,10,Huyện Yên Dũng,134,THPT Quang Trung (Trước 2025),Xã Cảnh Thụy,KV2-NT,
2259,18,Bắc Giang,10,Huyện Yên Dũng,135,TT GDNN-GDTX H.Yên Dũng (Trước 2025),Thị trấn Nham Biền,KV2-NT,
2260,18,Bắc Giang,11,Thị xã Việt Yên,141,THPT Việt Yên số 1,"P. Bích Động, thị xã.Việt Yên",KV2,
2261,18,Bắc Giang,11,Thị xã Việt Yên,142,THPT Việt Yên số 2,"P. Bích Động, thị xã.Việt Yên",KV2,
2262,18,Bắc Giang,11,Thị xã Việt Yên,143,THPT Lý Thường Kiệt,"Xã Tiên Sơn, thị xã Việt Yên",KV2,
2263,18,Bắc Giang,11,Thị xã Việt Yên,144,TT GDNN-GDTX TX.Việt Yên,"P. Bích Động, thị xã.Việt Yên",KV2,
2264,18,Bắc Giang,11,Thị xã Việt Yên,145,THPT Thân Nhân Trung,"P. Bích Động, thị xã.Việt Yên",KV2,
2265,18,Bắc Giang,11,Thị xã Việt Yên,146,"TH, THCS, THPT Nguyễn Bỉnh Khiêm","P. Quảng Minh, thị xã.Việt Yên",KV2,
2266,18,Bắc Giang,12,Thị xã Chũ,147,THPT Chu Văn An,"Phường Chũ, thĩ xã Chũ, tỉnh Bắc Giang",KV1,
2267,18,Bắc Giang,12,Thị xã Chũ,148,THPT Phượng Sơn,"Phường Phượng Sơn, thị xã Chũ, tỉnh Bắc Giang",KV2-NT,
2268,18,Bắc Giang,12,Thị xã Chũ,149,DTNT THCS và THPT Nguyễn Tất Thành,"Xã Kiên Thành, thị xã Chũ, tỉnh Bắc Giang",KV1,
2269,18,Bắc Giang,12,Thị xã Chũ,150,THPT Lê Hồng Phong,"Phường Trù Hựu, thị xã Chũ, tỉnh Bắc Giang",KV1,
2270,18,Bắc Giang,12,Thị xã Chũ,151,TT GDNN-GDTX thị xã Chũ,"Phường Chũ, thĩ xã Chũ, tỉnh Bắc Giang",KV1,
2271,18,Bắc Giang,13,Huyện Lục Ngạn,152,THPT Lục Ngạn,"Xã Tân Hoa, huyện Lục Ngạn, tỉnh Bắc Giang",KV1,
2272,18,Bắc Giang,13,Huyện Lục Ngạn,153,THPT Lương Thế Vinh,"Xã Tân Sơn, huyện Lục Ngạn, tỉnh Bắc Giang",KV1,
2273,19,Bắc Ninh,00,Sở Giáo dục và Đào tạo,800,Học ở nước ngoài_19,,KV3,
2274,19,Bắc Ninh,00,Sở Giáo dục và Đào tạo,900,"Quân nhân, Công an tại ngũ_19",,KV3,
2275,19,Bắc Ninh,01,Thành phố Bắc Ninh,000,Sở GD&ĐT Bắc Ninh,Số 5 - Lý Thái Tổ - TP Bắc Ninh,KV2,
2276,19,Bắc Ninh,01,Thành phố Bắc Ninh,001,Phòng GD&ĐT Tp Bắc Ninh,Ph. Vũ Ninh - TP Bắc Ninh,KV2,
2277,19,Bắc Ninh,01,Thành phố Bắc Ninh,009,THPT Chuyên Bắc Ninh,Ph. Ninh Xá -TP Bắc Ninh,KV2,
2278,19,Bắc Ninh,01,Thành phố Bắc Ninh,012,THPT Hoàng Quốc Việt,Ph. Thị Cầu -TP Bắc Ninh,KV2,
2279,19,Bắc Ninh,01,Thành phố Bắc Ninh,013,THPT Hàn Thuyên,Ph. Đại Phúc -TP Bắc Ninh,KV2,
2280,19,Bắc Ninh,01,Thành phố Bắc Ninh,025,THPT Lý Thường Kiệt,Phường Hạp Lĩnh -TP. Bắc Ninh,KV2,
2281,19,Bắc Ninh,01,Thành phố Bắc Ninh,027,THPT Lý Nhân Tông,Phường Vạn An -TP. Bắc Ninh,KV2,
2282,19,Bắc Ninh,01,Thành phố Bắc Ninh,028,PT có nhiều cấp học tư thục Quốc tế Kinh Bắc,Ph. Võ Cường - TP. Bắc Ninh,KV2,
2283,19,Bắc Ninh,01,Thành phố Bắc Ninh,031,THPT Nguyễn Du,Phường Võ Cường -Bắc Ninh,KV2,
2284,19,Bắc Ninh,01,Thành phố Bắc Ninh,037,TT GDTX Bắc Ninh,Đường Nguyễn Đăng Đạo -TP. Bắc Ninh,KV2,
2285,19,Bắc Ninh,01,Thành phố Bắc Ninh,045,CĐ Nghề Kinh tế Kỹ thuật Bắc Ninh,Ph. Đại Phúc -TP Bắc Ninh,KV2,
2286,19,Bắc Ninh,01,Thành phố Bắc Ninh,046,CĐ Nghề Cơ điện Xây dựng Bắc Ninh,Ph. Đại Phúc TP Bắc Ninh,KV2,
2287,19,Bắc Ninh,01,Thành phố Bắc Ninh,050,THPT Hàm Long,Xã Nam Sơn -Thành phố Bắc Ninh,KV2,
2288,19,Bắc Ninh,01,Thành phố Bắc Ninh,058,"TC nghề Kinh tế, Kỹ thuật Bắc Ninh","213 Ngô Gia Tự, Ph. Suối Hoa, TP Bắc Ninh",KV2,
2289,19,Bắc Ninh,01,Thành phố Bắc Ninh,059,THPT Bắc Ninh,"Phường Đại Phúc, TP Bắc Ninh, tỉnh Bắc Ninh.",KV2,
2290,19,Bắc Ninh,01,Thành phố Bắc Ninh,062,Cao đẳng thống kê,"Phường Vệ An, TP Bắc Ninh, Bắc Ninh",KV2,
2291,19,Bắc Ninh,01,Thành phố Bắc Ninh,063,Trường Trung cấp Kinh tế - Kỹ thuật thương mại số 1,,KV2,
2292,19,Bắc Ninh,01,Thành phố Bắc Ninh,071,Cao đẳng Công nghiệp Bắc Ninh,P Đại Phúc - TP Bắc Ninh,KV2,
2293,19,Bắc Ninh,01,Thành phố Bắc Ninh,072,Phổ thông Liên cấp Lương Thế Vinh,Thành phố Bắc Ninh,KV2,
2294,19,Bắc Ninh,01,Thành phố Bắc Ninh,073,Phổ thông Liên cấp Chu Văn An,Thành phố Bắc Ninh,KV2,
2295,19,Bắc Ninh,01,Thành phố Bắc Ninh,074,Phổ thông Liên cấp Đào Duy Từ,Thành phố Bắc Ninh,KV2,
2296,19,Bắc Ninh,01,Thành phố Bắc Ninh,075,"Tiểu học, THCS và THPT FPT",Phương Kinh Bắc,KV2,
2297,19,Bắc Ninh,01,Thành phố Bắc Ninh,076,Phổ thông Quốc tế Him Lam,Phường Đại Phúc,KV2,
2298,19,Bắc Ninh,01,Thành phố Bắc Ninh,801,Trường THPT - Khu vực 1,,KV1,
2299,19,Bắc Ninh,01,Thành phố Bắc Ninh,802,Trường THPT - KV2NT,,KV2-NT,
2300,19,Bắc Ninh,01,Thành phố Bắc Ninh,803,Trường THPT - KV2,,KV2,
2301,19,Bắc Ninh,01,Thành phố Bắc Ninh,804,Trường THPT - Khu vực 3,,KV3,
2302,19,Bắc Ninh,02,Huyện Yên Phong,002,Phòng GD&ĐT Yên Phong,TT Chờ - Yên Phong,KV2-NT,
2303,19,Bắc Ninh,02,Huyện Yên Phong,026,THPT Yên Phong số 1,TTr. Chờ -Yên Phong,KV2-NT,
2304,19,Bắc Ninh,02,Huyện Yên Phong,032,THPT Nguyễn Trãi,TTr. Chờ -Yên Phong,KV2-NT,
2305,19,Bắc Ninh,02,Huyện Yên Phong,038,TT GDTX Yên Phong,TTr. Chờ -Yên Phong,KV2-NT,
2306,19,Bắc Ninh,02,Huyện Yên Phong,049,THPT Yên Phong số 2,Xã Yên Trung -H. Yên Phong,KV2-NT,
2307,19,Bắc Ninh,02,Huyện Yên Phong,065,TT GDNN-GDTX Yên Phong,TT Chờ,KV2-NT,
2308,19,Bắc Ninh,03,Huyện Quế Võ,003,Phòng GD&ĐT Quế Võ,TT Phố Mới - Quế Võ,KV2-NT,
2309,19,Bắc Ninh,03,Huyện Quế Võ,018,THPT Quế Võ số 1,TTr. Phố Mới - Quế Võ,KV2-NT,
2310,19,Bắc Ninh,03,Huyện Quế Võ,019,THPT Quế Võ số 2,Đào Viên - Quế võ,KV2-NT,
2311,19,Bắc Ninh,03,Huyện Quế Võ,020,THPT Quế Võ số 3,Mộ Đạo - Quế Võ,KV2-NT,
2312,19,Bắc Ninh,03,Huyện Quế Võ,033,THPT Phố Mới,TTr. Phố Mới -Quế Võ,KV2-NT,
2313,19,Bắc Ninh,03,Huyện Quế Võ,039,TT GDTX số 2 tỉnh Bắc Ninh,TTr. Phố Mới - Quế Võ,KV2-NT,
2314,19,Bắc Ninh,03,Huyện Quế Võ,047,THPT Trần Hưng Đạo,Đào Viên -Quế Võ -Bắc Ninh,KV2-NT,
2315,19,Bắc Ninh,03,Huyện Quế Võ,066,TT GDNN-GDTX Bắc Ninh,TT Phố Mới,KV2-NT,
2316,19,Bắc Ninh,04,Huyện Tiên Du,004,Phòng GD&ĐT Tiên Du,TT Lim - Tiên Du,KV2-NT,
2317,19,Bắc Ninh,04,Huyện Tiên Du,024,THPT Tiên Du số 1,Xã Việt Đoàn -Tiên Du,KV2-NT,
2318,19,Bắc Ninh,04,Huyện Tiên Du,035,THPT Trần Nhân Tông,Xã Liên Bão -Tiên Du,KV2-NT,
2319,19,Bắc Ninh,04,Huyện Tiên Du,040,TT GDTX Tiên Du,TTr. Lim -Tiên Du,KV2-NT,
2320,19,Bắc Ninh,04,Huyện Tiên Du,048,THPT Nguyễn Đăng Đạo,TTr. Lim -Tiên Du -Bắc Ninh,KV2-NT,
2321,19,Bắc Ninh,04,Huyện Tiên Du,051,THPT Lê Quý Đôn,Xã Đại Đồng -H. Tiên Du,KV2-NT,
2322,19,Bắc Ninh,04,Huyện Tiên Du,069,TT GDNN-GDTX Tiên Du,TT Lim,KV2-NT,
2323,19,Bắc Ninh,05,Thành phố Từ Sơn,005,Phòng GD&ĐT Từ Sơn,Ph Đình Bảng - TX Từ Sơn,KV2,
2324,19,Bắc Ninh,05,Thành phố Từ Sơn,016,THPT Lý Thái Tổ,Ph. Đình Bảng - TX.Từ Sơn,KV2,
2325,19,Bắc Ninh,05,Thành phố Từ Sơn,017,THPT Ngô Gia Tự,Xã Tam Sơn -TX.Từ Sơn,KV2,
2326,19,Bắc Ninh,05,Thành phố Từ Sơn,036,THPT Từ Sơn,Ph. Tráng Hạ - TX.Từ Sơn,KV2,
2327,19,Bắc Ninh,05,Thành phố Từ Sơn,041,TT GDTX Từ Sơn,TX Từ Sơn - Bắc Ninh,KV2,
2328,19,Bắc Ninh,05,Thành phố Từ Sơn,053,THPT Nguyễn Văn Cừ,"Xã Phù Khê, TX. Từ Sơn",KV2,
2329,19,Bắc Ninh,05,Thành phố Từ Sơn,055,PT năng khiếu TDTT Olympic,"Ph. Trang Hạ, TX Từ Sơn, Bắc Ninh",KV2,
2330,19,Bắc Ninh,05,Thành phố Từ Sơn,056,"CĐ Kinh tế, Kỹ thuật và Thủy sản","Ph. Đình Bảng, Thị xã Từ Sơn, Bắc Ninh",KV2,
2331,19,Bắc Ninh,05,Thành phố Từ Sơn,057,CĐ Công nghiệp Hưng Yên (cơ sở 2),Ph. Đồng Kỵ-TX Từ Sơn,KV2,
2332,19,Bắc Ninh,05,Thành phố Từ Sơn,060,Trường Phổ thông IVS,,KV2,
2333,19,Bắc Ninh,05,Thành phố Từ Sơn,064,TT GDNN-GDTX Từ Sơn,TX Từ Sơn,KV2,
2334,19,Bắc Ninh,05,Thành phố Từ Sơn,070,Phổ thông liên cấp Lý Công Uẩn,TX Từ Sơn,KV2,
2335,19,Bắc Ninh,06,Huyện Thuận Thành,006,Phòng GD&ĐT Thuận Thành,TT Hồ - Thuận Thành,KV2-NT,
2336,19,Bắc Ninh,06,Huyện Thuận Thành,021,THPT Thuận Thành số 1,Xã Gia Đông - Thuận Thành,KV2-NT,
2337,19,Bắc Ninh,06,Huyện Thuận Thành,022,THPT Thuận Thành số 2,Xã Thanh Khương - Thuận Thành,KV2-NT,
2338,19,Bắc Ninh,06,Huyện Thuận Thành,023,THPT Thuận Thành số 3,TTr. Hồ - Thuận Thành,KV2-NT,
2339,19,Bắc Ninh,06,Huyện Thuận Thành,034,THPT Thiên Đức,TTr. Hồ -Thuận Thành,KV2-NT,
2340,19,Bắc Ninh,06,Huyện Thuận Thành,042,TT GDTX Thuận Thành,TTr. Hồ -Thuận Thành,KV2-NT,
2341,19,Bắc Ninh,06,Huyện Thuận Thành,054,THPT Kinh Bắc,"Hà Mãn, H.Thuận Thành, Bắc Ninh",KV2-NT,
2342,19,Bắc Ninh,07,Huyện Gia Bình,007,Phòng GD&ĐT Gia Bình,TT Gia Bình - Gia Bình,KV2-NT,
2343,19,Bắc Ninh,07,Huyện Gia Bình,010,THPT Gia Bình số 1,Nhân Thắng - Gia Bình,KV2-NT,
2344,19,Bắc Ninh,07,Huyện Gia Bình,011,THPT Lê Văn Thịnh,TTr Gia Bình - Gia Bình,KV2-NT,
2345,19,Bắc Ninh,07,Huyện Gia Bình,029,THPT Gia Bình số 3,Nhân Thắng -Gia Bình,KV2-NT,
2346,19,Bắc Ninh,07,Huyện Gia Bình,043,TT GDTX Gia Bình,TTr Gia Bình - Gia Bình,KV2-NT,
2347,19,Bắc Ninh,07,Huyện Gia Bình,067,TT GDNN-GDTX Gia Bình,TT Gia Bình,KV2-NT,
2348,19,Bắc Ninh,08,Huyện Lương Tài,008,Phòng GD&ĐT Lương Tài,TT Thứa - Lương Tài,KV2-NT,
2349,19,Bắc Ninh,08,Huyện Lương Tài,014,THPT Lương Tài,TTr. Thứa - Lương Tài,KV2-NT,
2350,19,Bắc Ninh,08,Huyện Lương Tài,015,THPT Lương Tài số 2,Trung Kênh - Lương Tài,KV2-NT,
2351,19,Bắc Ninh,08,Huyện Lương Tài,030,THPT Lương Tài số 3,TTr. Thứa -Lương Tài,KV2-NT,
2352,19,Bắc Ninh,08,Huyện Lương Tài,044,TT GDTX Lương Tài,TTr Thứa -Lương Tài,KV2-NT,
2353,19,Bắc Ninh,08,Huyện Lương Tài,052,THPT Hải Á,Xã An Thịnh-H. Lương Tài,KV2-NT,
2354,19,Bắc Ninh,08,Huyện Lương Tài,068,TT GDNN-GDTX Lương Tài,TT Thứa,KV2-NT,
2355,19,Bắc Ninh,09,Thị xã Quế Võ,082,THPT Quế Võ số 1,"Phường Phố Mới, TX Quế Võ",KV2,
2356,19,Bắc Ninh,09,Thị xã Quế Võ,083,THPT Quế Võ số 2,"Xã Đào Viên, TX Quế Võ",KV2,
2357,19,Bắc Ninh,09,Thị xã Quế Võ,084,THPT Quế Võ số 3,"Xã Mộ Đạo, TX Quế Võ",KV2,
2358,19,Bắc Ninh,09,Thị xã Quế Võ,085,THPT Phố Mới,"Phường Phố Mới, TX Quế Võ",KV2,
2359,19,Bắc Ninh,09,Thị xã Quế Võ,086,THPT Trần Hưng Đạo,"Xã Đào Viên, TX Quế Võ",KV2,
2360,19,Bắc Ninh,09,Thị xã Quế Võ,087,TT GDNN-GDTX tỉnh Bắc Ninh,"Phường Phố Mới, TX Quế Võ",KV2,
2361,19,Bắc Ninh,10,Thị xã Thuận Thành,077,TT GDTX TX Thuận Thành,"Phường Hồ, TX Thuận Thành",KV2,
2362,19,Bắc Ninh,10,Thị xã Thuận Thành,078,THPT Thuận Thành số 1,"Phường Gia Đông, TX Thuận Thành",KV2,
2363,19,Bắc Ninh,10,Thị xã Thuận Thành,079,THPT Thuận Thành số 2,"Phương Thanh Khương, TX Thuận Thành",KV2,
2364,19,Bắc Ninh,10,Thị xã Thuận Thành,080,THPT Thuận Thành số 3,"Phường Hồ, TX Thuận Thành",KV2,
2365,19,Bắc Ninh,10,Thị xã Thuận Thành,081,THPT Kinh Bắc,"Phường Hà Mãn, TX Thuận Thành",KV2,
2366,21,Hải Dương,00,Sở Giáo dục và Đào tạo,800,Học ở nước ngoài_21,,KV3,
2367,21,Hải Dương,00,Sở Giáo dục và Đào tạo,900,"Quân nhân, Công an tại ngũ_21",,KV3,
2368,21,Hải Dương,01,Thành phố Hải Dương,013,THPT Chuyên Nguyễn Trãi,"P.Tân Bình,TP.Hải Dương",KV2,
2369,21,Hải Dương,01,Thành phố Hải Dương,014,THPT Hồng Quang,"Số 1 Chương Dương, P. Trần Phú - TP Hải Dương",KV2,
2370,21,Hải Dương,01,Thành phố Hải Dương,015,THPT Nguyễn Du,"Số 13 Đức Minh, P. Tân Bình, TP Hải Dương",KV2,
2371,21,Hải Dương,01,Thành phố Hải Dương,016,THPT Hoàng Văn Thụ,"P. Ngọc Châu, TP. Hải Dương",KV2,
2372,21,Hải Dương,01,Thành phố Hải Dương,017,THPT Nguyễn Bỉnh Khiêm,"P. Quang Trung, TP. Hải Dương",KV2,
2373,21,Hải Dương,01,Thành phố Hải Dương,041,THPT Thành Đông,"Số 213 Hoàng Lộc, P. Lê Thanh Nghin, TP Hải Dương",KV2,
2374,21,Hải Dương,01,Thành phố Hải Dương,055,TT GDTX TP. Hải Dương,"P. Quang Trung, TP. Hải Dương",KV2,
2375,21,Hải Dương,01,Thành phố Hải Dương,067,TC Văn hóa - Nghệ thuật - Du lịch,"30 Tống Duy Tân, Ngọc Châu",KV2,
2376,21,Hải Dương,01,Thành phố Hải Dương,076,THPT Ái Quốc,"Phường Ái Quốc, TP. Hải Dương",KV2,
2377,21,Hải Dương,01,Thành phố Hải Dương,080,THPT Lương Thế Vinh,"Phường Thạch Khôi, TP.Hải Dương",KV2,
2378,21,Hải Dương,01,Thành phố Hải Dương,081,THPT Marie Curie,"Lô 46, Lương Thế Vinh, Phường Trần Phú, TP.Hải Dương",KV2,
2379,21,Hải Dương,01,Thành phố Hải Dương,093,TT GDNN-GDTX TP. Hải Dương,"Số 95 Nguyễn Lương Bằng, Phường Phạm Ngũ Lão - TP Hải Dương",KV2,
2380,21,Hải Dương,01,Thành phố Hải Dương,105,THPT Nguyễn Văn Cừ,"Số 64 Trần Thánh Tông, P. Ngọc Châu, TP Hải Dương",KV2,
2381,21,Hải Dương,01,Thành phố Hải Dương,106,"Trung tâm GDTX - Ngoại ngữ, Tin học","310 Nguyễn Lương Bằng, Tp Hải Dương",KV2,
2382,21,Hải Dương,01,Thành phố Hải Dương,107,THPT Chu Văn An,"Số 250, Nguyễn Lương Bằng, Tp Hải Dương",KV2,
2383,21,Hải Dương,01,Thành phố Hải Dương,108,THPT Sao Đỏ,"Số 3, đường Vũ Công Đán, phường Tứ Minh, Tp Hải Dương",KV2,
2384,21,Hải Dương,01,Thành phố Hải Dương,116,"TH, THCS và THPT Nam Hải Dương","Xã Liên Hồng, Tp Hải Dương",KV2,
2385,21,Hải Dương,01,Thành phố Hải Dương,801,Trường THPT - Khu vực 1,,KV1,
2386,21,Hải Dương,01,Thành phố Hải Dương,802,Trường THPT - KV2NT,,KV2-NT,
2387,21,Hải Dương,01,Thành phố Hải Dương,803,Trường THPT - KV2,,KV2,
2388,21,Hải Dương,01,Thành phố Hải Dương,804,Trường THPT - Khu vực 3,,KV3,
2389,21,Hải Dương,02,Thành phố Chí Linh,018,THPT Chí Linh,"Phố Nguyễn Trãi 1, Phường Sao Đỏ, TP. Chí Linh",KV2,
2390,21,Hải Dương,02,Thành phố Chí Linh,019,THPT Phả Lại,"Phố Sùng Yên, Phường Phả Lại, TP.Chí Linh",KV2,
2391,21,Hải Dương,02,Thành phố Chí Linh,043,THPT Trần Phú,"Phố Tuệ Tĩnh, Phường Sao Đỏ, TP. Chí Linh",KV2,
2392,21,Hải Dương,02,Thành phố Chí Linh,056,TT GDTX - HN - DN Chí Linh,"Thái Học, TX. Chí Linh",KV2,
2393,21,Hải Dương,02,Thành phố Chí Linh,074,THPT Bến Tắm,"Khu 3, Phường Bến Tắm, TP. Chí Linh",KV2,
2394,21,Hải Dương,02,Thành phố Chí Linh,094,TT GDNN-GDTX Chí Linh,"Số 52 Yết Kiêu, Phường Thái Học, TP. Chí Linh",KV2,
2395,21,Hải Dương,03,Huyện Nam Sách,020,THPT Nam Sách,"Số 151 TRần Phú, TT Nam Sách, H. Nam Sách",KV2-NT,
2396,21,Hải Dương,03,Huyện Nam Sách,021,THPT Mạc Đĩnh Chi,"Xã Thanh Quang, H. Nam Sách",KV2-NT,
2397,21,Hải Dương,03,Huyện Nam Sách,046,THPT Nam Sách II,"Thôn Bạch Đa, Xã An Lâm, H. Nam Sách",KV2-NT,
2398,21,Hải Dương,03,Huyện Nam Sách,057,TT GDTX Nam Sách,"Thị trấn Nam Sách, H. Nam Sách",KV2-NT,
2399,21,Hải Dương,03,Huyện Nam Sách,075,THPT Phan Bội Châu,"Số 115 Nguyễn Văn Trỗi, TT. Nam Sách, H. Nam Sách",KV2-NT,
2400,21,Hải Dương,03,Huyện Nam Sách,095,TT GDNN-GDTX Nam Sách,"Đường Nguyễn Đăng Lành, TT. Nam Sách, H. Nam Sách",KV2-NT,
2401,21,Hải Dương,04,Thị xã Kinh Môn,027,THPT Kinh Môn (trước 28/4/2017),"TT Kinh Môn, H. Kinh Môn",KV2-NT,
2402,21,Hải Dương,04,Thị xã Kinh Môn,028,THPT Nhị Chiểu (trước 28/4/2017),"TT Phú Thứ, H. Kinh Môn",KV2-NT,
2403,21,Hải Dương,04,Thị xã Kinh Môn,029,THPT Phúc Thành (trước 28/4/2017),"Xã Phúc Thành, H. Kinh Môn",KV2-NT,
2404,21,Hải Dương,04,Thị xã Kinh Môn,051,THPT Kinh Môn II (trước 28/4/2017),"Xã Hiệp Sơn, H. Kinh Môn",KV2-NT,
2405,21,Hải Dương,04,Thị xã Kinh Môn,058,TT GDTX Kinh Môn (trước 28/4/2017),"TT Kinh Môn, H Kinh Môn",KV2-NT,
2406,21,Hải Dương,04,Thị xã Kinh Môn,077,THPT Trần Quang Khải (trước 28/4/2017),"Phú Thứ, H. Kinh Môn",KV2-NT,
2407,21,Hải Dương,04,Thị xã Kinh Môn,078,THPT Quang Thành (trước 28/4/2017),"Xã Phúc Thành, H. Kinh Môn",KV2-NT,
2408,21,Hải Dương,04,Thị xã Kinh Môn,086,THPT Kinh Môn (từ 28/4/2017),"TT Kinh Môn, H. Kinh Môn",KV1,
2409,21,Hải Dương,04,Thị xã Kinh Môn,087,THPT Nhị Chiểu (từ 28/4/2017),"TT Phú Thứ, H. Kinh Môn",KV1,
2410,21,Hải Dương,04,Thị xã Kinh Môn,088,THPT Phúc Thành (từ 28/4/2017),"Xã Phúc Thành, H. Kinh Môn",KV1,
2411,21,Hải Dương,04,Thị xã Kinh Môn,089,THPT Kinh Môn II (từ 28/4/2017),"Xã Hiệp Sơn, H. Kinh Môn",KV1,
2412,21,Hải Dương,04,Thị xã Kinh Môn,090,THPT Trần Quang Khải (từ 28/4/2017),"Phú Thứ, H. Kinh Môn",KV1,
2413,21,Hải Dương,04,Thị xã Kinh Môn,091,THPT Quang Thành (từ 28/4/2017),"Xã Quang Thành, H. Kinh Môn",KV1,
2414,21,Hải Dương,04,Thị xã Kinh Môn,092,TT GDNN-GDTX Kinh Môn (từ 28/4/2017),"TT Kinh Môn, H Kinh Môn",KV1,
2415,21,Hải Dương,04,Thị xã Kinh Môn,109,THPT Kinh Môn (từ 04/6/2021),"TT Kinh Môn, H. Kinh Môn",KV2,
2416,21,Hải Dương,04,Thị xã Kinh Môn,110,THPT Nhị Chiểu (từ 04/6/2021),"TT Phú Thứ, H. Kinh Môn",KV2,
2417,21,Hải Dương,04,Thị xã Kinh Môn,111,THPT Phúc Thành (từ 04/6/2021),"Xã Phúc Thành, H. Kinh Môn",KV2,
2418,21,Hải Dương,04,Thị xã Kinh Môn,112,THPT Kinh Môn II (từ 04/6/2021),"Xã Hiệp Sơn, H. Kinh Môn",KV2,
2419,21,Hải Dương,04,Thị xã Kinh Môn,113,THPT Trần Quang Khải (từ 04/6/2021),"Phú Thứ, H. Kinh Môn",KV2,
2420,21,Hải Dương,04,Thị xã Kinh Môn,114,THPT Quang Thành (từ 04/6/2021),"Xã Quang Thành, H. Kinh Môn",KV2,
2421,21,Hải Dương,04,Thị xã Kinh Môn,115,TT GDNN-GDTX Kinh Môn (từ 04/6/2021),"TT Kinh Môn, H Kinh Môn",KV2,
2422,21,Hải Dương,05,Huyện Gia Lộc,032,THPT Gia Lộc,"Số 183 Nguyễn Chế Nghĩa, TT Gia Lộc, H. Gia Lộc",KV2-NT,
2423,21,Hải Dương,05,Huyện Gia Lộc,033,THPT Đoàn Thượng,"Xã Đoàn Thượng, H. Gia Lộc",KV2-NT,
2424,21,Hải Dương,05,Huyện Gia Lộc,047,THPT Gia Lộc II,"Số 622 Nguyễn Chế Nghĩa, TT Gia Lộc, H. Gia Lộc",KV2-NT,
2425,21,Hải Dương,05,Huyện Gia Lộc,059,TT GDTX - HN Gia Lộc,"Xã Phương Hưng, H. Gia Lộc",KV2-NT,
2426,21,Hải Dương,05,Huyện Gia Lộc,097,TT GDNN-GDTX Gia Lộc,"Xã Phương Hưng, H. Gia Lộc",KV2-NT,
2427,21,Hải Dương,06,Huyện Tứ Kỳ,030,THPT Tứ Kỳ,"TT Tứ Kỳ, H. Tứ Kỳ",KV2-NT,
2428,21,Hải Dương,06,Huyện Tứ Kỳ,031,THPT Cầu Xe,"Xã Cộng Lạc, H. Tứ Kỳ",KV2-NT,
2429,21,Hải Dương,06,Huyện Tứ Kỳ,044,THPT Hưng Đạo,"Xã Hưng Đạo, H. Tứ Kỳ",KV2-NT,
2430,21,Hải Dương,06,Huyện Tứ Kỳ,060,TT GDTX Tứ Kỳ,"TT Tứ Kỳ, H. Tứ Kỳ",KV2-NT,
2431,21,Hải Dương,06,Huyện Tứ Kỳ,072,THPT Tứ Kỳ II,Thị trấn Tứ Kỳ-H. Tứ Kỳ,KV2-NT,
2432,21,Hải Dương,06,Huyện Tứ Kỳ,098,TT GDNN-GDTX Tứ Kỳ,"TT Tứ Kỳ, H. Tứ Kỳ",KV2-NT,
2433,21,Hải Dương,07,Huyện Thanh Miện,036,THPT Thanh Miện,"Xã lam Sơn, TT Thanh Miện, H. Thanh Miện",KV2-NT,
2434,21,Hải Dương,07,Huyện Thanh Miện,037,THPT Thanh Miện II,"Xã Hồng Quang, H. Thanh Miện",KV2-NT,
2435,21,Hải Dương,07,Huyện Thanh Miện,052,THPT Thanh Miện III,"Thôn La Ngoại, Xã Ngũ Hùng, H. Thanh Miện",KV2-NT,
2436,21,Hải Dương,07,Huyện Thanh Miện,061,TT GDTX Thanh Miện,"TT Thanh Miện, H. Thanh Miện",KV2-NT,
2437,21,Hải Dương,07,Huyện Thanh Miện,085,"TH, THCS và THPT Lê Quý Đôn","Xã Đoàn Tùng, H. Thanh Miện",KV2-NT,
2438,21,Hải Dương,07,Huyện Thanh Miện,099,TT GDNN-GDTX Thanh Miện,"Số 46, đường 18/8, TT Thanh Miện, H. Thanh Miện",KV2-NT,
2439,21,Hải Dương,08,Huyện Ninh Giang,034,THPT Ninh Giang,"Khu 3, TT Ninh Giang, H. Ninh Giang",KV2-NT,
2440,21,Hải Dương,08,Huyện Ninh Giang,035,THPT Quang Trung,"Thông Đào Lạng, Xã Văn Hội, H. Ninh Giang",KV2-NT,
2441,21,Hải Dương,08,Huyện Ninh Giang,045,THPT Khúc Thừa Dụ,"Xã Tân Hương, H. Ninh Giang",KV2-NT,
2442,21,Hải Dương,08,Huyện Ninh Giang,050,THPT Ninh Giang II,"Khu 3, TT Ninh Giang, H. Ninh Giang",KV2-NT,
2443,21,Hải Dương,08,Huyện Ninh Giang,062,TT GDTX Ninh Giang,"Xã Hồng Phong, H. Ninh Giang",KV2-NT,
2444,21,Hải Dương,08,Huyện Ninh Giang,079,THPT Hồng Đức,"Xã Hồng Đức, H. Ninh Giang",KV2-NT,
2445,21,Hải Dương,08,Huyện Ninh Giang,100,TT GDNN-GDTX Ninh Giang,"Thôn Giâm Me, Xã Đồng Tâm, H. Ninh Giang",KV2-NT,
2446,21,Hải Dương,09,Huyện Cẩm Giàng,038,THPT Cẩm Giàng,"Xã Tân Trường, H. Cẩm Giàng",KV2-NT,
2447,21,Hải Dương,09,Huyện Cẩm Giàng,042,THPT Tuệ Tĩnh,"Thôn nghĩa phú, Xã Cẩm Vũ, H. Cẩm Giàng",KV2-NT,
2448,21,Hải Dương,09,Huyện Cẩm Giàng,053,THPT Cẩm Giàng II,"Thôn Chí Thành, Xã Tân Trường, H. Cẩm Giàng",KV2-NT,
2449,21,Hải Dương,09,Huyện Cẩm Giàng,063,TT GDTX Cẩm Giàng,"Xã Tân Trường, H. Cẩm Giàng",KV2-NT,
2450,21,Hải Dương,09,Huyện Cẩm Giàng,101,TT GDNN-GDTX Cẩm Giàng,"Thôn Tràng Kỹ, Xã Tân Trường, H. Cẩm Giàng",KV2-NT,
2451,21,Hải Dương,10,Huyện Thanh Hà,022,THPT Thanh Hà,"Khu 7, TT Thanh Hà, H. Thanh Hà",KV2-NT,
2452,21,Hải Dương,10,Huyện Thanh Hà,023,THPT Hà Đông,"Xã Thanh Cường, H. Thanh Hà",KV2-NT,
2453,21,Hải Dương,10,Huyện Thanh Hà,024,THPT Hà Bắc,"Thôn Du La, Xã Cẩm Chế, H. Thanh Hà",KV2-NT,
2454,21,Hải Dương,10,Huyện Thanh Hà,048,THPT Thanh Bình,"Số 213 Trần Nhân Tông, TT Thanh Hà, H. Thanh Hà",KV2-NT,
2455,21,Hải Dương,10,Huyện Thanh Hà,064,TT GDTX Thanh Hà,"TT Thanh Hà, H. Thanh Hà",KV2-NT,
2456,21,Hải Dương,10,Huyện Thanh Hà,102,TT GDNN-GDTX Thanh Hà,"Khu 5, TT Thanh Hà, H. Thanh Hà",KV2-NT,
2457,21,Hải Dương,11,Huyện Kim Thành,025,THPT Kim Thành,"Số 59 Trần Hưng Đạo, TT Phú Thái, H. Kim Thành",KV2-NT,
2458,21,Hải Dương,11,Huyện Kim Thành,026,THPT Đồng Gia,"Xã Đồng Cẩm, H. Kim Thành",KV2-NT,
2459,21,Hải Dương,11,Huyện Kim Thành,049,THPT Kim Thành II,"Thôn Tân Thành, Xã Kim Anh, H. Kim Thành",KV2-NT,
2460,21,Hải Dương,11,Huyện Kim Thành,065,TT GDTX Kim Thành,"Xã Cổ Dũng, H. Kim Thành",KV2-NT,
2461,21,Hải Dương,11,Huyện Kim Thành,073,THPT Phú Thái,"Xã Phúc Thành, H. Kim Thành",KV2-NT,
2462,21,Hải Dương,11,Huyện Kim Thành,103,TT GDNN-GDTX Kim Thành,"Thôn Bắc, Xã Cổ Dũng, H. Kim Thành",KV2-NT,
2463,21,Hải Dương,12,Huyện Bình Giang,039,THPT Bình Giang,"Xã Thái Học, H. Bình Giang",KV2-NT,
2464,21,Hải Dương,12,Huyện Bình Giang,040,THPT Kẻ Sặt,"Số 80 Tráng Liệt, đường 392, TT. Kẻ Sặt, H. Bình Giang",KV2-NT,
2465,21,Hải Dương,12,Huyện Bình Giang,054,THPT Đường An,"Xã Bình Minh, H. Bình Giang",KV2-NT,
2466,21,Hải Dương,12,Huyện Bình Giang,066,TT GDTX Bình Giang,"Xã Thái Học, H. Bình Giang",KV2-NT,
2467,21,Hải Dương,12,Huyện Bình Giang,082,THPT Vũ Ngọc Phan,"Đường Thống Nhất, TT Kẻ Sặt, H.Bình Giang",KV2-NT,
2468,21,Hải Dương,12,Huyện Bình Giang,104,TT GDNN-GDTX Bình Giang,"Xã Bình Minh, H. Bình Giang",KV2-NT,
2469,22,Hưng Yên,00,Sở Giáo dục và Đào tạo,800,Học ở nước ngoài_22,Sở GDĐT Hưng Yên,KV2-NT,
2470,22,Hưng Yên,00,Sở Giáo dục và Đào tạo,900,"Quân nhân, Công an tại ngũ_22",307 Nguyễn Văn Linh - TP Hưng Yên,KV2-NT,
2471,22,Hưng Yên,01,Thành phố Hưng Yên,000,Sở GDĐT Hưng Yên,"603 Nguyễn Văn Linh,TP Hưng Yên",KV2,
2472,22,Hưng Yên,01,Thành phố Hưng Yên,011,THPT Chuyên Hưng Yên,"Ph. An Tảo, TP Hưng Yên",KV2,
2473,22,Hưng Yên,01,Thành phố Hưng Yên,012,THPT Hưng Yên,"Ph. Quang Trung, TP Hưng Yên",KV2,
2474,22,Hưng Yên,01,Thành phố Hưng Yên,013,Trung tâm GDTX TP Hưng Yên,"Ph. Quang Trung, TP Hưng Yên",KV2,
2475,22,Hưng Yên,01,Thành phố Hưng Yên,014,Phòng GDĐT TP Hưng Yên,"Ph. Quang trung, TP Hưng Yên",KV2,
2476,22,Hưng Yên,01,Thành phố Hưng Yên,015,THPT Tô Hiệu,"Ph. Hiến Nam, TP Hưng Yên",KV2,
2477,22,Hưng Yên,01,Thành phố Hưng Yên,070,TC Văn hóa Ng.Thuật và D. Lịch HY,"Ph. An Tảo, TP Hưng Yên",KV2,
2478,22,Hưng Yên,01,Thành phố Hưng Yên,072,Trung cấp Nghề Hưng Yên,Ph. Hiến Nam TP Hưng Yên,KV2,
2479,22,Hưng Yên,01,Thành phố Hưng Yên,078,THPT Quang Trung,Xã Bảo Khê TP Hưng Yên,KV2,
2480,22,Hưng Yên,01,Thành phố Hưng Yên,088,Trung cấp Nghề Giao thông Vận tải HY,"Số 2, Nguyễn Văn Linh-TP HY",KV2,
2481,22,Hưng Yên,01,Thành phố Hưng Yên,101,Trung tâm GDNN - GDTX TP Hưng Yên,Ph. Quang Trung - TP Hưng Yên,KV2,
2482,22,Hưng Yên,01,Thành phố Hưng Yên,801,Trường THPT - Khu vực 1,,KV1,
2483,22,Hưng Yên,01,Thành phố Hưng Yên,802,Trường THPT - KV2NT,,KV2-NT,
2484,22,Hưng Yên,01,Thành phố Hưng Yên,803,Trường THPT - KV2,,KV2,
2485,22,Hưng Yên,01,Thành phố Hưng Yên,804,Trường THPT - Khu vực 3,,KV3,
2486,22,Hưng Yên,02,Huyện Kim Động,016,THPT Kim Động,Xã Lương Bằng H Kim Động,KV2-NT,
2487,22,Hưng Yên,02,Huyện Kim Động,017,THPT Đức Hợp,Xã Đức Hợp H Kim Động,KV2-NT,
2488,22,Hưng Yên,02,Huyện Kim Động,018,Trung tâm GDTX Kim Động,"TTr. Lương Bằng, huyện Kim Động",KV2-NT,
2489,22,Hưng Yên,02,Huyện Kim Động,019,Phòng GDĐT Kim Động,"TTr. Lương Bằng, Kim Động",KV2-NT,
2490,22,Hưng Yên,02,Huyện Kim Động,073,THPT Nghĩa Dân,"Xã Nghĩa Dân, Kim Động",KV2-NT,
2491,22,Hưng Yên,02,Huyện Kim Động,074,THPT Nguyễn Trãi,"T. Trấn Lương Bằng, Kim Động",KV2-NT,
2492,22,Hưng Yên,02,Huyện Kim Động,095,THPT An Viên,"Xã Hiệp Cường, Huyện Kim Động",KV2-NT,
2493,22,Hưng Yên,02,Huyện Kim Động,105,Trung tâm GDNN - GDTX Kim Động,TT Lương Bằng - Kim Động,KV2-NT,
2494,22,Hưng Yên,03,Huyện Ân Thi,020,THPT Ân Thi,"TTr. Ân Thi, Ân Thi",KV2-NT,
2495,22,Hưng Yên,03,Huyện Ân Thi,021,THPT Nguyễn Trung Ngạn,"Xã Hồ Tùng Mậu, Ân Thi",KV2-NT,
2496,22,Hưng Yên,03,Huyện Ân Thi,022,Trung tâm GDTX Ân Thi,"TTr. Ân Thi, huyện Ân Thi",KV2-NT,
2497,22,Hưng Yên,03,Huyện Ân Thi,023,Trung tâm KTTH-HN Ân Thi,"TTr. Ân Thi, huyện Ân Thi",KV2-NT,
2498,22,Hưng Yên,03,Huyện Ân Thi,024,Phòng GDĐT Ân Thi,"TTr. Ân Thi, huyện Ân Thi",KV2-NT,
2499,22,Hưng Yên,03,Huyện Ân Thi,025,THPT Lê Quý Đôn,"TTr. Ân Thi, Ân Thi",KV2-NT,
2500,22,Hưng Yên,03,Huyện Ân Thi,026,THPT Phạm Ngũ Lão,"Xã Tân Phúc, Ân Thi",KV2-NT,
2501,22,Hưng Yên,03,Huyện Ân Thi,104,Trung tâm GDNN - GDTX Ân Thi,"TTr. Ân Thi, Ân Thi",KV2-NT,
2502,22,Hưng Yên,04,Huyện Khoái Châu,027,THPT Khoái Châu (Trước 2019),"TTr. Khoái Châu, Khoái Châu",KV2-NT,
2503,22,Hưng Yên,04,Huyện Khoái Châu,028,THPT Nam Khoái Châu (từ 2019 trở về trước),"Xã Đại Hưng,Khoái Châu",KV2-NT,
2504,22,Hưng Yên,04,Huyện Khoái Châu,029,Trung tâm GDTX Khoái Châu,"TTr. Khoái Châu, huyện Khoái Châu",KV2-NT,
2505,22,Hưng Yên,04,Huyện Khoái Châu,030,Trung tâm KTTH-HN Khoái Châu,"TTr. Khoái Châu, huyện Khoái Châu",KV2-NT,
2506,22,Hưng Yên,04,Huyện Khoái Châu,031,Phòng GDĐT Khoái Châu,"TTr. Khoái Châu, huyện Khoái Châu",KV2-NT,
2507,22,Hưng Yên,04,Huyện Khoái Châu,032,THPT Trần Quang Khải,"Xã Dạ Trạch, Khoái Châu",KV2-NT,
2508,22,Hưng Yên,04,Huyện Khoái Châu,033,THPT Phùng Hưng,"Xã Phùng Hưng, Khoái Châu",KV2-NT,
2509,22,Hưng Yên,04,Huyện Khoái Châu,066,Cao đẳng Nghề Cơ điện và Thủy lợi,Xã Dân Tiến H Khoái Châu,KV2-NT,
2510,22,Hưng Yên,04,Huyện Khoái Châu,079,THPT Nguyễn Siêu,"Xã Đông Kết, Khoái Châu",KV2-NT,
2511,22,Hưng Yên,04,Huyện Khoái Châu,092,Cao đẳng Cơ điện và Thủy Lợi,Xã Dân Tiến,KV2-NT,
2512,22,Hưng Yên,04,Huyện Khoái Châu,093,Cao đẳng Kinh tế Kỹ thuật Tô Hiệu Hưng Yên,"xã Dân Tiến, huyện Khoái Châu, Hưng Yên",KV2-NT,
2513,22,Hưng Yên,04,Huyện Khoái Châu,106,Trung tâm GDNN - GDTX Khoái Châu,TT Khoái Châu - Khoái Châu,KV2-NT,
2514,22,Hưng Yên,04,Huyện Khoái Châu,111,THPT Khoái Châu,Thị trấn Khoái Châu,KV2-NT,
2515,22,Hưng Yên,05,Huyện Yên Mỹ,034,THPT Yên Mỹ,"Xã Tân Lập, Yên Mỹ",KV2-NT,
2516,22,Hưng Yên,05,Huyện Yên Mỹ,035,THPT Triệu Quang Phục,"Yên Phú, Yên Mỹ",KV2-NT,
2517,22,Hưng Yên,05,Huyện Yên Mỹ,036,Trung tâm GDTX Phố Nối,"Xã Nghĩa Hiệp, Yên Mỹ",KV2-NT,
2518,22,Hưng Yên,05,Huyện Yên Mỹ,037,Phòng GDĐT Yên Mỹ,"TTr. Yên Mỹ, Yên Mỹ",KV2-NT,
2519,22,Hưng Yên,05,Huyện Yên Mỹ,038,THPT Hồng Bàng,"TTr. Yên Mỹ, Yên Mỹ",KV2-NT,
2520,22,Hưng Yên,05,Huyện Yên Mỹ,064,Cao đẳng Công Nghiệp Hưng Yên,"Xã Giai Phạm, Yên Mỹ",KV2-NT,
2521,22,Hưng Yên,05,Huyện Yên Mỹ,076,THPT Minh Châu,"Xã Minh Châu, Yên Mỹ",KV2-NT,
2522,22,Hưng Yên,05,Huyện Yên Mỹ,117,Trung tâm GDNN - GDTX Yên Mỹ,Nghĩa Hiệp,KV2-NT,
2523,22,Hưng Yên,06,Huyện Tiên Lữ,039,THPT Tiên Lữ,"TTr. Vương, Tiên Lữ",KV2-NT,
2524,22,Hưng Yên,06,Huyện Tiên Lữ,040,THPT Trần Hưng Đạo,"Xã Thiện Phiến, Tiên Lữ",KV2-NT,
2525,22,Hưng Yên,06,Huyện Tiên Lữ,041,THPT Hoàng Hoa Thám,"Xã Thuỵ Lôi, Tiên Lữ",KV2-NT,
2526,22,Hưng Yên,06,Huyện Tiên Lữ,042,Trung tâm GDTX Tiên Lữ,TTr. Vương H Tiên Lữ,KV2-NT,
2527,22,Hưng Yên,06,Huyện Tiên Lữ,043,Trung tâm KTTH-HN Tiên Lữ,TTr. Vương H Tiên Lữ,KV2-NT,
2528,22,Hưng Yên,06,Huyện Tiên Lữ,044,Phòng GDĐT Tiên Lữ,"TTr. Vương, Tiên Lữ",KV2-NT,
2529,22,Hưng Yên,06,Huyện Tiên Lữ,080,THPT Ngô Quyền,"TTr. Vương, Tiên Lữ",KV2-NT,
2530,22,Hưng Yên,06,Huyện Tiên Lữ,102,Trung tâm GDNN - GDTX Tiên Lữ,TT Vương - Tiên Lữ,KV2-NT,
2531,22,Hưng Yên,06,Huyện Tiên Lữ,110,THCS và THPT Hoàng Hoa Thám,Xã Thụy Lôi,KV2-NT,
2532,22,Hưng Yên,07,Huyện Phù Cừ,045,THPT Phù Cừ,Xã Tống Phan,KV2-NT,
2533,22,Hưng Yên,07,Huyện Phù Cừ,046,THPT Nam Phù Cừ,"Xã Tam Đa, Phù Cừ",KV2-NT,
2534,22,Hưng Yên,07,Huyện Phù Cừ,047,Trung tâm GDTX Phù Cừ,Xã Phan Sào Nam H Phù Cừ,KV2-NT,
2535,22,Hưng Yên,07,Huyện Phù Cừ,048,Phòng GDĐT Phù Cừ,"TTr. Trần Cao, Phù Cừ",KV2-NT,
2536,22,Hưng Yên,07,Huyện Phù Cừ,075,THPT Nguyễn Du,"TTr. Trần Cao, Phù Cừ",KV2-NT,
2537,22,Hưng Yên,07,Huyện Phù Cừ,103,Trung tâm GDNN - GDTX Phù Cừ,Xã Phan Sào Nam - Phù Cừ,KV2-NT,
2538,22,Hưng Yên,08,Huyện Mỹ Hào,049,THPT Mỹ Hào,"TTr. Bần Yên Nhân, Mỹ Hào",KV2-NT,
2539,22,Hưng Yên,08,Huyện Mỹ Hào,050,THPT Nguyễn Thiện Thuật,"Xã Bạch Sam, Mỹ Hào",KV2-NT,
2540,22,Hưng Yên,08,Huyện Mỹ Hào,051,Trung tâm GDTX Mỹ Hào,"Xã Phùng Chí Kiên, Mỹ Hào",KV2-NT,
2541,22,Hưng Yên,08,Huyện Mỹ Hào,052,Phòng GDĐT Mỹ Hào,"TTr. Bần Yên Nhân, Mỹ Hào",KV2-NT,
2542,22,Hưng Yên,08,Huyện Mỹ Hào,077,THPT Hồng Đức,"T.Tr Bần Yên Nhân, huyện Mỹ Hào",KV2-NT,
2543,22,Hưng Yên,08,Huyện Mỹ Hào,087,Cao đẳng Hàng Không,H. Mỹ Hào,KV2-NT,
2544,22,Hưng Yên,08,Huyện Mỹ Hào,090,"TH, THCS và THPT Hồng Đức",Xã Nhân Hòa,KV2-NT,
2545,22,Hưng Yên,08,Huyện Mỹ Hào,107,Trung tâm GDNN - GDTX Mỹ Hào,Xã Phùng Chí Kiên - Mỹ Hào,KV2-NT,
2546,22,Hưng Yên,09,Huyện Văn Lâm,053,THPT Văn Lâm,"Xã Lạc Đạo, Văn Lâm",KV2-NT,
2547,22,Hưng Yên,09,Huyện Văn Lâm,054,THPT Trưng Vương,"Xã Trưng Trắc, Văn Lâm",KV2-NT,
2548,22,Hưng Yên,09,Huyện Văn Lâm,055,Trung tâm GDTX Văn Lâm,TTr. Như Quỳnh H Văn Lâm,KV2-NT,
2549,22,Hưng Yên,09,Huyện Văn Lâm,056,Phòng GDĐT Văn Lâm,"TTr. Như Quỳnh, huyện Văn Lâm",KV2-NT,
2550,22,Hưng Yên,09,Huyện Văn Lâm,081,THPT Hùng Vương,"xã Lạc Đạo, huyện Văn Lâm",KV2-NT,
2551,22,Hưng Yên,09,Huyện Văn Lâm,085,THPT Lương Tài (Trước năm 2022),"Xã Lương Tài, Văn Lâm, HY",KV2-NT,
2552,22,Hưng Yên,09,Huyện Văn Lâm,086,Cao đẳng ASEAN,Xã Trưng Trắc - Văn Lâm,KV2-NT,
2553,22,Hưng Yên,09,Huyện Văn Lâm,108,Trung tâm GDNN - GDTX Văn Lâm,TT Như Quỳnh - Văn Lâm,KV2-NT,
2554,22,Hưng Yên,09,Huyện Văn Lâm,119,THPT Nguyễn Tất Thành,Xã Lương Tài,KV2-NT,
2555,22,Hưng Yên,10,Huyện Văn Giang,057,THPT Văn Giang,Xã Cửu Cao H Văn Giang,KV2-NT,
2556,22,Hưng Yên,10,Huyện Văn Giang,058,Trung tâm GDTX Văn Giang,"TTr. Văn Giang, Văn Giang",KV2-NT,
2557,22,Hưng Yên,10,Huyện Văn Giang,059,Phòng GDĐT Văn Giang,"TTr. Văn Giang, Văn Giang",KV2-NT,
2558,22,Hưng Yên,10,Huyện Văn Giang,060,THPT Dương Quảng Hàm,"Xã Liên Nghĩa, Văn Giang",KV2-NT,
2559,22,Hưng Yên,10,Huyện Văn Giang,082,THPT Nguyễn Công Hoan,"Xã Mễ Sở, huyện Văn Giang",KV2-NT,
2560,22,Hưng Yên,10,Huyện Văn Giang,083,"Trung cấp Công nghệ, Kinh tế Việt Hàn","Xã Long Hưng, Văn Giang",KV2-NT,
2561,22,Hưng Yên,10,Huyện Văn Giang,084,"Trường TH, THCS, THPT Đoàn thị Điểm - Ecopark","Khu đô thị Ecopark,Văn Giang,HY",KV2-NT,
2562,22,Hưng Yên,10,Huyện Văn Giang,089,Trung cấp Cảnh sát C66,"TTr. Văn Giang, H. Văn Giang",KV2-NT,
2563,22,Hưng Yên,10,Huyện Văn Giang,091,"TH, THCS và THPT Đoàn Thị Điểm - Greenfield",Khu Đô thị Ecopark,KV2-NT,
2564,22,Hưng Yên,10,Huyện Văn Giang,094,"TH, THCS và THPT Edison","Khu đô thị Ecopark, Huyện Văn Giang",KV2-NT,
2565,22,Hưng Yên,10,Huyện Văn Giang,109,Trung tâm GDNN - GDTX Văn Giang,"TT Văn Giang, Văn Giang",KV2-NT,
2566,22,Hưng Yên,10,Huyện Văn Giang,120,"TH, THCS và THPT quốc tế Chadwick Ecopark",Khu đô thị Ecopark,KV2-NT,
2567,22,Hưng Yên,10,Huyện Văn Giang,121,"TH, THCS và THPT Greenfield",Khu đô thị Ecopark,KV2-NT,
2568,22,Hưng Yên,11,Thị xã Mỹ Hào,112,THPT Mỹ Hào,P. Bần Yên Nhân,KV2,
2569,22,Hưng Yên,11,Thị xã Mỹ Hào,113,THPT Nguyễn Thiện Thuật,P. Bạch Sam,KV2,
2570,22,Hưng Yên,11,Thị xã Mỹ Hào,114,"TH, THCS và THPT Hồng Đức",P. Nhân Hòa,KV2,
2571,22,Hưng Yên,11,Thị xã Mỹ Hào,115,Trung tâm GDNN - GDTX Mỹ Hào,P. Phùng Chí Kiên,KV2,
2572,22,Hưng Yên,11,Thị xã Mỹ Hào,116,Phòng GDĐT Mỹ Hào,P. Bần Yên Nhân,KV2,
2573,23,Hoà Bình,00,Sở Giáo dục và Đào tạo,800,Học ở nước ngoài_23,Ph. Tân Thịnh -Thành phố HB,KV3,
2574,23,Hoà Bình,01,Thành phố Hòa Bình,000,Sở Giáo dục - Đào tạo Hòa Bình,Ph. Tân Thịnh -Thành phố HB,KV1,
2575,23,Hoà Bình,01,Thành phố Hòa Bình,001,TT GDTX thành phố HB,Ph. Phương Lâm -Thành phố HB,KV1,
2576,23,Hoà Bình,01,Thành phố Hòa Bình,006,Trung tâm GDNN-GDTX thành phố Hòa Bình,"Phường Kỳ Sơn, TP. Hòa Bình",KV1,
2577,23,Hoà Bình,01,Thành phố Hòa Bình,012,THPT chuyên Hoàng Văn Thụ,Ph. Thịnh Lang -Thành phố HB,KV1,
2578,23,Hoà Bình,01,Thành phố Hòa Bình,013,THPT Lạc Long Quân (từ 04/6/2021 đến 15/8/2024),Ph. Tân Thịnh -Thành phố HB,KV2,
2579,23,Hoà Bình,01,Thành phố Hòa Bình,014,THPT Nguyễn Du,Ph. Tân Thịnh -Thành phố HB,KV1,
2580,23,Hoà Bình,01,Thành phố Hòa Bình,015,THPT Công Nghiệp (từ 04/6/2021 đến 15/8/2024),Ph. Đồng Tiến -Thành phố HB,KV2,
2581,23,Hoà Bình,01,Thành phố Hòa Bình,016,PT Dân tộc nội trú THPT,Ph. Tân Hoà -Thành phố HB,KV1,DTNT
2582,23,Hoà Bình,01,Thành phố Hòa Bình,017,THPT Ngô Quyền,Ph. Dân Chủ -Thành phố HB,KV1,
2583,23,Hoà Bình,01,Thành phố Hòa Bình,028,THPT Kỳ Sơn,"Phường Kỳ Sơn, TP. Hòa Bình",KV1,
2584,23,Hoà Bình,01,Thành phố Hòa Bình,029,THPT Phú Cường,"Xã Thịnh Minh, TP. Hòa Bình",KV1,
2585,23,Hoà Bình,01,Thành phố Hòa Bình,044,Trung tâm GDTX tỉnh,"Phường Thịnh Lang, Tp Hòa Bình",KV1,
2586,23,Hoà Bình,01,Thành phố Hòa Bình,045,Cao Đẳng Kinh tế -Kỹ Thuật HB,Phường Dân Chủ -Thành phố HB,KV1,
2587,23,Hoà Bình,01,Thành phố Hòa Bình,053,CĐ nghề Hòa Bình,Xã Dân chủ -Thành phố HB,KV1,
2588,23,Hoà Bình,01,Thành phố Hòa Bình,054,CĐ nghề Sông Đà,Ph. Thịnh Lang -Thành phố HB,KV1,
2589,23,Hoà Bình,01,Thành phố Hòa Bình,058,Cao đẳng Nghệ thuật Tây Bắc,Phường Thịnh Lang -Thành phố HB,KV1,
2590,23,Hoà Bình,01,Thành phố Hòa Bình,062,Phổ thông liên cấp Sao Mai Hòa Bình,"Phường Thịnh Lang, TP. Hòa Bình",KV1,
2591,23,Hoà Bình,01,Thành phố Hòa Bình,068,THPT Lạc Long Quân (Trước 04/6/2021),Ph. Tân Thịnh -Thành phố HB,KV1,
2592,23,Hoà Bình,01,Thành phố Hòa Bình,069,THPT Công Nghiệp (Trước 04/06/2021),Ph. Đồng Tiến -Thành phố HB,KV1,
2593,23,Hoà Bình,01,Thành phố Hòa Bình,072,Trung tâm GDTX tỉnh (Trước 04/6/2021),Ph. Tân Thịnh -Thành phố HB,KV1,
2594,23,Hoà Bình,01,Thành phố Hòa Bình,076,Trung tâm GDTX tỉnh (Từ 04/6/2021 đến trước 13/11/2023),"Phường Tân Thịnh, thành phố Hòa Bình, tỉnh Hòa Bình",KV2,
2595,23,Hoà Bình,01,Thành phố Hòa Bình,801,Trường THPT - Khu vực 1,,KV1,
2596,23,Hoà Bình,01,Thành phố Hòa Bình,802,Trường THPT - KV2NT,,KV2-NT,
2597,23,Hoà Bình,01,Thành phố Hòa Bình,803,Trường THPT - KV2,,KV2,
2598,23,Hoà Bình,01,Thành phố Hòa Bình,804,Trường THPT - Khu vực 3,,KV3,
2599,23,Hoà Bình,01,Thành phố Hòa Bình,900,"Quân nhân, Công an tại ngũ_23",Ph. Tân Thịnh -Thành phố HB,KV3,
2600,23,Hoà Bình,02,Huyện Đà Bắc,002,Trung tâm GDNN-GDTX huyện Đà Bắc,TTr. Đà Bắc -H. Đà Bắc,KV1,
2601,23,Hoà Bình,02,Huyện Đà Bắc,018,THPT Đà Bắc,TTr. Đà Bắc -H. Đà Bắc,KV1,
2602,23,Hoà Bình,02,Huyện Đà Bắc,019,THPT Mường Chiềng,Xã Mường Chiềng -H. Đà Bắc,KV1,
2603,23,Hoà Bình,02,Huyện Đà Bắc,050,THPT Yên Hoà,Xã Yên Hoà - H. Đà Bắc,KV1,
2604,23,Hoà Bình,02,Huyện Đà Bắc,063,PT DTNT THCS&THPT huyện Đà Bắc,"Thị Trấn Đà Bắc, huyện Đà Bắc, tỉnh Hòa Bình",KV1,DTNT
2605,23,Hoà Bình,03,Huyện Mai Châu,003,Trung tâm GDNN-GDTX huyện Mai Châu,TTr. Mai Châu -H. Mai Châu,KV1,
2606,23,Hoà Bình,03,Huyện Mai Châu,020,THPT Mai Châu,TTr. Mai Châu -H. Mai Châu,KV1,
2607,23,Hoà Bình,03,Huyện Mai Châu,021,THPT Mai Châu B,Xã Xăm Khoè -H. Mai Châu,KV1,
2608,23,Hoà Bình,03,Huyện Mai Châu,057,PT DTNT THCS&THPT huyện Mai Châu,TTr. Mai Châu -H. Mai Châu,KV1,DTNT
2609,23,Hoà Bình,03,Huyện Mai Châu,075,PT DTNT THCS&THPT B huyện Mai Châu,"Xã Pà Cò, huyện Mai Châu",KV1,DTNT
2610,23,Hoà Bình,04,Huyện Tân Lạc,004,Trung tâm GDNN-GDTX huyện Tân Lạc,TTr. Mãn Đức -H. Tân Lạc,KV1,
2611,23,Hoà Bình,04,Huyện Tân Lạc,022,THPT Tân Lạc,TTr. Mãn Đức -Huyên Tân Lạc,KV1,
2612,23,Hoà Bình,04,Huyện Tân Lạc,023,THPT Mường Bi,Xã Phong Phú -H. Tân Lạc,KV1,
2613,23,Hoà Bình,04,Huyện Tân Lạc,024,THPT Đoàn Kết,Xã Đông Lai -H. Tân Lạc,KV1,
2614,23,Hoà Bình,04,Huyện Tân Lạc,046,THPT Lũng Vân,Xã Vân Sơn - H. Tân Lạc,KV1,
2615,23,Hoà Bình,04,Huyện Tân Lạc,066,PT DTNT THCS&THPT huyện Tân Lạc,"Thị trấn Mãn Đức, huyện Tân Lạc, tỉnh Hòa Bình",KV1,DTNT
2616,23,Hoà Bình,05,Huyện Lạc Sơn,005,Trung tâm GDNN-GDTX huyện Lạc Sơn,"xã Thượng Cốc, huyện Lạc Sơn",KV1,
2617,23,Hoà Bình,05,Huyện Lạc Sơn,025,THPT Lạc Sơn,TTr. Vụ Bản -H. Lạc Sơn,KV1,
2618,23,Hoà Bình,05,Huyện Lạc Sơn,026,THPT Cộng Hoà,Xã Nhân Nghĩa -H. Lạc Sơn,KV1,
2619,23,Hoà Bình,05,Huyện Lạc Sơn,027,THPT Đại Đồng,Xã Ân Nghĩa -H. Lạc Sơn,KV1,
2620,23,Hoà Bình,05,Huyện Lạc Sơn,048,THPT Quyết Thắng,Xã Thượng Cốc - H. Lạc Sơn,KV1,
2621,23,Hoà Bình,05,Huyện Lạc Sơn,056,PT DTNT THCS&THPT Ngọc Sơn,"xã Ngọc Sơn, huyện Lạc Sơn",KV1,
2622,23,Hoà Bình,05,Huyện Lạc Sơn,064,PT DTNT THCS&THPT huyện Lạc Sơn,Thị trấn Vụ Bản-H. Lạc Sơn,KV1,DTNT
2623,23,Hoà Bình,07,Huyện Lương Sơn,007,Trung tâm GDNN-GDTX huyện Lương Sơn,TTr. Lương Sơn -H. Lương Sơn,KV1,
2624,23,Hoà Bình,07,Huyện Lương Sơn,030,THPT Lương Sơn,TTr. Lương Sơn -H. Lương Sơn,KV1,
2625,23,Hoà Bình,07,Huyện Lương Sơn,031,THPT Nguyễn Trãi,TTr. Lương Sơn -H. Lương Sơn,KV1,
2626,23,Hoà Bình,07,Huyện Lương Sơn,033,THPT Nam Lương Sơn,Xã Liên Sơn -H. Lương Sơn,KV1,
2627,23,Hoà Bình,07,Huyện Lương Sơn,036,THPT Cù Chính Lan,"Xã Thanh Sơn, huyện Lương Sơn",KV1,
2628,23,Hoà Bình,07,Huyện Lương Sơn,061,PT DTNT THCS&THPT huyện Lương Sơn,TTr. Lương Sơn -H. Lương Sơn,KV1,DTNT
2629,23,Hoà Bình,08,Huyện Kim Bôi,008,Trung tâm GDNN-GDTX huyện Kim Bôi,TTr. Bo -H. Kim Bôi,KV1,
2630,23,Hoà Bình,08,Huyện Kim Bôi,034,THPT Kim Bôi,TTr Bo -H. Kim Bôi,KV1,
2631,23,Hoà Bình,08,Huyện Kim Bôi,035,THPT 19-5 Kim Bôi,Xã Tú Sơn -H. Kim Bôi,KV1,
2632,23,Hoà Bình,08,Huyện Kim Bôi,051,THPT Bắc Sơn - H.Kim Bôi,Xã Hùng Sơn - H. Kim Bôi,KV1,
2633,23,Hoà Bình,08,Huyện Kim Bôi,052,THPT Sào Báy-H.Kim Bôi,Xã Sào Báy - H. Kim Bôi,KV1,
2634,23,Hoà Bình,08,Huyện Kim Bôi,059,PT DTNT THCS&THPT huyện Kim Bôi,TTr. Bo -H. Kim Bôi,KV1,DTNT
2635,23,Hoà Bình,09,Huyện Lạc Thủy,009,Trung tâm GDNN-GDTX huyện Lạc Thủy (từ 04/6/2021 đến 15/8/2024),TTr. Chi Nê -H. Lạc Thuỷ,KV2-NT,
2636,23,Hoà Bình,09,Huyện Lạc Thủy,037,THPT Thanh Hà,TTr. Ba Hàng Đồi -H. Lạc Thủy,KV1,
2637,23,Hoà Bình,09,Huyện Lạc Thủy,038,THPT Lạc Thuỷ (từ 04/6/2021 đến 15/8/2024),TTr. Chi Nê -H. Lạc Thuỷ,KV2-NT,
2638,23,Hoà Bình,09,Huyện Lạc Thủy,039,THPT Lạc Thuỷ B,Xã Phú Nghĩa-H. Lạc Thuỷ,KV1,
2639,23,Hoà Bình,09,Huyện Lạc Thủy,040,THPT Lạc Thuỷ C,Xã An Bình -H. Lạc Thuỷ,KV1,
2640,23,Hoà Bình,09,Huyện Lạc Thủy,055,CĐ nghề Cơ điện Tây Bắc,"TT Chi Nê, H. Lạc thủy, Hòa Bình",KV1,
2641,23,Hoà Bình,09,Huyện Lạc Thủy,060,PT DTNT THCS&THPT huyện Lạc Thuỷ,Xã Phú Nghĩa-H. Lạc Thuỷ,KV1,DTNT
2642,23,Hoà Bình,09,Huyện Lạc Thủy,071,THPT Lạc Thuỷ (Trước 04/06/2021),TTr. Chi Nê -H. Lạc Thuỷ,KV1,
2643,23,Hoà Bình,09,Huyện Lạc Thủy,074,Trung tâm GDNN-GDTX huyện Lạc Thuỷ (Trước 04/6/2021),TTr. Chi Nê -H. Lạc Thuỷ,KV1,
2644,23,Hoà Bình,10,Huyện Yên Thủy,010,Trung tâm GDNN-GDTX huyện Yên Thuỷ,TTr. Hàng Trạm -H. Yên Thuỷ,KV1,
2645,23,Hoà Bình,10,Huyện Yên Thủy,041,THPT Yên Thuỷ A,TTr. Hàng Trạm -H. Yên Thuỷ,KV1,
2646,23,Hoà Bình,10,Huyện Yên Thủy,042,THPT Yên Thuỷ B,Xã Bảo Hiệu -H. Yên Thuỷ,KV1,
2647,23,Hoà Bình,10,Huyện Yên Thủy,047,THPT Yên Thuỷ C,Xã Yên Trị -H. Yên Thuỷ,KV1,
2648,23,Hoà Bình,10,Huyện Yên Thủy,067,PT DTNT THCS&THPT huyện Yên Thủy,"Yên Thủy, Hòa Bình",KV1,DTNT
2649,23,Hoà Bình,11,Huyện Cao Phong,011,Trung tâm GDNN-GDTX huyện Cao Phong,TTr. Cao Phong -H. Cao Phong,KV2-NT,
2650,23,Hoà Bình,11,Huyện Cao Phong,043,THPT Cao Phong,TTr. Cao Phong -H. Cao Phong,KV2-NT,
2651,23,Hoà Bình,11,Huyện Cao Phong,049,THPT Thạch Yên,Xã Dũng Phong - H. Cao Phong,KV1,
2652,23,Hoà Bình,11,Huyện Cao Phong,065,PT DTNT THCS&THPT huyện Cao Phong,"Thị trấn Cao Phong, huyện Cao Phong, tỉnh Hòa Bình",KV2-NT,DTNT
2653,23,Hoà Bình,11,Huyện Cao Phong,070,THPT Cao Phong (Trước 04/06/2021),"Thị trấn Cao Phong, Huyện Cao Phong",KV1,
2654,23,Hoà Bình,11,Huyện Cao Phong,073,Trung tâm GDNN-GDTX huyện Cao Phong (Trước 04/6/2021),"Thị trấn Cao Phong, Huyện Cao Phong",KV1,
2655,23,Hoà Bình,12,Thành phố Hòa Bình,077,THPT Lạc Long Quân (từ 15/8/2024),Ph. Tân Thịnh -Thành phố HB,KV1,
2656,23,Hoà Bình,12,Thành phố Hòa Bình,078,THPT Công Nghiệp ( từ 15/8/2024),Ph. Đồng Tiến -Thành phố HB,KV1,
2657,23,Hoà Bình,13,Huyện Lạc Thủy,079,Trung tâm GDNN-GDTX huyện Lạc Thủy (từ 15/8/2024),TTr. Chi Nê -H. Lạc Thuỷ,KV1,
2658,23,Hoà Bình,13,Huyện Lạc Thủy,080,THPT Lạc Thuỷ ( từ 15/8/2024),TTr. Chi Nê -H. Lạc Thuỷ,KV1,
2659,24,Hà Nam,00,Sở Giáo dục và Đào tạo,800,Học ở nước ngoài_24,,KV3,
2660,24,Hà Nam,00,Sở Giáo dục và Đào tạo,900,"Quân nhân, Công an tại ngũ_24",,KV3,
2661,24,Hà Nam,01,Thành phố Phủ Lý,011,THPT Chuyên Biên Hòa,"P. Minh Khai, TP Phủ Lý",KV2,
2662,24,Hà Nam,01,Thành phố Phủ Lý,012,THPT A Phủ Lý,"P. Lê Hồng Phong, Phủ Lý",KV2,
2663,24,Hà Nam,01,Thành phố Phủ Lý,013,THPT B Phủ Lý,"Xã Thanh Châu, Phủ Lý",KV2,
2664,24,Hà Nam,01,Thành phố Phủ Lý,014,THPT Dân lập Lương Thế Vinh,P. Lương Khánh Thiện PLý,KV2,
2665,24,Hà Nam,01,Thành phố Phủ Lý,015,Trung tâm GDTX - HN Hà Nam,"Xã Liêm Chung, TP Phủ Lý",KV2,
2666,24,Hà Nam,01,Thành phố Phủ Lý,016,Cao đẳng nghề Hà Nam,P. Quang Trung - Phủ Lý,KV2,
2667,24,Hà Nam,01,Thành phố Phủ Lý,017,THPT C Phủ Lý,"Xã Tiên Hiệp, TP Phủ Lý",KV2,
2668,24,Hà Nam,01,Thành phố Phủ Lý,018,Cao đẳng Thủy lợi Bắc Bộ,"Phường Liêm Chung, TP Phủ Lý",KV2,
2669,24,Hà Nam,01,Thành phố Phủ Lý,019,THCS & THPT Nguyễn Tất Thành,Đường Lý Thường Kiệt,KV2,
2670,24,Hà Nam,01,Thành phố Phủ Lý,020,Cao đẳng Phát thanh - Truyền hình I,Minh khai,KV2,
2671,24,Hà Nam,01,Thành phố Phủ Lý,081,THCS & THPT Mensa,Phủ Lý,KV2,
2672,24,Hà Nam,01,Thành phố Phủ Lý,801,Trường THPT - Khu vực 1,,KV1,
2673,24,Hà Nam,01,Thành phố Phủ Lý,802,Trường THPT - KV2NT,,KV2-NT,
2674,24,Hà Nam,01,Thành phố Phủ Lý,803,Trường THPT - KV2,,KV2,
2675,24,Hà Nam,01,Thành phố Phủ Lý,804,Trường THPT - Khu vực 3,,KV3,
2676,24,Hà Nam,02,Huyện Duy Tiên,021,THPT A Duy Tiên,"TTr. Hoà Mạc, Duy Tiên",KV2-NT,
2677,24,Hà Nam,02,Huyện Duy Tiên,022,THPT B Duy Tiên,"TTr. Đồng văn, Duy Tiên",KV2-NT,
2678,24,Hà Nam,02,Huyện Duy Tiên,023,THPT C Duy Tiên,"Xã Tiên Hiệp, Duy Tiên",KV2-NT,
2679,24,Hà Nam,02,Huyện Duy Tiên,024,THPT Nguyễn Hữu Tiến,"Xã Trác Văn, Duy Tiên",KV2-NT,
2680,24,Hà Nam,02,Huyện Duy Tiên,025,Trung tâm GDNN - GDTX Duy Tiên,"TTr. Hoà Mạc, Duy Tiên",KV2-NT,
2681,24,Hà Nam,03,Huyện Kim Bảng,031,THPT A Kim Bảng,"TTr. Quế, Kim Bảng",KV2-NT,
2682,24,Hà Nam,03,Huyện Kim Bảng,032,THPT B Kim Bảng,"Xã Tân Sơn, Kim Bảng",KV2-NT,
2683,24,Hà Nam,03,Huyện Kim Bảng,033,THPT C Kim Bảng,"Xã Đồng Hoá, Kim Bảng",KV2-NT,
2684,24,Hà Nam,03,Huyện Kim Bảng,034,Trung tâm GDNN - GDTX Kim Bảng,"TTr. Quế , Kim Bảng",KV2-NT,
2685,24,Hà Nam,03,Huyện Kim Bảng,035,THPT Lý Thường Kiệt,Xã Thi Sơn - Kim Bảng,KV2-NT,
2686,24,Hà Nam,04,Huyện Lý Nhân,041,THPT Lý Nhân,"TTr. Vĩnh Trụ, Lý Nhân",KV2-NT,
2687,24,Hà Nam,04,Huyện Lý Nhân,042,THPT Bắc Lý,"Xã Bắc Lý, Lý Nhân",KV2-NT,
2688,24,Hà Nam,04,Huyện Lý Nhân,043,THPT Nam Lý,"Xã Tiến Thắng, Lý Nhân",KV2-NT,
2689,24,Hà Nam,04,Huyện Lý Nhân,044,THPT Dân lập Trần Hưng Đạo,"TTr. Vĩnh Trụ, Lý Nhân",KV2-NT,
2690,24,Hà Nam,04,Huyện Lý Nhân,045,THPT Nam Cao,"Xã Nhân Mỹ, Lý Nhân",KV2-NT,
2691,24,Hà Nam,04,Huyện Lý Nhân,046,Trung tâm GDNN - GDTX Lý Nhân,"TTr. Vĩnh Trụ, Lý Nhân",KV2-NT,
2692,24,Hà Nam,05,Huyện Thanh Liêm,051,THPT A Thanh Liêm,"X.Liêm Thuận, Thanh Liêm",KV2-NT,
2693,24,Hà Nam,05,Huyện Thanh Liêm,052,THPT B Thanh Liêm,"Thanh Nguyên, Thanh Liêm",KV2-NT,
2694,24,Hà Nam,05,Huyện Thanh Liêm,053,THPT Dân lập Thanh Liêm,"Xã Thanh Lưu, Thanh Liêm",KV2-NT,
2695,24,Hà Nam,05,Huyện Thanh Liêm,054,Trung tâm GDNN - GDTX Thanh Liêm,"Xã Thanh Lưu, Thanh Liêm",KV2-NT,
2696,24,Hà Nam,05,Huyện Thanh Liêm,055,THPT C Thanh Liêm,"Xã Thanh Thuỷ, Thanh Liêm",KV2-NT,
2697,24,Hà Nam,05,Huyện Thanh Liêm,056,THPT Lê Hoàn,"Xã Liêm Cần, Thanh Liêm",KV2-NT,
2698,24,Hà Nam,05,Huyện Thanh Liêm,057,Cao đẳng Thủy lợi Bắc bộ,Thanh Liêm,KV2-NT,
2699,24,Hà Nam,06,Huyện Bình Lục,061,THPT A Bình Lục,"TTr. Bình Mỹ, Bình Lục",KV2-NT,
2700,24,Hà Nam,06,Huyện Bình Lục,062,THPT B Bình Lục,"Xã Vũ Bản , Bình Lục",KV2-NT,
2701,24,Hà Nam,06,Huyện Bình Lục,063,THPT C Bình Lục,"Xã Tràng An, Bình Lục",KV2-NT,
2702,24,Hà Nam,06,Huyện Bình Lục,064,THPT Dân lập Bình Lục,"TTr. Bình Mỹ, Bình Lục",KV2-NT,
2703,24,Hà Nam,06,Huyện Bình Lục,065,Trung tâm GDNN - GDTX Bình Lục,"TTr. Bình Mỹ, Bình Lục",KV2-NT,
2704,24,Hà Nam,06,Huyện Bình Lục,066,THPT Nguyễn Khuyến,"Xã Tiêu Động, Bình Lục",KV2-NT,
2705,24,Hà Nam,07,Thị xã Duy Tiên,071,THPT A Duy Tiên,Phường Hòa Mạc,KV2,
2706,24,Hà Nam,07,Thị xã Duy Tiên,072,THPT B Duy Tiên,Phường Đồng Văn,KV2,
2707,24,Hà Nam,07,Thị xã Duy Tiên,074,THPT Nguyễn Hữu Tiến,Xã Yên Nam,KV2,
2708,24,Hà Nam,07,Thị xã Duy Tiên,075,Trung tâm GDNN - GDTX Duy Tiên,Phường Hòa Mạc,KV2,
2709,24,Hà Nam,13,Thị xã Kim Bảng,131,THPT A Kim Bảng,Kim Bảng,KV2,
2710,24,Hà Nam,13,Thị xã Kim Bảng,132,THPT B Kim Bảng,Kim Bảng,KV2,
2711,24,Hà Nam,13,Thị xã Kim Bảng,133,THPT C Kim Bảng,Kim Bảng,KV2,
2712,24,Hà Nam,13,Thị xã Kim Bảng,134,Trung tâm GDNN - GDTX Kim Bảng,Kim Bảng,KV2,
2713,24,Hà Nam,13,Thị xã Kim Bảng,135,THPT Lý Thường Kiệt,Kim Bảng,KV2,
2714,25,Nam Định,00,Sở Giáo dục và Đào tạo,800,Học ở nước ngoài_25,,KV3,
2715,25,Nam Định,00,Sở Giáo dục và Đào tạo,900,"Quân nhân, Công an tại ngũ_25",,KV3,
2716,25,Nam Định,01,Thành phố Nam Định,002,THPT chuyên Lê Hồng Phong,"Đường Vỵ Xuyên, TP Nam Định",KV2,
2717,25,Nam Định,01,Thành phố Nam Định,003,THPT Trần Hưng Đạo,"Đường Trần Thái Tông, TP Nam Định",KV2,
2718,25,Nam Định,01,Thành phố Nam Định,004,THPT Nguyễn Khuyến,"Đường Nguyễn Du, TP Nam Định",KV2,
2719,25,Nam Định,01,Thành phố Nam Định,005,THPT Ngô Quyền,"Đường Trần Huy Liệu, TP Nam Định",KV2,
2720,25,Nam Định,01,Thành phố Nam Định,006,THPT Nguyễn Huệ,"Đường Nguyễn Văn Trỗi, TP Nam Định",KV2,
2721,25,Nam Định,01,Thành phố Nam Định,007,"Trường Tiểu học, THCS và THPT Nguyễn Công Trứ","Đường Bến Ngự, TP Nam Định",KV2,
2722,25,Nam Định,01,Thành phố Nam Định,008,THPT Trần Quang Khải,"Đường Phan Đình Phùng, TP Nam Định",KV2,
2723,25,Nam Định,01,Thành phố Nam Định,009,THPT DL Trần Nhật Duật,"Ngõ 253 đường Hưng Yên, Tp Nam Định",KV2,
2724,25,Nam Định,01,Thành phố Nam Định,010,Trung tâm GDNN-GDTX Tp Nam Định,"Phường Hưng Lộc, Tp Nam Định",KV2,
2725,25,Nam Định,01,Thành phố Nam Định,011,THPT Hoàng Diệu,Đã giải thể,KV2,
2726,25,Nam Định,01,Thành phố Nam Định,012,TT GDTX Trần Phú,"Đường Phạm Hồng Thái, TP Nam Định",KV2,
2727,25,Nam Định,01,Thành phố Nam Định,013,TT GDTX Tỉnh Nam Định,"Phường Lộc Hạ, TP. Nam Định",KV2,
2728,25,Nam Định,01,Thành phố Nam Định,014,TT KTTH-HN Nam Định,"Đường Cù Chính Lan, TP Nam Định",KV2,
2729,25,Nam Định,01,Thành phố Nam Định,016,THPT Mỹ Lộc,"Phường Hưng Lộc, Tp Nam Định",KV2,
2730,25,Nam Định,01,Thành phố Nam Định,017,THPT Trần Văn Lan,"Xã Mỹ Trung, Tp Nam Định",KV2,
2731,25,Nam Định,01,Thành phố Nam Định,019,Trung tâm GDNN-GDTX H. Mỹ Lộc,"TT Mỹ Lộc, H. Mỹ Lộc",KV2-NT,
2732,25,Nam Định,01,Thành phố Nam Định,049,Cao đẳng FPT Polytechnic (địa điểm liên kết tại tỉnh Nam Định),"Trường ĐH Lương Thế Vinh, đường Cầu Đông, P. Lộc Vượng, Tp Nam Định",KV2,
2733,25,Nam Định,01,Thành phố Nam Định,087,ĐH Sư phạm Kỹ thuật Nam Định,"Phường Lộc Hạ, TP Nam Định",KV2,
2734,25,Nam Định,01,Thành phố Nam Định,089,CĐ Xây dựng Nam Định,"Phường Lộc Vượng, TP Nam Định",KV2,
2735,25,Nam Định,01,Thành phố Nam Định,090,CĐ nghề Nam Định,"Xã Mỹ Xá, TP Nam Định",KV2,
2736,25,Nam Định,01,Thành phố Nam Định,091,Cao đẳng Công nghiệp Dệt May Nam Định,"Đường Hoàng Diệu, TP Nam Định",KV2,
2737,25,Nam Định,01,Thành phố Nam Định,092,TC Cơ Điện Nam Định,"Đường Trần Huy Liệu, TP Nam Định",KV2,
2738,25,Nam Định,01,Thành phố Nam Định,095,TC nghề Đại Lâm,"Phường Lộc Hạ, TP. Nam Định",KV2,
2739,25,Nam Định,01,Thành phố Nam Định,096,TC nghề Giao thông Vận tải,"Xã Lộc An, TP Nam Định",KV2,
2740,25,Nam Định,01,Thành phố Nam Định,097,TC nghề Số 8,"Đường Lê Hồng Phong, TP Nam Định",KV2,
2741,25,Nam Định,01,Thành phố Nam Định,098,TC nghề Số 20,"Đường Trần Đăng Ninh, TP Nam Định",KV2,
2742,25,Nam Định,01,Thành phố Nam Định,099,Trường BTVH Dệt Nam Định,,KV2,
2743,25,Nam Định,01,Thành phố Nam Định,801,Trường THPT - Khu vực 1,,KV1,
2744,25,Nam Định,01,Thành phố Nam Định,802,Trường THPT - KV2NT,,KV2-NT,
2745,25,Nam Định,01,Thành phố Nam Định,803,Trường THPT - KV2,,KV2,
2746,25,Nam Định,01,Thành phố Nam Định,804,Trường THPT - Khu vực 3,,KV3,
2747,25,Nam Định,02,Huyện Mỹ Lộc,018,TT GDTX H. Mỹ Lộc,"TT Mỹ Lộc, H. Mỹ Lộc",KV2-NT,
2748,25,Nam Định,03,Huyện Xuân Trường,020,THPT Xuân Trường,"Xã Xuân Hồng, H. Xuân Trường",KV2-NT,
2749,25,Nam Định,03,Huyện Xuân Trường,021,THPT Xuân Trường B,"TT Xuân Trường, H. Xuân Trường",KV2-NT,
2750,25,Nam Định,03,Huyện Xuân Trường,022,THPT Xuân Trường C,"Xã Xuân Đài, H. Xuân Trường",KV2-NT,
2751,25,Nam Định,03,Huyện Xuân Trường,023,THPT Cao Phong,"Xã Xuân Thượng, H.Xuân Trường",KV2-NT,
2752,25,Nam Định,03,Huyện Xuân Trường,024,THPT Nguyễn Trường Thuý,"Xã Xuân Vinh, H. Xuân Trường",KV2-NT,
2753,25,Nam Định,03,Huyện Xuân Trường,025,TT GDTX H.Xuân Trường,"TT Xuân Trường, H. Xuân Trường",KV2-NT,
2754,25,Nam Định,03,Huyện Xuân Trường,026,Trung tâm GDNN-GDTX huyện Xuân Trường,TT Xuân Trường H.Xuân Trường,KV2-NT,
2755,25,Nam Định,04,Huyện Giao Thủy,027,THPT Giao Thủy,"TT. Ngô Đồng, H. Giao Thuỷ",KV2-NT,
2756,25,Nam Định,04,Huyện Giao Thủy,028,THPT Giao Thuỷ B,"Xã Giao Yến, H. Giao Thuỷ",KV2-NT,
2757,25,Nam Định,04,Huyện Giao Thủy,029,THPT Giao Thuỷ C,"Xã Hồng Thuận, H. Giao Thuỷ",KV2-NT,
2758,25,Nam Định,04,Huyện Giao Thủy,030,THPT Thiên Trường,"Xã Hoành Sơn, H. Giao Thuỷ",KV2-NT,
2759,25,Nam Định,04,Huyện Giao Thủy,031,THPT Quất Lâm,"TT. Quất Lâm, H. Giao Thuỷ",KV2-NT,
2760,25,Nam Định,04,Huyện Giao Thủy,032,TT GDTX H.Giao Thuỷ,"Xã Giao Nhân, H. Giao Thuỷ",KV2-NT,
2761,25,Nam Định,04,Huyện Giao Thủy,033,Trung tâm GDNN-GDTX huyện Giao Thủy,"Xã Hoành Sơn, H. Giao Thuỷ",KV2-NT,
2762,25,Nam Định,05,Huyện Ý Yên,034,THPT Tống Văn Trân,"TT. Lâm, H. Ý Yên",KV2-NT,
2763,25,Nam Định,05,Huyện Ý Yên,035,THPT Phạm Văn Nghị,"Xã Yên Cường, H. Ý Yên",KV2-NT,
2764,25,Nam Định,05,Huyện Ý Yên,036,THPT Mỹ Tho,"Xã Yên Chính, H. Ý Yên",KV2-NT,
2765,25,Nam Định,05,Huyện Ý Yên,037,THPT Ý Yên,"Xã Yên Xá, H. Ý Yên",KV2-NT,
2766,25,Nam Định,05,Huyện Ý Yên,038,THPT Đại An,"Xã Yên Đồng, H. Ý Yên",KV2-NT,
2767,25,Nam Định,05,Huyện Ý Yên,039,TT GDTX A H. Ý Yên,"TT. Lâm, H. Ý Yên",KV2-NT,
2768,25,Nam Định,05,Huyện Ý Yên,040,THPT Đỗ Huy Liêu,"Xã Yên Thắng, H. Ý Yên",KV2-NT,
2769,25,Nam Định,05,Huyện Ý Yên,041,THPT Lý Nhân Tông,"Xã Yên Lợi, H. Ý Yên",KV2-NT,
2770,25,Nam Định,05,Huyện Ý Yên,042,Trung tâm GDNN-GDTX huyện Ý Yên,TT Lâm H.Ý Yên,KV2-NT,
2771,25,Nam Định,05,Huyện Ý Yên,094,TC nghề Thủ công Mỹ nghệ Nam Định,"Xã Yên Bình, H. Ý Yên",KV2-NT,
2772,25,Nam Định,06,Huyện Vụ Bản,015,THPT Hùng Vương,"Xã Đại An, H. Vụ Bản",KV2-NT,
2773,25,Nam Định,06,Huyện Vụ Bản,043,THPT Hoàng Văn Thụ,"Xã Trung Thành, H. Vụ Bản",KV2-NT,
2774,25,Nam Định,06,Huyện Vụ Bản,044,THPT Lương Thế Vinh,"TT. Gôi, H. Vụ Bản",KV2-NT,
2775,25,Nam Định,06,Huyện Vụ Bản,045,THPT Nguyễn Bính,"Xã Hiển Khánh, H.Vụ Bản",KV2-NT,
2776,25,Nam Định,06,Huyện Vụ Bản,046,THPT Nguyễn Đức Thuận,"Xã Thành Lợi, H. Vụ Bản",KV2-NT,
2777,25,Nam Định,06,Huyện Vụ Bản,047,TT GDTX Liên Minh,"Xã Liên Minh, H. Vụ Bản",KV2-NT,
2778,25,Nam Định,06,Huyện Vụ Bản,048,Trung tâm GDNN-GDTX huyện Vụ Bản,Xã Liên Minh H.Vụ Bản,KV2-NT,
2779,25,Nam Định,06,Huyện Vụ Bản,088,CĐ Công nghiệp Nam Định,"Xã Liên Bảo, H.Vụ Bản",KV2-NT,
2780,25,Nam Định,07,Huyện Nam Trực,050,THPT Nam Trực,"TT. Nam Giang, H. Nam Trực",KV2-NT,
2781,25,Nam Định,07,Huyện Nam Trực,051,THPT Lý Tự Trọng,"Xã Nam Thanh, H.Nam Trực",KV2-NT,
2782,25,Nam Định,07,Huyện Nam Trực,052,THPT Nguyễn Du,"Xã Nam Tiến, H. Nam Trực",KV2-NT,
2783,25,Nam Định,07,Huyện Nam Trực,053,THPT Phan Bội Châu,"Xã Hồng Quang, H. Nam Trực",KV2-NT,
2784,25,Nam Định,07,Huyện Nam Trực,054,THPT Quang Trung,"Xã Nam Hồng, H. Nam Trực",KV2-NT,
2785,25,Nam Định,07,Huyện Nam Trực,055,THPT Trần Văn Bảo,"Xã Điền Xá, H. Nam Trực",KV2-NT,
2786,25,Nam Định,07,Huyện Nam Trực,056,TT GDTX H. Nam Trực,"Xã Nam Hồng, H. Nam Trực",KV2-NT,
2787,25,Nam Định,07,Huyện Nam Trực,057,TTGDTX Vũ Tuấn Chiêu,"TT. Nam Giang, H. Nam Trực",KV2-NT,
2788,25,Nam Định,07,Huyện Nam Trực,058,Trung tâm GDNN-GDTX huyện Nam Trực,Xã Nam Hoa H.Nam Trực,KV2-NT,
2789,25,Nam Định,08,Huyện Trực Ninh,059,THPT Trực Ninh,"Xã Trực Cát, H. Trực Ninh",KV2-NT,
2790,25,Nam Định,08,Huyện Trực Ninh,060,THPT Nguyễn Trãi,"Xã Trực Hưng, H. Trực Ninh",KV2-NT,
2791,25,Nam Định,08,Huyện Trực Ninh,061,THPT Trực Ninh B,"Xã Trực Thái, H. Trực Ninh",KV2-NT,
2792,25,Nam Định,08,Huyện Trực Ninh,062,THPT Lê Quý Đôn,"TT. Cổ Lễ, H. Trực Ninh",KV2-NT,
2793,25,Nam Định,08,Huyện Trực Ninh,063,THPT Đoàn Kết,"TT. Cổ Lễ, H. Trực Ninh",KV2-NT,
2794,25,Nam Định,08,Huyện Trực Ninh,064,TT GDTX A H. Trực Ninh,"TT Cát Thành, H. Trực Ninh",KV2-NT,
2795,25,Nam Định,08,Huyện Trực Ninh,065,TT GDTX B H. Trực Ninh,"Xã Trực Đại, H. Trực Ninh",KV2-NT,
2796,25,Nam Định,08,Huyện Trực Ninh,066,Trung tâm GDNN-GDTX huyện Trực Ninh,TT Cát Thành H.Trực Ninh,KV2-NT,
2797,25,Nam Định,08,Huyện Trực Ninh,093,TC nghề Kinh tế - Kỹ thuật CN,"TT Cát Thành, H.Trực Ninh",KV2-NT,
2798,25,Nam Định,09,Huyện Nghĩa Hưng,067,THPT A Nghĩa Hưng,"TT. Liễu Đề, H. Nghĩa Hưng",KV2-NT,
2799,25,Nam Định,09,Huyện Nghĩa Hưng,068,THPT B Nghĩa Hưng,"Xã Nghĩa Tân, H. Nghĩa Hưng",KV2-NT,
2800,25,Nam Định,09,Huyện Nghĩa Hưng,069,THPT C Nghĩa Hưng,"TT. Rạng Đông, H. Nghĩa Hưng",KV2-NT,
2801,25,Nam Định,09,Huyện Nghĩa Hưng,070,THPT Nghĩa Hưng,"TT. Liễu Đề, H. Nghĩa Hưng",KV2-NT,
2802,25,Nam Định,09,Huyện Nghĩa Hưng,071,THPT Trần Nhân Tông,"Xã Nghĩa Phong, H. Nghĩa Hưng",KV2-NT,
2803,25,Nam Định,09,Huyện Nghĩa Hưng,072,TT GDTX H. Nghĩa Hưng,"TT. Liễu Đề, H. Nghĩa Hưng",KV2-NT,
2804,25,Nam Định,09,Huyện Nghĩa Hưng,073,TT GDTX Nghĩa Tân,"Xã Nghĩa Tân, H. Nghĩa Hưng",KV2-NT,
2805,25,Nam Định,09,Huyện Nghĩa Hưng,074,Trung tâm GDNN-GDTX huyện Nghĩa Hưng,TT Liễu Đề H.Nghĩa Hưng,KV2-NT,
2806,25,Nam Định,09,Huyện Nghĩa Hưng,085,THPT Nghĩa Minh,"Xã Nghĩa Minh, H. Nghĩa Hưng",KV2-NT,
2807,25,Nam Định,10,Huyện Hải Hậu,075,THPT A Hải Hậu,"TT. Yên Định, H. Hải Hậu",KV2-NT,
2808,25,Nam Định,10,Huyện Hải Hậu,076,THPT B Hải Hậu,"Xã Hải Phú, H. Hải Hậu",KV2-NT,
2809,25,Nam Định,10,Huyện Hải Hậu,077,THPT C Hải Hậu,"TT. Cồn, H. Hải Hậu",KV2-NT,
2810,25,Nam Định,10,Huyện Hải Hậu,078,THPT Tô Hiến Thành,"TT. Yên Định, H. Hải Hậu",KV2-NT,
2811,25,Nam Định,10,Huyện Hải Hậu,079,THPT Thịnh Long,"TT. Thịnh Long, H. Hải Hậu",KV2-NT,
2812,25,Nam Định,10,Huyện Hải Hậu,080,THPT Trần Quốc Tuấn,"Xã Hải Hà, H. Hải Hậu",KV2-NT,
2813,25,Nam Định,10,Huyện Hải Hậu,081,THPT An Phúc,"Xã Hải Phong, H. Hải Hậu",KV2-NT,
2814,25,Nam Định,10,Huyện Hải Hậu,082,TT GDTX H. Hải Hậu,"Xã Hải Thanh, H. Hải Hậu",KV2-NT,
2815,25,Nam Định,10,Huyện Hải Hậu,083,TT GDTX Hải Cường,"Xã Hải Cường, H. Hải Hậu",KV2-NT,
2816,25,Nam Định,10,Huyện Hải Hậu,084,THPT Vũ Văn Hiếu,"Xã Hải Anh, Hải Hậu",KV2-NT,
2817,25,Nam Định,10,Huyện Hải Hậu,086,Trung tâm GDNN-GDTX huyện Hải Hậu,Xã Hải Hà H.Hải Hậu,KV2-NT,
2818,26,Thái Bình,00,Sở Giáo dục và Đào tạo,800,Học ở nước ngoài_26,,KV3,
2819,26,Thái Bình,00,Sở Giáo dục và Đào tạo,900,"Quân nhân, Công an tại ngũ_26",,KV3,
2820,26,Thái Bình,01,Thành phố Thái Bình,002,THPT Chuyên Thái Bình,"368A Phan Bá Vành, phường Quang Trung, Thành phố TB, Thái Bình",KV2,
2821,26,Thái Bình,01,Thành phố Thái Bình,003,THPT Lê Quý Đôn,"Số 343, đường Lý Bôn, phường Đề Thám, Thành phố TB, Thái Bình",KV2,
2822,26,Thái Bình,01,Thành phố Thái Bình,004,THPT Nguyễn Đức Cảnh,"Số 24 Đinh Tiên Hoàng, phường Kỳ Bá, Thành phố TB, Thái Bình",KV2,
2823,26,Thái Bình,01,Thành phố Thái Bình,005,THPT Nguyễn Công Trứ,"Phố Kim Đồng, phường Trần Hưng Đạo, Thành phố TB, Thái Bình",KV2,
2824,26,Thái Bình,01,Thành phố Thái Bình,006,"TH, THCS và THPT Asahi Thái Bình","Đường Hoàng Văn Thái, xã Vũ Chính, Thành phố TB, Thái Bình",KV2,
2825,26,Thái Bình,01,Thành phố Thái Bình,007,TT GDNN-GDTX Thành phố Thái Bình,"Số 117, đường Hoàng Công Chất, P.Quang Trung, Thành phố TB, Thái Bình",KV2,
2826,26,Thái Bình,01,Thành phố Thái Bình,008,"TH, THCS và THPT Quách Đình Bảo","Đường Chu Văn An, phường Quang Trung, Thành phố TB, Thái Bình",KV2,
2827,26,Thái Bình,01,Thành phố Thái Bình,059,Trung cấp nghề cho người khuyết tật Thái Bình,"Xóm 8, xã Đông Hòa, Thành phố TB, Thái Bình",KV2,
2828,26,Thái Bình,01,Thành phố Thái Bình,060,Cao đẳng nghề Thái Bình,"514 Đường Long Hưng, phường Hoàng Diệu, Thành phố TB, Thái Bình",KV2,
2829,26,Thái Bình,01,Thành phố Thái Bình,061,Cao đẳng nghề số 19 - Bộ Quốc Phòng,"784 Phố Lý Bôn, phường Trần Lãm, Thành phố TB, Thái Bình",KV2,
2830,26,Thái Bình,01,Thành phố Thái Bình,062,Đại học Thái Bình,"Tân Bình, Thành phố Thái Bình, Thái Bình",KV2,
2831,26,Thái Bình,01,Thành phố Thái Bình,801,Trường THPT - Khu vực 1,,KV1,
2832,26,Thái Bình,01,Thành phố Thái Bình,802,Trường THPT - KV2NT,,KV2-NT,
2833,26,Thái Bình,01,Thành phố Thái Bình,803,Trường THPT - KV2,,KV2,
2834,26,Thái Bình,01,Thành phố Thái Bình,804,Trường THPT - Khu vực 3,,KV3,
2835,26,Thái Bình,02,Huyện Quỳnh Phụ,009,THPT Quỳnh Côi,"Khu 3B, Thị trấn Quỳnh Côi, Quỳnh Phụ, Thái Bình",KV2-NT,
2836,26,Thái Bình,02,Huyện Quỳnh Phụ,010,THPT Quỳnh Thọ,"Xã Quỳnh Thọ, Quỳnh Phụ, Thái Bình",KV2-NT,
2837,26,Thái Bình,02,Huyện Quỳnh Phụ,011,THPT Phụ Dực,"Thị trấn An Bài, Quỳnh Phụ, Thái Bình",KV2-NT,
2838,26,Thái Bình,02,Huyện Quỳnh Phụ,012,THPT Nguyễn Huệ,"Xã Quỳnh Hưng, Quỳnh Phụ, Thái Bình",KV2-NT,
2839,26,Thái Bình,02,Huyện Quỳnh Phụ,013,THPT Trần Hưng Đạo,"Xã An Vũ, Quỳnh Phụ, Thái Bình",KV2-NT,
2840,26,Thái Bình,02,Huyện Quỳnh Phụ,014,TT GDNN-GDTX Quỳnh Phụ,"Khu 3B, Thị trấn Quỳnh Côi, Quỳnh Phụ, Thái Bình",KV2-NT,
2841,26,Thái Bình,03,Huyện Hưng Hà,017,THPT Hưng Nhân,"Thị trấn Hưng Nhân, Hưng Hà, Thái Bình",KV2-NT,
2842,26,Thái Bình,03,Huyện Hưng Hà,018,THPT Bắc Duyên Hà,"Thị trấn Hưng Hà, Hưng Hà, Thái Bình",KV2-NT,
2843,26,Thái Bình,03,Huyện Hưng Hà,019,THPT Nam Duyên Hà,"Xã Minh Hoà, Hưng Hà, Thái Bình",KV2-NT,
2844,26,Thái Bình,03,Huyện Hưng Hà,020,THPT Đông Hưng Hà,"Xã Hùng Dũng, Hưng Hà, Thái Bình",KV2-NT,
2845,26,Thái Bình,03,Huyện Hưng Hà,021,THPT Trần Thị Dung,"Thị trấn Hưng Nhân, Hưng Hà, Thái Bình",KV2-NT,
2846,26,Thái Bình,03,Huyện Hưng Hà,022,TT GDNN-GDTX Hưng Hà,"Thị trấn Hưng Hà, Hưng Hà, Thái Bình",KV2-NT,
2847,26,Thái Bình,04,Huyện Đông Hưng,024,THPT Tiên Hưng,"Minh Tân, Đông Hưng, Thái Bình",KV2-NT,
2848,26,Thái Bình,04,Huyện Đông Hưng,025,THPT Bắc Đông Quan,"Thị trấn Đông Hưng, Đông Hưng, Thái Bình",KV2-NT,
2849,26,Thái Bình,04,Huyện Đông Hưng,026,THPT Nam Đông Quan,"Xã Đông Á, Đông Hưng, Thái Bình",KV2-NT,
2850,26,Thái Bình,04,Huyện Đông Hưng,027,THPT Mê Linh,"Xã Mê Linh, Đông Hưng, Thái Bình",KV2-NT,
2851,26,Thái Bình,04,Huyện Đông Hưng,028,THPT Đông Quan,"Tổ 1, Thị trấn Đông Hưng, Đông Hưng, Thái Bình",KV2-NT,
2852,26,Thái Bình,04,Huyện Đông Hưng,030,TT GDNN-GDTX Đông Hưng,"Tổ 1, Thị trấn Đông Hưng, Đông Hưng, Thái Bình",KV2-NT,
2853,26,Thái Bình,05,Huyện Vũ Thư,032,THPT Nguyễn Trãi,"Xã Hoà Bình, Vũ Thư, Thái Bình",KV2-NT,
2854,26,Thái Bình,05,Huyện Vũ Thư,033,THPT Vũ Tiên,"Xã Việt Thuận, Vũ Thư, Thái Bình",KV2-NT,
2855,26,Thái Bình,05,Huyện Vũ Thư,034,THPT Lý Bôn,"Xã Hiệp Hoà, Vũ Thư, Thái Bình",KV2-NT,
2856,26,Thái Bình,05,Huyện Vũ Thư,035,THPT Hùng Vương,"Thị trấn Vũ Thư, Thái Bình",KV2-NT,
2857,26,Thái Bình,05,Huyện Vũ Thư,036,THPT Phạm Quang Thẩm,"Xã Vũ Tiến, Vũ Thư, Thái Bình",KV2-NT,
2858,26,Thái Bình,05,Huyện Vũ Thư,037,TT GDNN-GDTX Vũ Thư,"Thị trấn Vũ Thư, Vũ Thư, Thái Bình",KV2-NT,
2859,26,Thái Bình,06,Huyện Kiến Xương,039,THPT Nguyễn Du,"Thị trấn Kiến Xương, Kiến Xương, Thái Bình",KV2-NT,
2860,26,Thái Bình,06,Huyện Kiến Xương,040,THPT Bắc Kiến Xương,"Xã Nam Cao, Kiến Xương, Thái Bình",KV2-NT,
2861,26,Thái Bình,06,Huyện Kiến Xương,041,THPT Chu Văn An,"Xã Vũ Quý, Kiến Xương, Thái Bình",KV2-NT,
2862,26,Thái Bình,06,Huyện Kiến Xương,042,THPT Bình Thanh,"Xã Bình Thanh, Kiến Xương, Thái Bình",KV2-NT,
2863,26,Thái Bình,06,Huyện Kiến Xương,043,THPT Hồng Đức,"Thị trấn Thanh Nê, Kiến Xương, Thái Bình",KV2-NT,
2864,26,Thái Bình,06,Huyện Kiến Xương,044,TT GDNN-GDTX Kiến Xương,"Khu đô thị Tân Tiến, Thị trấn Kiến Xương, Kiến Xương, Thái Bình",KV2-NT,
2865,26,Thái Bình,07,Huyện Tiền Hải,046,THPT Tây Tiền Hải,"Thị trấn Tiền Hải, Tiền Hải, Thái Bình",KV2-NT,
2866,26,Thái Bình,07,Huyện Tiền Hải,047,THPT Nam Tiền Hải,"Xã Nam Trung, Tiền Hải, Thái Bình",KV2-NT,
2867,26,Thái Bình,07,Huyện Tiền Hải,048,THPT Đông Tiền Hải,"Xã Đông Xuyên, Tiền Hải, Thái Bình",KV2-NT,
2868,26,Thái Bình,07,Huyện Tiền Hải,049,THPT Hoàng Văn Thái,"Khu 4, Thị trấn Tiền Hải, Tiền Hải, Thái Bình",KV2-NT,
2869,26,Thái Bình,07,Huyện Tiền Hải,050,TT GDNN-GDTX Tiền Hải,"210 Phố Tiểu Hoàng, Thị trấn Tiền Hải, Tiền Hải, Thái Bình",KV2-NT,
2870,26,Thái Bình,08,Huyện Thái Thụy,052,THPT Đông Thụy Anh,"Tổ dân phố Bao Trình, Thị trấn Diêm Điền, Thái Thụy, Thái Bình",KV2-NT,
2871,26,Thái Bình,08,Huyện Thái Thụy,053,THPT Tây Thụy Anh,"Xã Thụy Sơn, Thái Thụy, Thái Bình",KV2-NT,
2872,26,Thái Bình,08,Huyện Thái Thụy,054,THPT Thái Ninh,"Xã Thái Hưng, Thái Thụy, Thái Bình",KV2-NT,
2873,26,Thái Bình,08,Huyện Thái Thụy,055,THPT Thái Phúc,"Xã Thái Phúc, Thái Thụy, Thái Bình",KV2-NT,
2874,26,Thái Bình,08,Huyện Thái Thụy,056,THPT Diêm Điền,"Tổ dân phố số 6 Thị trấn Diêm Điền, Thái Thụy, Thái Bình",KV2-NT,
2875,26,Thái Bình,08,Huyện Thái Thụy,057,TT GDNN-GDTX Thái Thụy,"Tổ dân phố số 8, Thị trấn Diêm Điền, Thái Thụy, Thái Bình",KV2-NT,
2876,27,Ninh Bình,00,Sở Giáo dục và Đào tạo,800,Học ở nước ngoài_27,,KV3,
2877,27,Ninh Bình,00,Sở Giáo dục và Đào tạo,801,Trường THPT - Khu vực 1,Phường Tân Thành - TP Ninh Bình,KV1,
2878,27,Ninh Bình,00,Sở Giáo dục và Đào tạo,900,"Quân nhân, Công an tại ngũ_27",,KV3,
2879,27,Ninh Bình,01,Thành phố Ninh Bình,002,TC Kinh tế kỹ thuật và Tại chức,"Ph. Bích Đào, Tp. Ninh Bình",KV2,
2880,27,Ninh Bình,01,Thành phố Ninh Bình,003,TC Y Dược Tôn Thất Tùng,"Ph. Bích Đào, TP Ninh Bình",KV2,
2881,27,Ninh Bình,01,Thành phố Ninh Bình,004,Trường Phổ thông thực hành sư phạm Tràng An,"Đường Xuân Thành, xã Ninh Nhất, Thành phố Ninh Bình, Tỉnh Ninh Bình",KV2,
2882,27,Ninh Bình,01,Thành phố Ninh Bình,010,THPT Chuyên Lương Văn Tụy (Từ 05/09/2020 đến 04/6/2021)),xã Ninh Nhất - TP Ninh Bình,KV1,
2883,27,Ninh Bình,01,Thành phố Ninh Bình,011,THPT Chuyên Lương Văn Tụy (Trước 05/09/2020),xã Tân Thành - TP Ninh Bình,KV2,
2884,27,Ninh Bình,01,Thành phố Ninh Bình,012,THPT Đinh Tiên Hoàng,Ph. Bích Đào TP Ninh Bình,KV2,
2885,27,Ninh Bình,01,Thành phố Ninh Bình,013,THPT Trần Hưng Đạo,Ph. Ninh Phong TP Ninh Bình,KV2,
2886,27,Ninh Bình,01,Thành phố Ninh Bình,014,THPT Ninh Bình - Bạc Liêu,Ph. TânThành TP Ninh Bình,KV2,
2887,27,Ninh Bình,01,Thành phố Ninh Bình,015,THPT Nguyễn Công Trứ,Ph. Phúc Thành TP Ninh Bình,KV2,
2888,27,Ninh Bình,01,Thành phố Ninh Bình,016,GDTX Ninh Bình,"Phường Tân Thành, TP Ninh Bình",KV2,
2889,27,Ninh Bình,01,Thành phố Ninh Bình,017,CĐ nghề LiLaMa 1,"Ph. Đông Thành, Tp. Ninh Bình",KV2,
2890,27,Ninh Bình,01,Thành phố Ninh Bình,018,TC nghề Thành Nam,"Ph. Bích Đào, Tp. Ninh Bình",KV2,
2891,27,Ninh Bình,01,Thành phố Ninh Bình,019,TC nghề Mỹ thuật Thanh Bình,"Phố Phúc Trì, P.Phúc Thành, TP Ninh Bình",KV2,
2892,27,Ninh Bình,01,Thành phố Ninh Bình,020,TC nghề kinh tế - KT Công Đoàn Ninh Bình,"Số 25 Trần Hưng Đạo, Ph. Đông Thành, Tp. Ninh Bình",KV2,
2893,27,Ninh Bình,01,Thành phố Ninh Bình,038,"GDTX, Tin học và Ngoại ngữ tỉnh","Phường Tân Thành, TP Ninh Bình",KV2,
2894,27,Ninh Bình,01,Thành phố Ninh Bình,055,THPT Trương Hán Siêu (Từ năm 2023),"Đường Lê Hồng Phong, phường Đông Thành, thanh phố Ninh Bình",KV2,
2895,27,Ninh Bình,01,Thành phố Ninh Bình,091,THPT Bán công Ninh Bình,Ph. Phúc Thành TP Ninh Bình,KV2,
2896,27,Ninh Bình,01,Thành phố Ninh Bình,092,THPT dân lập Nguyễn Công Trứ,Ph. Phúc Thành TP Ninh Bình,KV2,
2897,27,Ninh Bình,01,Thành phố Ninh Bình,111,THPT Chuyên Lương Văn Tụy (Từ 04/6/2021),xã Ninh Nhất - TP Ninh Bình,KV2,
2898,27,Ninh Bình,01,Thành phố Ninh Bình,802,Trường THPT - KV2NT,,KV2-NT,
2899,27,Ninh Bình,01,Thành phố Ninh Bình,803,Trường THPT - KV2,,KV2,
2900,27,Ninh Bình,01,Thành phố Ninh Bình,804,Trường THPT - Khu vực 3,,KV3,
2901,27,Ninh Bình,01,Thành phố Ninh Bình,CNY,CĐ Y tế Ninh Bình,"297 Hải Thượng Lãn Ông, p. Nam Thành,Tp. Ninh Bình",KV2,
2902,27,Ninh Bình,02,Thành phố Tam Điệp (Trước năm 2022),021,THPT Nguyễn Huệ (Trước 04/6/2021),Ph. Bắc Sơn TP Tam Điệp,KV1,
2903,27,Ninh Bình,02,Thành phố Tam Điệp (Trước năm 2022),022,THPT Ngô Thì Nhậm (Trước 04/6/2021),Ph. Đông Sơn TP Tam Điệp,KV1,
2904,27,Ninh Bình,02,Thành phố Tam Điệp (Trước năm 2022),023,TTGDTX Tam Điệp,Ph. Trung Sơn TP Tam Điệp,KV1,
2905,27,Ninh Bình,02,Thành phố Tam Điệp (Trước năm 2022),024,CĐ nghề Cơ điện - Xây dựng Tam Điệp,"Ph. Trung Sơn, TP Tam Điệp",KV1,
2906,27,Ninh Bình,02,Thành phố Tam Điệp (Trước năm 2022),025,CĐ nghề Cơ giới Ninh Bình,"Xã Yên Bình, TP Tam Điệp",KV1,
2907,27,Ninh Bình,02,Thành phố Tam Điệp (Trước năm 2022),026,TC Nghề số 13,"Ph. Nam Sơn, TP Tam Điệp",KV1,
2908,27,Ninh Bình,02,Thành phố Tam Điệp (Trước năm 2022),027,TC Nghề số 14,"Xã Yên Sơn, TP Tam Điệp",KV1,
2909,27,Ninh Bình,02,Thành phố Tam Điệp (Trước năm 2022),028,TC Nghề Việt Can,"Ph. Trung Sơn, TP Tam Điệp",KV1,
2910,27,Ninh Bình,02,Thành phố Tam Điệp (Trước năm 2022),029,GDNN - GDTX Tam Điệp,"phường Trung Sơn, TP Tam Điệp",KV1,
2911,27,Ninh Bình,03,Huyện Nho Quan (Trước năm 2022),031,THPT Nho Quan A (Trước 04/6/2021),Xã Quỳnh Lưu H. Nho Quan,KV1,
2912,27,Ninh Bình,03,Huyện Nho Quan (Trước năm 2022),032,THPT Nho Quan B,TTr. Nho Quan H Nho Quan,KV1,
2913,27,Ninh Bình,03,Huyện Nho Quan (Trước năm 2022),034,TTGDTX Nho Quan,TTr. Nho Quan H Nho Quan,KV1,
2914,27,Ninh Bình,03,Huyện Nho Quan (Trước năm 2022),035,THPT Nho Quan C (Trước 04/6/2021),Xã Gia Lâm - huyện Nho Quan,KV1,
2915,27,Ninh Bình,03,Huyện Nho Quan (Trước năm 2022),036,TC Nghề Nho Quan,"Xã Lạng Phong, TT Nho Quan",KV1,
2916,27,Ninh Bình,03,Huyện Nho Quan (Trước năm 2022),037,GDNN - GDTX Nho Quan,TTr. Nho Quan H Nho Quan,KV1,
2917,27,Ninh Bình,04,Huyện Gia Viễn,041,THPT Gia Viễn A,Xã Gia Phú H Gia Viễn,KV2-NT,
2918,27,Ninh Bình,04,Huyện Gia Viễn,042,THPT Gia Viễn B,"Xã Gia Lập, huyện Gia Viễn",KV2-NT,
2919,27,Ninh Bình,04,Huyện Gia Viễn,043,THPT Gia Viễn C,Xã Gia Sinh H Gia Viễn,KV1,
2920,27,Ninh Bình,04,Huyện Gia Viễn,044,TTGDTX Gia Viễn,TTr. Me H Gia Viễn,KV2-NT,
2921,27,Ninh Bình,04,Huyện Gia Viễn,045,GDNN - GDTX Gia Viễn,"Thị trấn Me, huyện Gia Viễn",KV2-NT,
2922,27,Ninh Bình,04,Huyện Gia Viễn,143,THPT Gia Viễn C (Từ 04/6/2021),Xã Gia Sinh - huyện Gia Viễn,KV2-NT,
2923,27,Ninh Bình,05,Huyện Hoa Lư,001,TC Công nghệ và Y tế Pasteur,"Phố Thiên Sơn, Ttr Thiên Tôn, H. Hoa Lư, Ninh Bình",KV2-NT,
2924,27,Ninh Bình,05,Huyện Hoa Lư,051,THPT Hoa Lư A (trước 01/01/2025),"Thị trấn Thiên Tôn, huyện Hoa Lư",KV2-NT,
2925,27,Ninh Bình,05,Huyện Hoa Lư,052,THPT Trương Hán Siêu (trước 2023),"Xã Ninh Mỹ, huyện Hoa Lư",KV2-NT,
2926,27,Ninh Bình,05,Huyện Hoa Lư,053,TTGDTX Hoa Lư,TTr. Thiên Tôn H Hoa Lư,KV2-NT,
2927,27,Ninh Bình,05,Huyện Hoa Lư,054,GDNN - GDTX Hoa Lư,"TTr. Thiên tôn, huyện Hoa Lư",KV2-NT,
2928,27,Ninh Bình,05,Huyện Hoa Lư,093,THPT dân lập Hoa Lư,"Xã Ninh Mỹ, H. Hoa Lư",KV2-NT,
2929,27,Ninh Bình,06,Huyện Yên Mô,061,THPT Yên Mô A,"Xã Khánh Thượng, huyện Yên Mô",KV1,
2930,27,Ninh Bình,06,Huyện Yên Mô,062,THPT Yên Mô B,"Xã Yên Mạc, huyện Yên Mô",KV1,
2931,27,Ninh Bình,06,Huyện Yên Mô,063,TTGDTX Yên Mô,Xã Yên Phong H Yên Mô,KV2-NT,
2932,27,Ninh Bình,06,Huyện Yên Mô,064,THPT Tạ Uyên,"Xã Yên Phong, huyện Yên Mô",KV2-NT,
2933,27,Ninh Bình,06,Huyện Yên Mô,065,GDNN - GDTX Yên Mô,"Xã Yên Phong, huyện Yên Mô",KV2-NT,
2934,27,Ninh Bình,06,Huyện Yên Mô,161,THPT Yên Mô A (Từ 04/6/2021),Xã Khánh Thượng - huyện Yên Mô,KV2-NT,
2935,27,Ninh Bình,06,Huyện Yên Mô,162,THPT Yên Mô B (Từ 04/6/2021),Xã Yên Mạc - Huyện Yên Mô,KV2-NT,
2936,27,Ninh Bình,07,Huyện Kim Sơn,071,THPT Kim Sơn A,"thị trấn Phát Diệm, huyện Kim Sơn",KV2-NT,
2937,27,Ninh Bình,07,Huyện Kim Sơn,072,THPT Kim Sơn B,"Xã Hùng Tiến, huyện Kim Sơn",KV2-NT,
2938,27,Ninh Bình,07,Huyện Kim Sơn,073,THPT Bình Minh,"thị trấn Bình Minh, huyện Kim Sơn",KV2-NT,
2939,27,Ninh Bình,07,Huyện Kim Sơn,074,TTGDTX Kim Sơn,Xã Thượng Kiệm H Kim Sơn,KV2-NT,
2940,27,Ninh Bình,07,Huyện Kim Sơn,075,THPT Kim Sơn C,"Xã Thượng Kiệm, huyện Kim Sơn",KV2-NT,
2941,27,Ninh Bình,07,Huyện Kim Sơn,076,GDNN - GDTX Kim Sơn,"xã Thượng Kiệm, huyện Kim Sơn",KV2-NT,
2942,27,Ninh Bình,08,Huyện Yên Khánh,081,THPT Yên Khánh A,"Xã Khánh Hội, huyện Yên Khánh",KV2-NT,
2943,27,Ninh Bình,08,Huyện Yên Khánh,082,THPT Yên Khánh B,Xã Khánh Cư H Yên Khánh,KV2-NT,
2944,27,Ninh Bình,08,Huyện Yên Khánh,083,THPT Vũ Duy Thanh,Xã Khánh Nhạc H Yên Khánh,KV2-NT,
2945,27,Ninh Bình,08,Huyện Yên Khánh,084,TTGDTX Yên Khánh,Xã Khánh Nhạc H Yên Khánh,KV2-NT,
2946,27,Ninh Bình,08,Huyện Yên Khánh,085,THPT Yên Khánh C,"Xã Khánh Cường, huyện Yên Khánh",KV2-NT,
2947,27,Ninh Bình,08,Huyện Yên Khánh,086,GDNN - GDTX Yên Khánh,Xã Khánh Nhạc H Yên Khánh,KV2-NT,
2948,27,Ninh Bình,08,Huyện Yên Khánh,094,THPT dân lập Yên Khánh,Xã Khánh Cường H Yên Khánh,KV2-NT,
2949,27,Ninh Bình,09,Huyện Nho Quan,033,THPT Dân tộc nội trú,TTr. Nho Quan H Nho Quan,KV1,DTNT
2950,27,Ninh Bình,09,Huyện Nho Quan,131,THPT Nho Quan A (Từ 04/6/2021),Xã Quỳnh Lưu - Huyện Nho Quan,KV2-NT,
2951,27,Ninh Bình,09,Huyện Nho Quan,132,THPT Nho Quan B (Từ 04/6/2021),Thị trấn Nho Quan - huyện Nho Quan,KV2-NT,
2952,27,Ninh Bình,09,Huyện Nho Quan,134,GDNN - GDTX Nho Quan (Từ 04/6/2021),Thị trấn Nho Quan - huyện Nho Quan,KV2-NT,
2953,27,Ninh Bình,09,Huyện Nho Quan,135,THPT Nho Quan C (Từ 04/6/2021),Xã Gia Lâm - Huyện Nho Quan,KV2-NT,
2954,27,Ninh Bình,10,Thành phố Tam Điệp,121,THPT Nguyễn Huệ (Từ 04/6/2021),Phường Bắc Sơn - TP Tam Điệp,KV2,
2955,27,Ninh Bình,10,Thành phố Tam Điệp,122,THPT Ngô Thì Nhậm (Từ 04/6/2021),Phường Đồng Sơn - TP Tam Điệp,KV2,
2956,27,Ninh Bình,10,Thành phố Tam Điệp,123,GDNN - GDTX Tam Điệp (Từ 04/6/2021),Phường Trung Sơn - TP Tam Điệp,KV2,
2957,27,Ninh Bình,12,Thành phố Hoa Lư (từ ngày 01/01/2025),056,THPT Hoa Lư A (từ 01/01/2025),"Thị trấn Thiên Tôn, TP Hoa Lư",KV2,
2958,28,Thanh Hoá,00,Sở Giáo dục và Đào tạo,800,Học ở nước ngoài_28,,KV3,
2959,28,Thanh Hoá,00,Sở Giáo dục và Đào tạo,900,"Quân nhân, CA tại ngũ_28",,KV3,
2960,28,Thanh Hoá,01,Thành phố Thanh Hóa,001,THPT Đào Duy Từ,"P. Ba Đình, TP T.Hóa",KV2,
2961,28,Thanh Hoá,01,Thành phố Thanh Hóa,002,THPT Hàm Rồng,"P. Trường Thi,TP T.Hoá",KV2,
2962,28,Thanh Hoá,01,Thành phố Thanh Hóa,003,THPT Nguyễn Trãi,"P. Điện Biên, TP T.Hoá",KV2,
2963,28,Thanh Hoá,01,Thành phố Thanh Hóa,004,THPT Tô Hiến Thành,"P.Đông Sơn, TP T.Hoá",KV2,
2964,28,Thanh Hoá,01,Thành phố Thanh Hóa,005,THPT Trường Thi,"P. Trường Thi, TP T.Hoá",KV2,
2965,28,Thanh Hoá,01,Thành phố Thanh Hóa,006,THPT Lý Thường Kiệt,"P. Đông sơn, TP T.Hoá",KV2,
2966,28,Thanh Hoá,01,Thành phố Thanh Hóa,007,THPT Đào Duy Anh,"P. Ngọc Trạo, TP T.Hoá",KV2,
2967,28,Thanh Hoá,01,Thành phố Thanh Hóa,008,TTGDNN-GDTX TP Thanh Hoá,02/58 Nguyễn Phục P. Quảng Thắng TP Thanh Hoá,KV2,
2968,28,Thanh Hoá,01,Thành phố Thanh Hóa,009,THPT DTNT Tỉnh Thanh Hóa,"P. Đông Sơn, TP T.Hoá",KV1,
2969,28,Thanh Hoá,01,Thành phố Thanh Hóa,010,THPT Chuyên Lam Sơn,"P. Ba Đình, TP T.Hoá",KV2,
2970,28,Thanh Hoá,01,Thành phố Thanh Hóa,011,TTGDTX tỉnh T.Hoá,"Ngã Ba Bia, TP Thanh Hoá",KV2,
2971,28,Thanh Hoá,01,Thành phố Thanh Hóa,012,THPT Đông Sơn,"Đông Tân, TP T.Hóa",KV2,
2972,28,Thanh Hoá,01,Thành phố Thanh Hóa,013,THPT Nguyễn Huệ,"Quảng Đông, TP T.Hóa",KV2,
2973,28,Thanh Hoá,01,Thành phố Thanh Hóa,014,Trường CĐ TDTT T.Hóa,Ph. Ngọc Trạo-TP T.Hóa,KV2,
2974,28,Thanh Hoá,01,Thành phố Thanh Hóa,015,ĐH VHTT và DL TH,Ph. Lam Sơn- TP T.Hóa,KV2,
2975,28,Thanh Hoá,01,Thành phố Thanh Hóa,016,CĐN NN - PTNT T.Hóa,Quảng Hưng -TP T.Hóa,KV2,
2976,28,Thanh Hoá,01,Thành phố Thanh Hóa,017,Trường CĐ KT- KTCT,Ph. Đông Vệ - TP T.Hóa,KV2,
2977,28,Thanh Hoá,01,Thành phố Thanh Hóa,018,CĐ Công nghiệp T.Hóa,"64 Đình Hương, TP T.Hóa",KV2,
2978,28,Thanh Hoá,01,Thành phố Thanh Hóa,019,Trường CĐ Bách khoa Việt Nam,Phường Long Anh TP Thanh Hoá,KV2,
2979,28,Thanh Hoá,01,Thành phố Thanh Hóa,020,TC nghề số 1 TP T.Hoá,"Quảng Thắng, TP T.Hoá",KV2,
2980,28,Thanh Hoá,01,Thành phố Thanh Hóa,149,ĐHCN TP Hồ Chí Minh (cơ sở Thanh Hóa),Xã Quảng Tâm TP Thanh Hóa,KV2,
2981,28,Thanh Hoá,01,Thành phố Thanh Hóa,153,"TH, THCS&THPT Đông Bắc Ga",Phường Đông Thọ TP Thanh Hoá,KV2,
2982,28,Thanh Hoá,01,Thành phố Thanh Hóa,162,"TC Nghề Thanh, Thiếu niên khuyết tật, ĐBKK Thanh Hoá",525B phường Quảng Hưng TP Thanh Hoá,KV2,
2983,28,Thanh Hoá,01,Thành phố Thanh Hóa,163,TC Nghề Kỹ Nghệ Thanh Hoá,Phú Sơn TP Thanh Hoá,KV2,
2984,28,Thanh Hoá,01,Thành phố Thanh Hóa,164,TC Thương mại - Du lịch Thanh Hoá,272 phố Môi phường Quảng Tâm TP Thanh Hoá,KV2,
2985,28,Thanh Hoá,01,Thành phố Thanh Hóa,205,"TH, THCS&THPT Nobel School",Phường An Hưng TP Thanh Hoá,KV2,
2986,28,Thanh Hoá,01,Thành phố Thanh Hóa,206,Phân hiệu Thanh Hoá Trường CĐ nghề số 4/BQP,Phường Quảng Thành TP Thanh Hoá,KV2,
2987,28,Thanh Hoá,01,Thành phố Thanh Hóa,207,"Tiểu học, THCS và THPT Vinschool Star City",Đô thị VinStar phường Đông Hải TP Thanh Hoá,KV2,
2988,28,Thanh Hoá,01,Thành phố Thanh Hóa,208,TC Công nghệ và Y Dược Miền Trung,02 Chi Lăng phường Quảng Thành TP Thanh Hoá,KV2,
2989,28,Thanh Hoá,01,Thành phố Thanh Hóa,213,"TH, THCS & THPT QTH School",Phường Đông Hải TP Thanh Hóa,KV2,
2990,28,Thanh Hoá,01,Thành phố Thanh Hóa,801,Trường THPT - Khu vực 1,,KV1,
2991,28,Thanh Hoá,01,Thành phố Thanh Hóa,802,Trường THPT - KV2NT,,KV2-NT,
2992,28,Thanh Hoá,01,Thành phố Thanh Hóa,804,Trường THPT - Khu vực 3,,KV3,
2993,28,Thanh Hoá,02,Thị xã Bỉm Sơn,021,THPT Bỉm Sơn,"P. Ba Đình, Thị Bỉm Sơn",KV2,
2994,28,Thanh Hoá,02,Thị xã Bỉm Sơn,022,THPT Lê Hồng Phong,"P. Lam Sơn, Thị Bỉm Sơn",KV2,
2995,28,Thanh Hoá,02,Thị xã Bỉm Sơn,023,TTGDTX TX Bỉm Sơn,"P. Lam Sơn, TX Bỉm Sơn",KV2,
2996,28,Thanh Hoá,02,Thị xã Bỉm Sơn,024,TC nghề Bỉm Sơn,"P. Lam Sơn, TX Bỉm Sơn",KV2,
2997,28,Thanh Hoá,03,Thành phố Sầm Sơn,025,THPT Sầm Sơn (Trước 01/01/2021),"P. Trường Sơn, Sầm Sơn",KV2,
2998,28,Thanh Hoá,03,Thành phố Sầm Sơn,026,THPT Nguyễn Thị Lợi (Trước 01/01/2021),"P. Trung Sơn, Sầm Sơn",KV2,
2999,28,Thanh Hoá,03,Thành phố Sầm Sơn,027,TTGDNN-GDTX Sầm Sơn (Trước 01/01/2021),"P. Trường Sơn, Sầm Sơn",KV2,
3000,28,Thanh Hoá,03,Thành phố Sầm Sơn,028,THPT Chu Văn An (Trước 01/01/2021),"Quảng Minh, Sầm Sơn",KV2,
3001,28,Thanh Hoá,03,Thành phố Sầm Sơn,134,TC PTTH Thanh Hóa (Trước 01/01/2021),"Quảng Thọ, Sầm Sơn",KV2,
3002,28,Thanh Hoá,04,Huyện Quan Hóa,029,THPT Quan Hoá,"Thị trấn Hồi Xuân, Quan Hoá",KV1,
3003,28,Thanh Hoá,04,Huyện Quan Hóa,030,TTGDNN-GDTX Quan Hoá,"Thị trấn Hồi Xuân, Quan Hoá",KV1,
3004,28,Thanh Hoá,04,Huyện Quan Hóa,031,THCS-THPT Quan Hóa,"Thiên Phủ, Quan Hóa",KV1,
3005,28,Thanh Hoá,05,Huyện Quan Sơn,032,THPT Quan Sơn,"Thị trấn Sơn Lư, Quan Sơn",KV1,
3006,28,Thanh Hoá,05,Huyện Quan Sơn,033,TTGDNN-GDTX Quan Sơn,"Thị trấn Sơn Lư, Quan Sơn",KV1,
3007,28,Thanh Hoá,05,Huyện Quan Sơn,034,THCS & THPT Quan Sơn,Mường Mìn - Quan Sơn,KV1,
3008,28,Thanh Hoá,06,Huyện Mường Lát,035,THPT Mường Lát,TT Mườg Lát,KV1,
3009,28,Thanh Hoá,06,Huyện Mường Lát,036,TTGDNN-GDTX Mường Lát,TT Mường Lát,KV1,
3010,28,Thanh Hoá,07,Huyện Bá Thước,037,THPT Bá Thước,"TT Cành Nàng, Bá Thước",KV1,
3011,28,Thanh Hoá,07,Huyện Bá Thước,038,THPT Hà Văn Mao,"Điền Trung, Bá Thước",KV1,
3012,28,Thanh Hoá,07,Huyện Bá Thước,039,TTGDNN-GDTX Bá Thước,"TT Cành nàng, Bá Thước",KV1,
3013,28,Thanh Hoá,07,Huyện Bá Thước,040,THCS & THPT Bá Thước,"Lũng Niên, Bá Thước",KV1,
3014,28,Thanh Hoá,08,Huyện Thường Xuân,041,THPT Cầm Bá Thước,TT Thường Xuân,KV1,
3015,28,Thanh Hoá,08,Huyện Thường Xuân,042,THPT Thường Xuân 2,"Luận Thành, Thường Xuân",KV1,
3016,28,Thanh Hoá,08,Huyện Thường Xuân,043,TTGDNN-GDTX Thường Xuân,TT Thường xuân,KV1,
3017,28,Thanh Hoá,08,Huyện Thường Xuân,044,THPT Thường Xuân 3,"Vạn Xuân, Thường Xuân",KV1,
3018,28,Thanh Hoá,09,Huyện Như Xuân,045,THPT Như Xuân,"TT Yên Cát, Như Xuân",KV1,
3019,28,Thanh Hoá,09,Huyện Như Xuân,046,TTGDNN-GDTX Như Xuân,"TT Yên Cái, Như Xuân",KV1,
3020,28,Thanh Hoá,09,Huyện Như Xuân,047,THPT Như Xuân 2,"Bãi Thành, Như Xuân",KV1,
3021,28,Thanh Hoá,09,Huyện Như Xuân,150,THCS-THPT Như Xuân,Xã Thanh Quân huyện Như Xuân,KV1,
3022,28,Thanh Hoá,10,Huyện Như Thanh,048,THPT Như Thanh,"TT Bến Sung, Như Thanh",KV1,
3023,28,Thanh Hoá,10,Huyện Như Thanh,049,THPT Như Thanh 2,Xã Thanh Tân huyện Như Thanh,KV1,
3024,28,Thanh Hoá,10,Huyện Như Thanh,050,TTGDNN-GDTX Như Thanh,"TT Bến Sung, Như Thanh",KV1,
3025,28,Thanh Hoá,10,Huyện Như Thanh,051,THCS-THPT Như Thanh,"Phượng Nghi, Như Thanh",KV1,
3026,28,Thanh Hoá,11,Huyện Lang Chánh,052,THPT Lang Chánh,TT Lang Chánh,KV1,
3027,28,Thanh Hoá,11,Huyện Lang Chánh,053,TTGDNN-GDTX Lang Chánh,TT Lang Chánh,KV1,
3028,28,Thanh Hoá,12,Huyện Ngọc Lặc,054,THPT Ngọc Lặc,TT Ngọc Lặc,KV1,
3029,28,Thanh Hoá,12,Huyện Ngọc Lặc,055,THPT Lê Lai,"Kiên Thọ, Ngọc Lặc",KV1,
3030,28,Thanh Hoá,12,Huyện Ngọc Lặc,056,TTGDNN-GDTX Ngọc Lặc,TT Ngọc Lặc,KV1,
3031,28,Thanh Hoá,12,Huyện Ngọc Lặc,057,THPT Bắc Sơn,"Ngọc Liên, Ngọc Lặc",KV1,
3032,28,Thanh Hoá,12,Huyện Ngọc Lặc,058,TC nghề MN T.Hoá,"Xã Minh Sơn, H.Ngọc Lặc",KV1,
3033,28,Thanh Hoá,12,Huyện Ngọc Lặc,151,THPT DTNT Ngọc Lặc,Xã Quang Trung huyện Ngọc Lặc,KV1,DTNT
3034,28,Thanh Hoá,13,Huyện Thạch Thành,059,THPT Thạch Thành 1,"Thành Thọ, Thạch Thành",KV1,
3035,28,Thanh Hoá,13,Huyện Thạch Thành,060,THPT Thạch Thành 2,"Thạch Tân, Thạch Thành",KV1,
3036,28,Thanh Hoá,13,Huyện Thạch Thành,061,THPT Thạch Thành 3,"Thị trấn Vân Du, Thạch Thành",KV1,
3037,28,Thanh Hoá,13,Huyện Thạch Thành,062,TC nghề Thạch Thành,TT Kim Tân,KV1,
3038,28,Thanh Hoá,13,Huyện Thạch Thành,063,THPT Thạch Thành 4,"Thạch Quảng, Thạch Thành",KV1,
3039,28,Thanh Hoá,14,Huyện Cẩm Thủy,064,THPT Cẩm Thuỷ 1 (Trước 04/6/2021),"Thị trấn Phong Sơn, Cẩm Thuỷ",KV1,
3040,28,Thanh Hoá,14,Huyện Cẩm Thủy,065,THPT Cẩm Thuỷ 2,"Cẩm Tân, Cẩm Thuỷ",KV1,
3041,28,Thanh Hoá,14,Huyện Cẩm Thủy,066,THPT Cẩm Thuỷ 3 (Trước 04/6/2021,"Cẩm Thạch, Cẩm Thuỷ",KV1,
3042,28,Thanh Hoá,14,Huyện Cẩm Thủy,067,TTGDNN-GDTX Cẩm Thuỷ (Trước 04/6/2021),"Thị trấn Phong Sơn, Cẩm Thuỷ",KV1,
3043,28,Thanh Hoá,15,Huyện Thọ Xuân,068,THPT Lê Lợi (Trước 04/6/2021),TT Thọ Xuân,KV2-NT,
3044,28,Thanh Hoá,15,Huyện Thọ Xuân,069,THPT Lê Hoàn (Trước 04/6/2021),"Xuân Lai, Thọ Xuân",KV2-NT,
3045,28,Thanh Hoá,15,Huyện Thọ Xuân,070,THPT Lam Kinh (Trước 04/6/2021),"TT Lam Sơn, Thọ Xuân",KV2-NT,
3046,28,Thanh Hoá,15,Huyện Thọ Xuân,071,THPT Thọ Xuân 4 (Trước 04/6/2021),"Thọ Lập, Thọ Xuân",KV2-NT,
3047,28,Thanh Hoá,15,Huyện Thọ Xuân,072,THPT Lê Văn Linh,TT Thọ Xuân,KV2-NT,
3048,28,Thanh Hoá,15,Huyện Thọ Xuân,073,THPT Thọ Xuân 5 (Trước 04/6/2021),Thôn 385 Thọ Xương,KV2-NT,
3049,28,Thanh Hoá,15,Huyện Thọ Xuân,074,TTGDNN-GDTX Thọ Xuân (Trước 04/6/2021),TT Thọ Xuân,KV2-NT,
3050,28,Thanh Hoá,16,Huyện Vĩnh Lộc,075,THPT Vĩnh Lộc (Trước 04/6/2021),Thị trấn Vĩnh Lộc,KV2-NT,
3051,28,Thanh Hoá,16,Huyện Vĩnh Lộc,076,THPT Tống Duy Tân (Trước 04/6/2021),"Vĩnh Tân, Vĩnh Lộc",KV2-NT,
3052,28,Thanh Hoá,16,Huyện Vĩnh Lộc,077,THPT Trần Khát Chân,TT Vĩnh Lộc,KV2-NT,
3053,28,Thanh Hoá,16,Huyện Vĩnh Lộc,078,TTGDNN-GDTX Vĩnh Lộc (Trước 04/6/2021),Thị trấn Vĩnh Lộc,KV2-NT,
3054,28,Thanh Hoá,17,Huyện Thiệu Hóa,079,THPT Thiệu Hoá,"TT Vạn Hà, Thiệu Hoá",KV2-NT,
3055,28,Thanh Hoá,17,Huyện Thiệu Hóa,080,THPT Nguyễn Quán Nho,"Thiệu Quang, Thiệu Hoá",KV2-NT,
3056,28,Thanh Hoá,17,Huyện Thiệu Hóa,081,THPT Lê Văn Hưu,"Thiệu Vận, Thiệu Hoá",KV2-NT,
3057,28,Thanh Hoá,17,Huyện Thiệu Hóa,082,THPT Dương Đình Nghệ,"Thiệu Đô, Thiệu Hoá",KV2-NT,
3058,28,Thanh Hoá,17,Huyện Thiệu Hóa,083,TTGDNN-GDTX Thiệu Hoá,"TT Vạn Hà, Thiệu Hoá",KV2-NT,
3059,28,Thanh Hoá,18,Huyện Triệu Sơn,084,THPT Triệu Sơn 1,"TT, Triệu Sơn",KV2-NT,
3060,28,Thanh Hoá,18,Huyện Triệu Sơn,085,THPT Triệu Sơn 2,"Nông Trường, Triệu Sơn",KV2-NT,
3061,28,Thanh Hoá,18,Huyện Triệu Sơn,086,THPT Triệu Sơn 3,"Hợp Lý, Triệu Sơn",KV2-NT,
3062,28,Thanh Hoá,18,Huyện Triệu Sơn,087,THPT Triệu Sơn 4,"Thọ Dân, Triệu Sơn",KV2-NT,
3063,28,Thanh Hoá,18,Huyện Triệu Sơn,088,THPT Triệu Sơn 5,"Đồng Lợi, Triệu Sơn",KV2-NT,
3064,28,Thanh Hoá,18,Huyện Triệu Sơn,089,THPT Triệu Sơn 6,"Dân Lực, Triệu Sơn",KV2-NT,
3065,28,Thanh Hoá,18,Huyện Triệu Sơn,090,THPT Triệu Sơn,TT Triệu sơn,KV2-NT,
3066,28,Thanh Hoá,18,Huyện Triệu Sơn,091,TTGDNN-GDTX Triệu Sơn,TT Triệu Sơn,KV2-NT,
3067,28,Thanh Hoá,18,Huyện Triệu Sơn,092,Trường CĐ Nông nghiệp Thanh Hoá,Dân Quyền - H. Triệu Sơn,KV2-NT,
3068,28,Thanh Hoá,19,Huyện Nông Cống,093,THPT Nông Cống 1,TT Nông Cống,KV2-NT,
3069,28,Thanh Hoá,19,Huyện Nông Cống,094,THPT Nông Cống 2,"Trung Thành, Nông Cống",KV2-NT,
3070,28,Thanh Hoá,19,Huyện Nông Cống,095,THPT Nông Cống 3,"Công Liêm, Nông Cống",KV2-NT,
3071,28,Thanh Hoá,19,Huyện Nông Cống,096,THPT Nông Cống 4,"Trường Sơn, N. Cống",KV2-NT,
3072,28,Thanh Hoá,19,Huyện Nông Cống,097,THPT Triệu Thị Trinh,"Vạn Hòa, Nông Cống",KV2-NT,
3073,28,Thanh Hoá,19,Huyện Nông Cống,098,TTGDNN-GDTX Nông Cống,TT Nông Cống,KV2-NT,
3074,28,Thanh Hoá,19,Huyện Nông Cống,099,THPT Nông Cống,"Trung Chính, Nông Cống",KV2-NT,
3075,28,Thanh Hoá,20,Huyện Đông Sơn,100,THPT Đông Sơn 1,"Đông Xuân, Đông Sơn",KV2-NT,
3076,28,Thanh Hoá,20,Huyện Đông Sơn,101,THPT Đông Sơn 2,"Đông Văn, Đông Sơn",KV2-NT,
3077,28,Thanh Hoá,20,Huyện Đông Sơn,102,PT Nguyễn Mộng Tuân,"TT Rừng Thông, Đông Sơn",KV2-NT,
3078,28,Thanh Hoá,20,Huyện Đông Sơn,103,TTGDNN-GDTX Đông Sơn,"TT Rừng Thông, Đông Sơn",KV2-NT,
3079,28,Thanh Hoá,21,Huyện Hà Trung,104,THPT Hà Trung (Trước 28/4/2017),"Hà Bình, Hà Trung",KV2-NT,
3080,28,Thanh Hoá,21,Huyện Hà Trung,105,THPT Hoàng Lê Kha (Trước 28/4/2017),TT Hà Trung,KV2-NT,
3081,28,Thanh Hoá,21,Huyện Hà Trung,106,THPT Nguyễn Hoàng,TT Hà Trung,KV2-NT,
3082,28,Thanh Hoá,21,Huyện Hà Trung,107,TTGDNN-GDTX Hà Trung (Trước 28/4/2017),TT Hà Trung,KV2-NT,
3083,28,Thanh Hoá,22,Huyện Hoằng Hóa,108,THPT Lương Đắc Bằng (Trước 01/01/2021),"TT Bút Sơn, Hoằng Hoá",KV2-NT,
3084,28,Thanh Hoá,22,Huyện Hoằng Hóa,109,THPT Hoằng Hoá 2 (Trước 01/01/2021),"Hoằng Kim, Hoằng Hoá",KV2-NT,
3085,28,Thanh Hoá,22,Huyện Hoằng Hóa,110,THPT Hoằng Hoá 3 (Trước 01/01/2021),"Hoằng Ngọc, Hoằng Hoá",KV2-NT,
3086,28,Thanh Hoá,22,Huyện Hoằng Hóa,111,THPT Hoằng Hoá 4 (Trước 01/01/2021),"Hoằng Thành, Hoằng Hoá",KV2-NT,
3087,28,Thanh Hoá,22,Huyện Hoằng Hóa,112,THPT Lưu Đình Chất,"Hoằng Quỳ, Hoằng Hoá",KV2-NT,
3088,28,Thanh Hoá,22,Huyện Hoằng Hóa,113,THPT Lê Viết Tạo,"Hoằng Đạo, Hoằng Hoá",KV2-NT,
3089,28,Thanh Hoá,22,Huyện Hoằng Hóa,114,TTGDNN-GDTX Hoằng Hoá,Hoằng Đạo Hoằng Hoá,KV2-NT,
3090,28,Thanh Hoá,22,Huyện Hoằng Hóa,115,THPT Hoằng Hoá (Trước 01/01/2021),Hoằng Ngọc - Hoằng Hoá,KV2-NT,
3091,28,Thanh Hoá,23,Huyện Nga Sơn,116,THPT Ba Đình (Trước 01/01/2020),Thị trấn Nga Sơn,KV2-NT,
3092,28,Thanh Hoá,23,Huyện Nga Sơn,117,THPT Mai Anh Tuấn (Trước 01/01/2020),Xã Nga Thành huyện Nga Sơn,KV2-NT,
3093,28,Thanh Hoá,23,Huyện Nga Sơn,118,THPT Trần Phú,TT Nga sơn,KV2-NT,
3094,28,Thanh Hoá,23,Huyện Nga Sơn,119,TTGDTX Nga Sơn,TT Nga Sơn,KV2-NT,
3095,28,Thanh Hoá,23,Huyện Nga Sơn,120,THPT Nga Sơn (Trước 01/01/2020),"Nga Trung, Nga Sơn",KV2-NT,
3096,28,Thanh Hoá,23,Huyện Nga Sơn,121,TC Nghề Nga Sơn (Trước 01/01/2020),"H Nga Sơn, T.Hoá",KV2-NT,
3097,28,Thanh Hoá,24,Huyện Hậu Lộc,122,THPT Hậu Lộc 1,"Phú Lộc, Hậu lộc",KV2-NT,
3098,28,Thanh Hoá,24,Huyện Hậu Lộc,123,THPT Hậu Lộc 2,"Thuần Lộc, Hậu Lộc",KV2-NT,
3099,28,Thanh Hoá,24,Huyện Hậu Lộc,124,THPT Đinh Chương Dương,TT Hậu Lộc,KV2-NT,
3100,28,Thanh Hoá,24,Huyện Hậu Lộc,125,TTGDNN-GDTX Hậu Lộc,TT Hậu Lộc,KV2-NT,
3101,28,Thanh Hoá,24,Huyện Hậu Lộc,126,THPT Hậu Lộc 3,"Đại Lộc, Hậu Lộc",KV2-NT,
3102,28,Thanh Hoá,24,Huyện Hậu Lộc,127,THPT Hậu Lộc 4 (Trước 01/01/2020),"Hưng Lộc, Hậu Lộc",KV1,
3103,28,Thanh Hoá,24,Huyện Hậu Lộc,161,THPT Hậu Lộc 4 (Từ 01/01/2020),"Xã Hưng Lộc, Hậu Lộc",KV2-NT,
3104,28,Thanh Hoá,25,Huyện Quảng Xương,128,THPT Quảng Xương 1 (Trước 01/01/2018),"Thị trấn Tân Phong, Quảng Xương",KV2-NT,
3105,28,Thanh Hoá,25,Huyện Quảng Xương,129,THPT Quảng Xương 2 (Trước 01/01/2018),"Quảng Ngọc, Quảng Xương",KV2-NT,
3106,28,Thanh Hoá,25,Huyện Quảng Xương,130,THPT Quảng Xương 4,"Tiên Trang, Quảng Xương",KV2-NT,
3107,28,Thanh Hoá,25,Huyện Quảng Xương,131,THPT Nguyễn Xuân Nguyên,"Quảng Giao, Quảng Xương",KV2-NT,
3108,28,Thanh Hoá,25,Huyện Quảng Xương,132,THPT Đặng Thai Mai (Trước 01/01/2018),"Quảng Bình, Quảng Xương",KV2-NT,
3109,28,Thanh Hoá,25,Huyện Quảng Xương,133,TTGDNN-GDTX Quảng Xương (Trước 01/01/2018),"Thị trấn Tân Phong, Quảng Xương",KV2-NT,
3110,28,Thanh Hoá,26,Huyện Tĩnh Gia (Trước 01/06/2020),135,THPT Tĩnh Gia 1 (Trước 01/06/2020),TT Tĩnh Gia,KV2-NT,
3111,28,Thanh Hoá,26,Huyện Tĩnh Gia (Trước 01/06/2020),136,THPT Tĩnh Gia 2 (Trước 01/06/2020),"Xã Hải Ninh, Huyện Tĩnh Gia",KV2-NT,
3112,28,Thanh Hoá,26,Huyện Tĩnh Gia (Trước 01/06/2020),137,THPT Tĩnh Gia 3 (Trước 01/06/2020),"Tĩnh Hải, Tĩnh Gia",KV1,
3113,28,Thanh Hoá,26,Huyện Tĩnh Gia (Trước 01/06/2020),138,THPT Tĩnh Gia 5,TT Tĩnh Gia,KV2-NT,
3114,28,Thanh Hoá,26,Huyện Tĩnh Gia (Trước 01/06/2020),139,TTGDNN-GDTX Tĩnh Gia (Trước 01/06/2020),TT Tĩnh Gia,KV2-NT,
3115,28,Thanh Hoá,26,Huyện Tĩnh Gia (Trước 01/06/2020),140,THPT Tĩnh Gia 4 (Trước 01/06/2020),"Hải An, Tĩnh Gia",KV1,
3116,28,Thanh Hoá,26,Huyện Tĩnh Gia (Trước 01/06/2020),141,CĐ nghề Nghi Sơn (Trước 01/06/2020),"TT Tĩnh Gia, H. Tĩnh Gia",KV2-NT,
3117,28,Thanh Hoá,26,Huyện Tĩnh Gia (Trước 01/06/2020),142,THCS-THPT Nghi Sơn (Trước 01/06/2020),"Hải Thượng, Tĩnh Gia",KV1,
3118,28,Thanh Hoá,27,Huyện Yên Định,143,THPT Yên Định 1 (Trước 04/6/2021),Thị trấn Quán Lào huyện Yên Định,KV2-NT,
3119,28,Thanh Hoá,27,Huyện Yên Định,144,THPT Yên Định 2 (Trước 04/6/2021),Xã Yên Trường huyện Yên Định,KV2-NT,
3120,28,Thanh Hoá,27,Huyện Yên Định,145,THPT Yên Định 3 (Trước 04/6/2021),Xã Yên Tâm huyện Yên Định,KV2-NT,
3121,28,Thanh Hoá,27,Huyện Yên Định,146,THCS-THPT Thống Nhất (Trước 04/6/2021),TT Thống Nhất,KV2-NT,
3122,28,Thanh Hoá,27,Huyện Yên Định,147,THPT Trần Ân Chiêm,"TT Quán Lào, Yên Định",KV2-NT,
3123,28,Thanh Hoá,27,Huyện Yên Định,148,TTGDNN-GDTX Yên Định (Trước 04/6/2021),Thị trấn Quán Lào huyện Yên Định,KV2-NT,
3124,28,Thanh Hoá,28,Thị xã Nghi Sơn (Từ 01/06/2020),154,THPT Tĩnh Gia 1 (Từ 01/06/2020),Phường Hải Hoà TX Nghi Sơn,KV2,
3125,28,Thanh Hoá,28,Thị xã Nghi Sơn (Từ 01/06/2020),155,THPT Tĩnh Gia 2 (Từ 01/06/2020),Phường Hải Ninh TX Nghi Sơn,KV2,
3126,28,Thanh Hoá,28,Thị xã Nghi Sơn (Từ 01/06/2020),156,THPT Tĩnh Gia 3 (Từ 01/06/2020),Phường Tĩnh Hải TX Nghi Sơn,KV2,
3127,28,Thanh Hoá,28,Thị xã Nghi Sơn (Từ 01/06/2020),157,THPT Tĩnh Gia 4 (Từ 01/06/2020),Phường Hải An TX Nghi Sơn,KV2,
3128,28,Thanh Hoá,28,Thị xã Nghi Sơn (Từ 01/06/2020),158,THCS-THPT Nghi Sơn (Từ 01/06/2020),Phường Hải Thượng TX Nghi Sơn,KV2,
3129,28,Thanh Hoá,28,Thị xã Nghi Sơn (Từ 01/06/2020),159,CĐ nghề Nghi Sơn (Từ 01/06/2020),Phường Hải Hoà TX Nghi Sơn,KV2,
3130,28,Thanh Hoá,28,Thị xã Nghi Sơn (Từ 01/06/2020),160,TTGDNN-GDTX TX Nghi Sơn (Từ 01/06/2020),Phường Hải Hoà TX Nghi Sơn,KV2,
3131,28,Thanh Hoá,29,Huyện Vĩnh Lộc (Từ 04/6/2021 không còn xã ĐBKK),165,THPT Vĩnh Lộc (Từ 04/6/2021),Thị trấn Vĩnh Lộc,KV2-NT,
3132,28,Thanh Hoá,29,Huyện Vĩnh Lộc (Từ 04/6/2021 không còn xã ĐBKK),166,THPT Tống Duy Tân (Từ 04/6/2021),Xã Vĩnh Tân huyện Vĩnh Lộc,KV2-NT,
3133,28,Thanh Hoá,29,Huyện Vĩnh Lộc (Từ 04/6/2021 không còn xã ĐBKK),170,TTGDNN-GDTX Vĩnh Lộc (Từ 04/6/2021),Thị trấn Vĩnh Lộc,KV2-NT,
3134,28,Thanh Hoá,30,Huyện Cẩm Thuỷ (Từ 04/6/2021 không còn xã ĐBKK),167,THPT Cẩm Thuỷ 1 (Từ 04/6/2021),Thị trấn Phong Sơn huyện Cẩm Thuỷ,KV1,
3135,28,Thanh Hoá,30,Huyện Cẩm Thuỷ (Từ 04/6/2021 không còn xã ĐBKK),168,THPT Cẩm Thuỷ 2 (Từ 04/6/2021),Xã Cẩm Tân huyện Cẩm Thuỷ,KV2-NT,
3136,28,Thanh Hoá,30,Huyện Cẩm Thuỷ (Từ 04/6/2021 không còn xã ĐBKK),169,THPT Cẩm Thuỷ 3 (Từ 04/6/2021),Xã Cẩm Thạch huyện Cẩm Thuỷ,KV1,
3137,28,Thanh Hoá,30,Huyện Cẩm Thuỷ (Từ 04/6/2021 không còn xã ĐBKK),171,TTGDNN-GDTX Cẩm Thuỷ (Từ 04/6/2021),Thị trấn Phong Sơn huyện Cẩm Thuỷ,KV1,
3138,28,Thanh Hoá,31,Huyện Yên Định (Từ 04/6/2021 không còn xã ĐBKK),172,THPT Yên Định 1 (Từ 04/6/2021),Thị trấn Quán Lào huyện Yên Định,KV2-NT,
3139,28,Thanh Hoá,31,Huyện Yên Định (Từ 04/6/2021 không còn xã ĐBKK),173,THPT Yên Định 2 (Từ 04/6/2021),Xã Yên Trường huyện Yên Định,KV2-NT,
3140,28,Thanh Hoá,31,Huyện Yên Định (Từ 04/6/2021 không còn xã ĐBKK),174,THPT Yên Định 3 (Từ 04/6/2021),Xã Yên Tâm huyện Yên Định,KV2-NT,
3141,28,Thanh Hoá,31,Huyện Yên Định (Từ 04/6/2021 không còn xã ĐBKK),175,THCS-THPT Thống Nhất (Từ 04/6/2021),TT Thống Nhất huyện Yên Định,KV2-NT,
3142,28,Thanh Hoá,31,Huyện Yên Định (Từ 04/6/2021 không còn xã ĐBKK),176,TTGDNN-GDTX Yên ĐỊnh (Từ 04/6/2021),Thị trấn Quán Lào huyện Yên Định,KV2-NT,
3143,28,Thanh Hoá,32,Huyện Thọ Xuân (Từ 04/6/2021 không còn xã ĐBKK),177,THPT Lê Lợi (Từ 04/6/2021),Thị trấn Thọ Xuân,KV2-NT,
3144,28,Thanh Hoá,32,Huyện Thọ Xuân (Từ 04/6/2021 không còn xã ĐBKK),178,THPT Lê Hoàn (Từ 04/6/2021),Xã Xuân Lai huyện Thọ Xuân,KV2-NT,
3145,28,Thanh Hoá,32,Huyện Thọ Xuân (Từ 04/6/2021 không còn xã ĐBKK),179,THPT Lam Kinh (Từ 04/6/2021),Thị trấn Lam Sơn huyện Thọ Xuân,KV2-NT,
3146,28,Thanh Hoá,32,Huyện Thọ Xuân (Từ 04/6/2021 không còn xã ĐBKK),180,THPT Thọ Xuân 4 (Từ 04/6/2021),Xã Thọ Lập Huyện Thọ Xuân,KV2-NT,
3147,28,Thanh Hoá,32,Huyện Thọ Xuân (Từ 04/6/2021 không còn xã ĐBKK),181,THPT Thọ Xuân 5 (Từ 04/6/2021),Xã Thọ Xương Huyện Thọ Xuân,KV2-NT,
3148,28,Thanh Hoá,32,Huyện Thọ Xuân (Từ 04/6/2021 không còn xã ĐBKK),182,TTGDNN-GDTX Thọ Xuân (Từ 04/6/2021),Thị trấn Thọ Xuân,KV2-NT,
3149,28,Thanh Hoá,33,Huyện Nga Sơn (Từ 01/01/2020 không còn xã ĐBKK),183,THPT Ba Đình (Từ 01/01/2020),Thị trấn Nga Sơn,KV2-NT,
3150,28,Thanh Hoá,33,Huyện Nga Sơn (Từ 01/01/2020 không còn xã ĐBKK),184,THPT Mai Anh Tuấn (Từ 01/01/2020),Xã Nga Thành huyện Nga Sơn,KV2-NT,
3151,28,Thanh Hoá,33,Huyện Nga Sơn (Từ 01/01/2020 không còn xã ĐBKK),185,THPT Nga Sơn (Từ 01/01/2020),Xã Nga Trung Huyện Nga Sơn,KV2-NT,
3152,28,Thanh Hoá,33,Huyện Nga Sơn (Từ 01/01/2020 không còn xã ĐBKK),186,TC Nghề Nga Sơn (Từ 01/01/2020),Thị trấn Nga Sơn,KV2-NT,
3153,28,Thanh Hoá,34,Huyện Hoằng Hoá (Từ 01/01/2021 không còn xã ĐBKK),187,THPT Lương Đắc Bằng (Từ 01/01/2021),Thị trấn Bút Sơn huyện Hoằng Hoá,KV2-NT,
3154,28,Thanh Hoá,34,Huyện Hoằng Hoá (Từ 01/01/2021 không còn xã ĐBKK),188,THPT Hoằng Hoá 2 (Từ 01/01/2021),Xã Hoằng Kim huyện Hoằng Hoá,KV2-NT,
3155,28,Thanh Hoá,34,Huyện Hoằng Hoá (Từ 01/01/2021 không còn xã ĐBKK),189,THPT Hoằng Hoá 3 (Từ 01/01/2021),Xã Hoằng Ngọc huyện Hoằng Hoá,KV2-NT,
3156,28,Thanh Hoá,34,Huyện Hoằng Hoá (Từ 01/01/2021 không còn xã ĐBKK),190,THPT Hoằng Hoá 4 (Từ 01/01/2021),Xã Hoằng Thành huyện Hoẳng Hoá,KV2-NT,
3157,28,Thanh Hoá,34,Huyện Hoằng Hoá (Từ 01/01/2021 không còn xã ĐBKK),191,THPT Hoằng Hoá (Từ 01/01/2021),Xã Hoằng Ngọc huyện Hoằng Hoá,KV2-NT,
3158,28,Thanh Hoá,34,Huyện Hoằng Hoá (Từ 01/01/2021 không còn xã ĐBKK),192,TTGDNN-GDTX Hoằng Hoá (Từ 01/01/2021),Xã Hoằng Đạo huyện Hoằng Hoá,KV2-NT,
3159,28,Thanh Hoá,35,Huyện Quảng Xương(Từ 01/01/2018 không còn xã ĐBKK),193,THPT Quảng Xương 1 (Từ 01/01/2018),Thị trấn Tân Phong huyện Quảng Xương,KV2-NT,
3160,28,Thanh Hoá,35,Huyện Quảng Xương(Từ 01/01/2018 không còn xã ĐBKK),194,THPT Quảng Xương 2 (Từ 01/01/2018),Xã Quảng Ngọc huyện Quảng Xương,KV2-NT,
3161,28,Thanh Hoá,35,Huyện Quảng Xương(Từ 01/01/2018 không còn xã ĐBKK),195,THPT Quảng Xương 4 (Từ 01/01/2018),Xã Tiên Trang huyện Quảng Xương,KV2-NT,
3162,28,Thanh Hoá,35,Huyện Quảng Xương(Từ 01/01/2018 không còn xã ĐBKK),196,THPT Đặng Thai Mai (Từ 01/01/2018),Xã Quảng Bình huyện Quảng Xương,KV2-NT,
3163,28,Thanh Hoá,35,Huyện Quảng Xương(Từ 01/01/2018 không còn xã ĐBKK),197,TTGDNN-GDTX Quảng Xương (Từ 01/01/2018),Thị trấn Tân Phong huyện Quảng Xương,KV2-NT,
3164,28,Thanh Hoá,36,TP Sầm Sơn (Từ 01/01/2021 không còn xã ĐBKK),198,THPT Sầm Sơn (Từ 01/01/2021),Phường Trường Sơn TP Sầm Sơn,KV2,
3165,28,Thanh Hoá,36,TP Sầm Sơn (Từ 01/01/2021 không còn xã ĐBKK),199,THPT Nguyễn Thị Lợi (Từ 01/01/2021),Phường Trung Sơn TP Sầm Sơn,KV2,
3166,28,Thanh Hoá,36,TP Sầm Sơn (Từ 01/01/2021 không còn xã ĐBKK),200,THPT Chu Văn An (Từ 01/01/2021),Xã Quảng Minh TP Sầm Sơn,KV2,
3167,28,Thanh Hoá,36,TP Sầm Sơn (Từ 01/01/2021 không còn xã ĐBKK),201,TTGDNN-GDTX Sầm Sơn (Từ 01/01/2021),Phường Trường Sơn TP Sầm Sơn,KV2,
3168,28,Thanh Hoá,37,Huyện Hà Trung (Từ 28/4/2017 không còn xã ĐBKK),202,THPT Hà Trung (Từ 28/4/2017),Xã Hà Bình huyện Hà Trung,KV2-NT,
3169,28,Thanh Hoá,37,Huyện Hà Trung (Từ 28/4/2017 không còn xã ĐBKK),203,THPT Hoàng Lê Kha (Từ 28/4/2017),Thị trấn Hà Trung,KV2-NT,
3170,28,Thanh Hoá,37,Huyện Hà Trung (Từ 28/4/2017 không còn xã ĐBKK),204,TTGDNN-GDTX Hà Trung (Từ 28/4/2017),Thị trấn Hà Trung,KV2-NT,
3171,28,Thanh Hoá,39,Như Thanh (Có Xã không còn ĐBKK),214,THPT Như Thanh,"Khu phố 3, Thị Trấn Bến Sung, Như Thanh, Thanh Hóa",KV2-NT,
3172,28,Thanh Hoá,39,Như Thanh (Có Xã không còn ĐBKK),215,Trung tâm GDNN-GDTX Như Thanh,"Khu phố 2, Thị Trấn Bến Sung, Như Thanh, Thanh Hóa",KV2-NT,
3173,29,Nghệ An,00,Sở Giáo dục và Đào tạo,800,Học ở nước ngoài_29,,KV3,
3174,29,Nghệ An,00,Sở Giáo dục và Đào tạo,900,"Quân nhân, Công an tại ngũ_29",,KV3,
3175,29,Nghệ An,01,Thành phố Vinh,002,THPT Huỳnh Thúc Kháng,"Số 62 Lê Hồng Phong - TP Vinh, Nghệ An",KV2,
3176,29,Nghệ An,01,Thành phố Vinh,003,THPT Hà Huy Tập,"Số 8-Phan Bội Châu - TP Vinh, Nghệ An",KV2,
3177,29,Nghệ An,01,Thành phố Vinh,004,THPT Lê Viết Thuật,"Khối 5 - Phường Trường Thi - TP Vinh, Nghệ An",KV2,
3178,29,Nghệ An,01,Thành phố Vinh,005,THPT Nguyễn Trường Tộ - TP Vinh,"Khối Yên Toàn - Phường Hà Huy Tập - TP Vinh, Nghệ An",KV2,
3179,29,Nghệ An,01,Thành phố Vinh,006,THPT Chuyên Phan Bội Châu,"Số 119 -Lê Hồng Phong - TP Vinh, Nghệ An",KV2,
3180,29,Nghệ An,01,Thành phố Vinh,007,THPT Chuyên - Đại học Vinh,"Đường Lê Duẩn - TP Vinh, Nghệ An",KV2,
3181,29,Nghệ An,01,Thành phố Vinh,008,THPT DTNT Tỉnh,"Số 98 -Mai Hắc Đế - TP Vinh, Nghệ An",KV2,DTNT
3182,29,Nghệ An,01,Thành phố Vinh,009,THPT VTC,Số 83- Ngư Hải,KV2,
3183,29,Nghệ An,01,Thành phố Vinh,010,THPT Nguyễn Huệ,"Số 247B Lê Duẩn - TP Vinh, Nghệ An",KV2,
3184,29,Nghệ An,01,Thành phố Vinh,011,PT Hermann Gmeiner Vinh,"Số 30 -Đường HERMAN - TP Vinh, Nghệ An",KV2,
3185,29,Nghệ An,01,Thành phố Vinh,012,PT năng khiếu TDTT Nghệ An,"Số 98 - Đội Cung - TP. Vinh, Nghệ An",KV2,
3186,29,Nghệ An,01,Thành phố Vinh,013,PT Dân tộc nội trú THPT số 2 Nghệ An,"TP Vinh, Nghệ An",KV2,DTNT
3187,29,Nghệ An,01,Thành phố Vinh,098,THPT Nguyễn Trãi,"Số 9 -Mai Hắc đế , TP Vinh, Nghệ An",KV2,
3188,29,Nghệ An,01,Thành phố Vinh,104,TTGDNN - GDTX TP Vinh,Số 24 – Đường Hoàng Nguyên Hãn – Thành phỗ Vinh – Tỉnh Nghệ An,KV2,
3189,29,Nghệ An,01,Thành phố Vinh,131,CĐ Nghề Kỹ thuật - Công nghiệp Việt Nam - Hàn Quốc,"Nghi phú, Vinh, Nghệ An",KV2,
3190,29,Nghệ An,01,Thành phố Vinh,132,CĐ Nghề Kỹ thuật Việt - Đức,"Hưng Dũng, Tp. Vinh",KV2,
3191,29,Nghệ An,01,Thành phố Vinh,134,TC Nghề Kinh tế - Kỹ thuật Số 1,"TP Vinh, Nghệ An",KV2,
3192,29,Nghệ An,01,Thành phố Vinh,135,TC Nghề Kinh tế - Kỹ thuật - Công nghiệp Vinh,"Tp.Vinh, Nghệ An",KV2,
3193,29,Nghệ An,01,Thành phố Vinh,140,TC Nghề số 4 - Bộ Quốc phòng,"Tp.Vinh, Nghệ An",KV2,
3194,29,Nghệ An,01,Thành phố Vinh,141,TC Nghề Kinh tế - Công nghiệp - Tiểu Thủ CN Nghệ An,"Tp. Vinh, Nghệ An",KV2,
3195,29,Nghệ An,01,Thành phố Vinh,145,TC KT-KT Hồng Lam,"Tp. Vinh, Nghệ An",KV2,
3196,29,Nghệ An,01,Thành phố Vinh,153,Trần Đại Nghĩa,"Số 83-Ngư Hải - TP Vinh, Nghệ An",KV2,
3197,29,Nghệ An,01,Thành phố Vinh,165,Trường Cao đẳng Nghề số 4 - Bộ Quốc phòng,"Số 27, Hoàng Phan Thái, Nghi Phú, TP Vinh",KV2,
3198,29,Nghệ An,01,Thành phố Vinh,166,PT CLC Phượng Hoàng,"Hưng Dũng, TP Vinh, Nghệ An",KV2,
3199,29,Nghệ An,01,Thành phố Vinh,202,TT GDTX TP Vinh,Số 24 – Đường Hoàng Nguyên Hãn – Thành phỗ Vinh – Tỉnh Nghệ An,KV2,
3200,29,Nghệ An,01,Thành phố Vinh,231,Blue Sky Academy,Phường Lê Lợi,KV2,
3201,29,Nghệ An,01,Thành phố Vinh,801,Trường THPT - Khu vực 1,,KV1,
3202,29,Nghệ An,01,Thành phố Vinh,802,Trường THPT - KV2NT,,KV2-NT,
3203,29,Nghệ An,01,Thành phố Vinh,803,Trường THPT - KV2,,KV2,
3204,29,Nghệ An,01,Thành phố Vinh,804,Trường THPT - Khu vực 3,,KV3,
3205,29,Nghệ An,02,Thị xã Cửa Lò,014,THPT Cửa Lò,"TX Cửa Lò, Nghệ An",KV2,
3206,29,Nghệ An,02,Thị xã Cửa Lò,099,THPT Cửa Lò 2,"TX Cửa Lò, Nghệ An",KV2,
3207,29,Nghệ An,02,Thị xã Cửa Lò,105,TTGDTX Số 2,"Thị xã Cửa Lò, Nghệ An",KV2,
3208,29,Nghệ An,02,Thị xã Cửa Lò,133,CĐ Nghề Du lịch - Thương mại Nghệ An,"TX Cửa Lò, Nghệ An",KV2,
3209,29,Nghệ An,03,Huyện Quỳ Châu,016,THPT Quỳ Châu,"Thị trấn Tân Lạc - Huyện Quỳ Châu, Nghệ An",KV1,
3210,29,Nghệ An,03,Huyện Quỳ Châu,106,TTGDTX Quỳ Châu,"Thị trấn Tân Lạc, Nghệ An",KV1,
3211,29,Nghệ An,03,Huyện Quỳ Châu,152,TT GDNN- GDTX Quỳ Châu,"Thị trấn Tân Lạc, Nghệ An",KV1,
3212,29,Nghệ An,04,Huyện Quỳ Hợp,017,THPT Quỳ Hợp 2,"Xã Tam Hợp, Quỳ Hợp, Nghệ An",KV1,
3213,29,Nghệ An,04,Huyện Quỳ Hợp,018,THPT Quỳ Hợp (Trước 04/6/2021),"Thị trấn Quỳ Hợp , Nghệ An",KV1,
3214,29,Nghệ An,04,Huyện Quỳ Hợp,101,THPT Quỳ Hợp 3,"Xã Châu Quang. Quỳ Hợp, Nghệ An",KV1,
3215,29,Nghệ An,04,Huyện Quỳ Hợp,107,TTGDTX Quỳ Hợp,"Thị trấn Quỳ Hợp, Nghệ An",KV1,
3216,29,Nghệ An,04,Huyện Quỳ Hợp,155,TTGDNN-GDTX Quỳ Hợp (Trước 04/6/2021),"TT Quì Hợp, Nghệ An",KV1,
3217,29,Nghệ An,04,Huyện Quỳ Hợp,206,THPT Quỳ Hợp (Từ 04/6/2021),"Thị trấn Quỳ Hợp , Nghệ An",KV2-NT,
3218,29,Nghệ An,04,Huyện Quỳ Hợp,207,TTGDNN-GDTX Quỳ Hợp (Từ 04/6/2021),"TT Quì Hợp, Nghệ An",KV2-NT,
3219,29,Nghệ An,05,Huyện Nghĩa Đàn,024,THPT 1-5 (Trước 04/6/2021),"Khối Tân Hòa, Thị trấn Nghĩa Đàn, Nghĩa Đàn, Nghệ An",KV1,
3220,29,Nghệ An,05,Huyện Nghĩa Đàn,026,THPT Cờ Đỏ (Trước 04/6/2021),"Xã Nghĩa Hồng, Nghĩa Đàn, Nghệ An",KV1,
3221,29,Nghệ An,05,Huyện Nghĩa Đàn,108,TTGDTX Nghĩa Đàn,"Thị trấn Nghĩa Đàn, Nghệ An",KV1,
3222,29,Nghệ An,05,Huyện Nghĩa Đàn,156,TTGDNN-GDTX Nghĩa Đàn (Trước 04/6/2021),"Thị trấn Nghĩa Đàn, Nghệ An",KV1,
3223,29,Nghệ An,05,Huyện Nghĩa Đàn,208,THPT 1-5 (Từ 04/6/2021),"Xã Nghĩa Bình, Nghĩa Đàn, Nghĩa Đàn, Nghệ An",KV2-NT,
3224,29,Nghệ An,05,Huyện Nghĩa Đàn,209,THPT Cờ Đỏ (Từ 04/6/2021),"Xã Nghĩa Hồng, Nghĩa Đàn, Nghệ An",KV2-NT,
3225,29,Nghệ An,05,Huyện Nghĩa Đàn,210,TTGDNN-GDTX Nghĩa Đàn (Từ 04/6/2021),"Thị trấn Nghĩa Đàn, Nghệ An",KV2-NT,
3226,29,Nghệ An,06,Huyện Quỳnh Lưu,029,THPT Quỳnh Lưu 1,"Xã Quỳnh Hồng, Quỳnh Lưu , Nghệ An",KV2-NT,
3227,29,Nghệ An,06,Huyện Quỳnh Lưu,030,THPT Quỳnh Lưu 2,"Xã Quỳnh Văn, Quỳnh Lưu , Nghệ An",KV2-NT,
3228,29,Nghệ An,06,Huyện Quỳnh Lưu,031,THPT Quỳnh Lưu 3,"Xã Quỳnh Lương, Quỳnh Lưu, Nghệ An",KV2-NT,
3229,29,Nghệ An,06,Huyện Quỳnh Lưu,032,THPT Quỳnh Lưu 4 (Trước 04/6/2021),"Xã Quỳnh Châu, Quỳnh Lưu , Nghệ An",KV1,
3230,29,Nghệ An,06,Huyện Quỳnh Lưu,033,THPT Nguyễn Đức Mậu,"Xã Sơn Hải, Quỳnh Lưu , Nghệ An",KV2-NT,
3231,29,Nghệ An,06,Huyện Quỳnh Lưu,035,THPT Cù Chính Lan,"Xã Quỳnh Bá, Quỳnh Lưu, Nghệ An",KV2-NT,
3232,29,Nghệ An,06,Huyện Quỳnh Lưu,102,THPT Lý Tự Trọng,"Thị trấn Cầu Giát, Quỳnh Lưu, Nghệ An",KV2-NT,
3233,29,Nghệ An,06,Huyện Quỳnh Lưu,109,TTGDNN - GDTX Quỳnh Lưu,"Thị trấn Giát, Quỳnh Lưu, Nghệ An",KV2-NT,
3234,29,Nghệ An,06,Huyện Quỳnh Lưu,138,TC Nghề Kinh tế - Kỹ thuật Bắc Nghệ An,"Quỳnh Lưu, Nghệ An",KV2-NT,
3235,29,Nghệ An,06,Huyện Quỳnh Lưu,204,TTGDTX Quỳnh Lưu,"Thị trấn Giát, Quỳnh Lưu, Nghệ An",KV2-NT,
3236,29,Nghệ An,06,Huyện Quỳnh Lưu,211,THPT Quỳnh Lưu 4 (Từ 04/6/2021),"Xã Quỳnh Châu, Quỳnh Lưu , Nghệ An",KV2-NT,
3237,29,Nghệ An,07,Huyện Kỳ Sơn,037,THPT Kỳ Sơn,"Thị trấn Mường xén, Nghệ An",KV1,
3238,29,Nghệ An,07,Huyện Kỳ Sơn,110,TTGDTX Kỳ Sơn,"Thị trấn Mường Xén, Kỳ Sơn , Nghệ An",KV1,
3239,29,Nghệ An,07,Huyện Kỳ Sơn,157,TTGDNN-GDTX Kỳ Sơn,"Thị Trấn Mường Xén, Kỳ Sơn, Nghệ An",KV1,
3240,29,Nghệ An,08,Huyện Tương Dương,039,THPT Tương Dương 1,"Thị trấn Thạch Giám, Tương Dương, Nghệ An",KV1,
3241,29,Nghệ An,08,Huyện Tương Dương,040,THPT Tương Dương 2,"Xã Tam Quang, Tương Dương , Nghệ An",KV1,
3242,29,Nghệ An,08,Huyện Tương Dương,111,TTGDTX Tương Dương,"Thị trấn Hoà Bình, Tương Dương, Nghệ An",KV1,
3243,29,Nghệ An,08,Huyện Tương Dương,158,TTGDNN-GDTX Tương Dương,"Thị trấn Thạch Giám, Tương Dương, Nghệ An",KV1,
3244,29,Nghệ An,09,Huyện Con Cuông,042,THPT Con Cuông (Trước 04/6/2021),"Thị trấn Con cuông, Con Cuông , Nghệ An",KV1,
3245,29,Nghệ An,09,Huyện Con Cuông,043,THPT Mường Quạ,"Xã Môn Sơn, Con Cuông , Nghệ An",KV1,
3246,29,Nghệ An,09,Huyện Con Cuông,112,TTGDTX Con Cuông (Trước 04/6/2021),"Thị trấn Con Cuông , Nghệ An",KV1,
3247,29,Nghệ An,09,Huyện Con Cuông,142,TC Nghề Dân tộc - Miền núi Nghệ An,"Bồng Khê, Con Cuông, Nghệ An",KV1,
3248,29,Nghệ An,09,Huyện Con Cuông,212,THPT Con Cuông (Từ 04/6/2021),"Thị trấn Con cuông, Con Cuông , Nghệ An",KV2-NT,
3249,29,Nghệ An,09,Huyện Con Cuông,213,TTGDTX Con Cuông (Từ 04/6/2021),"Thị trấn Con Cuông , Nghệ An",KV2-NT,
3250,29,Nghệ An,10,Huyện Tân Kỳ,044,THPT Tân Kỳ (Trước 04/6/2021),"Thị trấn Tân Kỳ, Tân Kỳ , Nghệ An",KV1,
3251,29,Nghệ An,10,Huyện Tân Kỳ,045,THPT Lê Lợi,"Xã Tân Phú,Tân Kỳ, Nghệ An",KV1,
3252,29,Nghệ An,10,Huyện Tân Kỳ,047,THPT Tân Kỳ 3 (Trước 04/6/2021),"Xã Tân An, Tân kỳ , Nghệ An",KV1,
3253,29,Nghệ An,10,Huyện Tân Kỳ,113,TTGDTX Tân Kỳ,"Xã Kỳ Sơn, Tân kỳ , Nghệ An",KV1,
3254,29,Nghệ An,10,Huyện Tân Kỳ,159,TTGDNN-GDTX Tân Kỳ (Trước 04/6/2021),"Xã Kỳ Sơn, Tân Kỳ, Nghệ An",KV1,
3255,29,Nghệ An,10,Huyện Tân Kỳ,214,THPT Tân Kỳ (Từ 04/6/2021),"Thị trấn Tân Kỳ, Tân Kỳ , Nghệ An",KV2-NT,
3256,29,Nghệ An,10,Huyện Tân Kỳ,215,THPT Tân Kỳ 3 (Từ 04/6/2021),"Xã Tân An, Tân kỳ , Nghệ An",KV2-NT,
3257,29,Nghệ An,10,Huyện Tân Kỳ,216,TTGDNN-GDTX Tân Kỳ (Từ 04/6/2021),"Xã Kỳ Sơn, Tân Kỳ, Nghệ An",KV2-NT,
3258,29,Nghệ An,11,Huyện Yên Thành (Trước 04/6/2021 có xã ĐBKK),048,THPT Yên Thành 2,"Xã Bắc Thành, Yên Thành, Nghệ An",KV2-NT,
3259,29,Nghệ An,11,Huyện Yên Thành (Trước 04/6/2021 có xã ĐBKK),049,THPT Phan Thúc Trực,"Xã Công Thành, Yên Thành , Nghệ An",KV2-NT,
3260,29,Nghệ An,11,Huyện Yên Thành (Trước 04/6/2021 có xã ĐBKK),050,THPT Bắc Yên Thành (Trước 04/6/2021),"Xã Lăng Thành, Yên Thành , Nghệ An",KV1,
3261,29,Nghệ An,11,Huyện Yên Thành (Trước 04/6/2021 có xã ĐBKK),051,THPT Lê Doãn Nhã,"Thị trấn Yên Thành, Yên Thành , Nghệ An",KV2-NT,
3262,29,Nghệ An,11,Huyện Yên Thành (Trước 04/6/2021 có xã ĐBKK),052,THPT Yên Thành 3 (Trước 04/6/2021),"Xã Quang Thành, Yên Thành , Nghệ An",KV1,
3263,29,Nghệ An,11,Huyện Yên Thành (Trước 04/6/2021 có xã ĐBKK),054,THPT Phan Đăng Lưu,"Thị trấn yên Thành , Nghệ An",KV2-NT,
3264,29,Nghệ An,11,Huyện Yên Thành (Trước 04/6/2021 có xã ĐBKK),100,THPT Trần Đình Phong,"Xã Thọ Thành, Yên Thành, Nghệ An",KV2-NT,
3265,29,Nghệ An,11,Huyện Yên Thành (Trước 04/6/2021 có xã ĐBKK),114,TTGDTX Yên Thành,"Thị trấn yên Thành , Nghệ An",KV2-NT,
3266,29,Nghệ An,11,Huyện Yên Thành (Trước 04/6/2021 có xã ĐBKK),127,THPT Nam Yên Thành,"Xã Bảo Thành, Yên Thành, Nghệ An",KV2-NT,
3267,29,Nghệ An,11,Huyện Yên Thành (Trước 04/6/2021 có xã ĐBKK),137,TC Nghề Kỹ thuật Công - Nông nghiệp Yên Thành,"Yên Thành, Nghệ An",KV2-NT,
3268,29,Nghệ An,11,Huyện Yên Thành (Trước 04/6/2021 có xã ĐBKK),232,TT GDNN-GDTX Yên Thành,"Khối 3 - Thị Trấn Yên Thành, Huyện Yên Thành, Tỉnh Nghệ An",KV2-NT,
3269,29,Nghệ An,12,Huyện Diễn Châu (Trước 15/3/2022 có xã ĐBKK),055,THPT Diễn Châu 2,"Xã Diễn Hồng, Diễn châu , Nghệ An",KV2-NT,
3270,29,Nghệ An,12,Huyện Diễn Châu (Trước 15/3/2022 có xã ĐBKK),056,THPT Diễn Châu 3,"Xã Diễn Xuân, Diễn Châu, Nghệ An",KV2-NT,
3271,29,Nghệ An,12,Huyện Diễn Châu (Trước 15/3/2022 có xã ĐBKK),057,THPT Diễn Châu 4,"Xã Diễn Mỹ, Diễn châu , Nghệ An",KV2-NT,
3272,29,Nghệ An,12,Huyện Diễn Châu (Trước 15/3/2022 có xã ĐBKK),058,THPT Nguyễn Văn Tố,"Xã Diễn Phong, Diễn Châu , Nghệ An",KV2-NT,
3273,29,Nghệ An,12,Huyện Diễn Châu (Trước 15/3/2022 có xã ĐBKK),059,THPT Ngô Trí Hoà,"Thị trấn Diễn Châu , Nghệ An",KV2-NT,
3274,29,Nghệ An,12,Huyện Diễn Châu (Trước 15/3/2022 có xã ĐBKK),061,THPT Nguyễn Xuân Ôn,"Thị trấn Diễn Châu , Nghệ An",KV2-NT,
3275,29,Nghệ An,12,Huyện Diễn Châu (Trước 15/3/2022 có xã ĐBKK),062,THPT Diễn Châu 5,"Xã Diễn Thọ, Diễn Châu , Nghệ An",KV2-NT,
3276,29,Nghệ An,12,Huyện Diễn Châu (Trước 15/3/2022 có xã ĐBKK),103,THPT Quang Trung,"Xã Diễn Kỷ, Diễn Châu, Nghệ An",KV2-NT,
3277,29,Nghệ An,12,Huyện Diễn Châu (Trước 15/3/2022 có xã ĐBKK),115,TTGDTX Diễn Châu,"Thị trấn Diễn Châu, Nghệ An",KV2-NT,
3278,29,Nghệ An,12,Huyện Diễn Châu (Trước 15/3/2022 có xã ĐBKK),129,THPT Nguyễn Du,"Xã Diễn Yên, Diễn Châu, Nghệ An",KV2-NT,
3279,29,Nghệ An,12,Huyện Diễn Châu (Trước 15/3/2022 có xã ĐBKK),154,Trung tâm GDNN- GDTX Diễn Châu,"Thị trấn Diễn Châu, Nghệ An",KV2-NT,
3280,29,Nghệ An,13,Huyện Anh Sơn,063,THPT Anh Sơn 3 (Trước 04/6/2021),"Xã Đỉnh Sơn, Anh Sơn , Nghệ An",KV1,
3281,29,Nghệ An,13,Huyện Anh Sơn,064,THPT Anh Sơn 1 (Trước 04/6/2021),"Xã Thạch Sơn, Anh Sơn , Nghệ An",KV1,
3282,29,Nghệ An,13,Huyện Anh Sơn,065,THPT Anh Sơn 2 (Trước 04/6/2021),"Xã Lĩnh Sơn , Anh Sơn , Nghệ An",KV1,
3283,29,Nghệ An,13,Huyện Anh Sơn,116,TTGDTX Anh Sơn,"Thị trấn Anh Sơn , Nghệ An",KV1,
3284,29,Nghệ An,13,Huyện Anh Sơn,161,TTGDNN-GDTX Anh Sơn (Trước 04/6/2021),"Thị trấn Anh Sơn , Nghệ An",KV1,
3285,29,Nghệ An,13,Huyện Anh Sơn,219,THPT Anh Sơn 3 (Từ 04/6/2021),"Xã Đỉnh Sơn, Anh Sơn , Nghệ An",KV2-NT,
3286,29,Nghệ An,13,Huyện Anh Sơn,220,THPT Anh Sơn 1 (Từ 04/6/2021),"Xã Thạch Sơn, Anh Sơn , Nghệ An",KV2-NT,
3287,29,Nghệ An,13,Huyện Anh Sơn,221,THPT Anh Sơn 2 (Từ 04/6/2021),"Xã Lĩnh Sơn , Anh Sơn , Nghệ An",KV2-NT,
3288,29,Nghệ An,13,Huyện Anh Sơn,222,TTGDNN-GDTX Anh Sơn (Từ 04/6/2021),"Thị trấn Anh Sơn , Nghệ An",KV2-NT,
3289,29,Nghệ An,14,Huyện Đô Lương,067,THPT Đô Lương 3,"Xã Quang Sơn, Đô Lương , Nghệ An",KV2-NT,
3290,29,Nghệ An,14,Huyện Đô Lương,068,THPT Đô Lương 1,"Xã Đà Sơn, Đô Lương , Nghệ An",KV2-NT,
3291,29,Nghệ An,14,Huyện Đô Lương,069,THPT Đô Lương 2 (Trước 04/6/2021),"Xã Lam Sơn. Đô Lương , Nghệ An",KV1,
3292,29,Nghệ An,14,Huyện Đô Lương,071,THPT Văn Tràng,"Xã Văn Sơn, Đô Lương , Nghệ An",KV2-NT,
3293,29,Nghệ An,14,Huyện Đô Lương,072,THPT Duy Tân,"Xã Tân Sơn, Đô Lương , Nghệ An",KV2-NT,
3294,29,Nghệ An,14,Huyện Đô Lương,117,TTGDNN - GDTX Đô Lương,"Xã Đà Sơn, Đô Lương , Nghệ An",KV2-NT,
3295,29,Nghệ An,14,Huyện Đô Lương,128,THPT Đô Lương 4,"Xã Hiến Sơn, Đô Lương, Nghệ An",KV2-NT,
3296,29,Nghệ An,14,Huyện Đô Lương,139,TC Nghề Kinh tế - Kỹ thuật Đô Lương,"Đô Lương, Nghệ An",KV2-NT,
3297,29,Nghệ An,14,Huyện Đô Lương,201,TT GDTX Đô Lương,Thị trấn Đô Lương,KV2-NT,
3298,29,Nghệ An,14,Huyện Đô Lương,223,THPT Đô Lương 2 (Từ 04/6/2021),"Xã Lam Sơn. Đô Lương , Nghệ An",KV2-NT,
3299,29,Nghệ An,15,Huyện Thanh Chương,073,THPT Thanh Chương 3 (Trước 04/6/2021),"Xã Phong Thịnh, Thanh Chương, Nghệ An",KV1,
3300,29,Nghệ An,15,Huyện Thanh Chương,074,THPT Nguyễn Sỹ Sách (Trước 04/6/2021),"Xã Thanh Dương, Thanh Chương , Nghệ An",KV1,
3301,29,Nghệ An,15,Huyện Thanh Chương,075,THPT Đặng Thúc Hứa (Trước 04/6/2021),"Xã Võ Liệt, Thanh Chương, Nghệ An",KV1,
3302,29,Nghệ An,15,Huyện Thanh Chương,076,THPT Nguyễn Cảnh Chân,"Thị trấn Thanh Chương, Thanh Chương, Nghệ An",KV2-NT,
3303,29,Nghệ An,15,Huyện Thanh Chương,078,THPT Thanh Chương 1,"Thị trấn Thanh Chương, Thanh Chương, Nghệ An",KV2-NT,
3304,29,Nghệ An,15,Huyện Thanh Chương,079,THPT Đặng Thai Mai,"Xã Thanh Giang, Thanh Chương, Nghệ An",KV2-NT,
3305,29,Nghệ An,15,Huyện Thanh Chương,118,TTGDTX Thanh Chương,"Thị trấn Dùng, Thanh Chương, Nghệ An",KV2-NT,
3306,29,Nghệ An,15,Huyện Thanh Chương,123,THPT Cát Ngạn (Trước 04/6/2021),"Xã Thanh liên, Thanh Chương, Nghệ An",KV1,
3307,29,Nghệ An,15,Huyện Thanh Chương,162,TTGDNN-GDTX Thanh Chương,"Thị trấn Thanh Chương, Thanh Chương, Nghệ An",KV2-NT,
3308,29,Nghệ An,15,Huyện Thanh Chương,224,THPT Thanh Chương 3 (Từ 04/6/2021),"Xã Phong Thịnh, Thanh Chương, Nghệ An",KV2-NT,
3309,29,Nghệ An,15,Huyện Thanh Chương,225,THPT Nguyễn Sỹ Sách (Từ 04/6/2021),"Xã Thanh Dương, Thanh Chương , Nghệ An",KV2-NT,
3310,29,Nghệ An,15,Huyện Thanh Chương,226,THPT Đặng Thúc Hứa (Từ 04/6/2021),"Xã Võ Liệt, Thanh Chương, Nghệ An",KV2-NT,
3311,29,Nghệ An,15,Huyện Thanh Chương,227,THPT Cát Ngạn (Từ 04/6/2021),"Xã Thanh liên, Thanh Chương, Nghệ An",KV2-NT,
3312,29,Nghệ An,16,Huyện Nghi Lộc (Từ 01/01/2020 không có xã ĐBKK),080,THPT Nghi Lộc 3,"Xã Nghi Xuân, Nghi Lộc, Nghệ An",KV2-NT,
3313,29,Nghệ An,16,Huyện Nghi Lộc (Từ 01/01/2020 không có xã ĐBKK),081,THPT Nguyễn Duy Trinh,"Thị trấn Quán Hành, Nghi Lộc, Nghệ An",KV2-NT,
3314,29,Nghệ An,16,Huyện Nghi Lộc (Từ 01/01/2020 không có xã ĐBKK),082,THPT Nghi Lộc 2,"Xã Nghi Mỹ, Nghi Lộc, Nghệ An",KV2-NT,
3315,29,Nghệ An,16,Huyện Nghi Lộc (Từ 01/01/2020 không có xã ĐBKK),084,THPT Nguyễn Thức Tự,"Thị trấn Quán Hành, Nghi Lộc, Nghệ An",KV2-NT,
3316,29,Nghệ An,16,Huyện Nghi Lộc (Từ 01/01/2020 không có xã ĐBKK),085,THPT Nghi Lộc 4,"Xã Nghi Xá, Nghi Lộc, Nghệ An",KV2-NT,
3317,29,Nghệ An,16,Huyện Nghi Lộc (Từ 01/01/2020 không có xã ĐBKK),119,TTGDNN - GDTX Nghi Lộc,"Thị trấn Quán Hành, Nghi Lộc, Nghệ An",KV2-NT,
3318,29,Nghệ An,16,Huyện Nghi Lộc (Từ 01/01/2020 không có xã ĐBKK),126,THPT Nghi Lộc 5 (Trước 04/6/2021),"Xã Nghi Lâm, Nghi lộc, Nghệ An",KV1,
3319,29,Nghệ An,16,Huyện Nghi Lộc (Từ 01/01/2020 không có xã ĐBKK),143,TC Nghề Kinh tế - Kỹ thuật Nghi Lộc,"Nghi Lộc, Nghệ An",KV2-NT,
3320,29,Nghệ An,16,Huyện Nghi Lộc (Từ 01/01/2020 không có xã ĐBKK),203,TT GDTX Nghi Lộc,"Thị trấn Quán Hành, Nghi Lộc, Nghệ An",KV2-NT,
3321,29,Nghệ An,16,Huyện Nghi Lộc (Từ 01/01/2020 không có xã ĐBKK),228,THPT Nghi Lộc 5 (Từ 04/6/2021),"Xã Nghi Lâm, Nghi lộc, Nghệ An",KV2-NT,
3322,29,Nghệ An,17,Huyện Nam Đàn,087,THPT Nam Đàn 1 (Từ 01/01/2020 đến 03/6/2021),"Thị trấn Nam Đàn, Nam Đàn, Nghệ An",KV1,
3323,29,Nghệ An,17,Huyện Nam Đàn,088,THPT Nam Đàn 2,"Xã Trung Phúc Cường, Nam Đàn, Nghệ An",KV2-NT,
3324,29,Nghệ An,17,Huyện Nam Đàn,089,THPT Kim Liên,"Xã Kim Liên, Nam Đàn , Nghệ An",KV2-NT,
3325,29,Nghệ An,17,Huyện Nam Đàn,090,THPT Sào Nam,"Xã Xuân Hoà, Nam Đàn, Nghệ An",KV2-NT,
3326,29,Nghệ An,17,Huyện Nam Đàn,120,TTGDTX Nam Đàn,"Xã Kim Liên , Nghệ An",KV2-NT,
3327,29,Nghệ An,17,Huyện Nam Đàn,124,THPT Mai Hắc Đế,"Xã Hùng Tiến, Nam Đàn, Nghệ An",KV2-NT,
3328,29,Nghệ An,17,Huyện Nam Đàn,130,Trường Quân sự Quân khu 4,"Nam Anh, Nam Đàn, Nghệ An",KV2-NT,
3329,29,Nghệ An,17,Huyện Nam Đàn,160,TTGDNN-GDTX Nam Đàn,"Xã Kim Liên, Nam Đàn , Nghệ An",KV2-NT,
3330,29,Nghệ An,17,Huyện Nam Đàn,205,THPT Nam Đàn 1 (Trước 01/01/2020),Thị trấn Nam Đàn,KV2-NT,
3331,29,Nghệ An,17,Huyện Nam Đàn,229,THPT Nam Đàn 1 (Từ 04/6/2021),"Thị trấn Nam Đàn, Nam Đàn, Nghệ An",KV2-NT,
3332,29,Nghệ An,18,Huyện Hưng Nguyên,092,THPT Lê Hồng Phong,"Xã Hưng Thông, Hưng Nguyên, Nghệ An",KV2-NT,
3333,29,Nghệ An,18,Huyện Hưng Nguyên,093,THPT Phạm Hồng Thái,"Xã Hưng Châu, Hưng Nguyên, Nghệ An",KV2-NT,
3334,29,Nghệ An,18,Huyện Hưng Nguyên,094,THPT Thái Lão,"Thị trấn Hưng Nguyên, Nghệ An",KV2-NT,
3335,29,Nghệ An,18,Huyện Hưng Nguyên,095,THPT Đinh Bạt Tụy,"Xã Hưng Tân, Hưng Nguyên, Nghệ An",KV2-NT,
3336,29,Nghệ An,18,Huyện Hưng Nguyên,121,TTGDTX Hưng Nguyên,"Thị trấn Hưng Nguyên, Nghệ An",KV2-NT,
3337,29,Nghệ An,18,Huyện Hưng Nguyên,125,THPT Nguyễn Trường Tộ,"Xã Hưng Trung, Hưng Nguyên, Nghệ An",KV2-NT,
3338,29,Nghệ An,18,Huyện Hưng Nguyên,163,TTGDNN-GDTX Hưng Nguyên,"Thị trấn Hưng Nguyên, Nghệ An",KV2-NT,
3339,29,Nghệ An,19,Huyện Quế Phong,097,THPT Quế Phong,"Thị trấn Kim Sơn, Quế Phong, Nghệ An",KV1,
3340,29,Nghệ An,19,Huyện Quế Phong,122,TTGDTX Quế Phong,"Xã Mường Nọc, Quế Phong , Nghệ An",KV1,
3341,29,Nghệ An,19,Huyện Quế Phong,164,TTGDNN-GDTX Quế Phong,"Xã Mường Nọc, Nghệ An",KV1,
3342,29,Nghệ An,20,Thị Xã Thái Hòa,020,THPT Sông Hiếu,"TX Thái Hòa, Nghệ An",KV2,
3343,29,Nghệ An,20,Thị Xã Thái Hòa,021,THPT Đông Hiếu,"Xã Nghĩa Thuận, TX Thái Hòa, Nghệ An",KV2,
3344,29,Nghệ An,20,Thị Xã Thái Hòa,023,THPT Thái Hoà,"Thị xã Thái Hoà, Nghệ An",KV2,
3345,29,Nghệ An,20,Thị Xã Thái Hòa,025,THPT Tây Hiếu (Trước 04/6/2021),"Xã Tây Hiếu, TX. Thái Hòa , Nghệ An",KV1,
3346,29,Nghệ An,20,Thị Xã Thái Hòa,136,TC Nghề Kinh tế - Kỹ thuật Miền Tây,"Long Sơn, TX Thái Hòa, Nghệ An",KV1,
3347,29,Nghệ An,20,Thị Xã Thái Hòa,144,TTGDNN - GDTX Thái Hòa,"Phường Quang Tiến, TX Thái Hòa , Nghệ An",KV1,
3348,29,Nghệ An,20,Thị Xã Thái Hòa,200,TTGDTX Thái Hòa,"Phường Quang Tiến, TX Thái Hòa , Nghệ An",KV1,
3349,29,Nghệ An,20,Thị Xã Thái Hòa,230,THPT Tây Hiếu (Từ 04/6/2021),"Xã Tây Hiếu, TX. Thái Hòa , Nghệ An",KV2,
3350,29,Nghệ An,21,Thị Xã Hoàng Mai,027,THPT Bắc Quỳnh Lưu,"Xã Quỳnh Xuân, Tx. Hoàng Mai, Nghệ An",KV2,
3351,29,Nghệ An,21,Thị Xã Hoàng Mai,034,THPT Hoàng Mai,"Phường Quỳnh Thiện, Tx. Hoàng Mai, Nghệ An",KV2,
3352,29,Nghệ An,21,Thị Xã Hoàng Mai,036,THPT Hoàng Mai 2,"Phường Quỳnh Xuân, Tx. Hoàng Mai, Nghệ An",KV2,
3353,29,Nghệ An,21,Thị Xã Hoàng Mai,150,THPT Bắc Quỳnh Lưu (trước năm 2013),"Xã Quỳnh Xuân, Tx. Hoàng Mai, Nghệ An",KV2-NT,
3354,29,Nghệ An,21,Thị Xã Hoàng Mai,151,THPT Hoàng Mai (trước năm 2013),"Xã Quỳnh Thiện, Tx. Hoàng Mai, Nghệ An",KV2-NT,
3355,29,Nghệ An,24,Huyện Yên Thành (Từ 04/6/2021 không có xã ĐBKK),217,THPT Bắc Yên Thành (Từ 04/6/2021),"Xã Lăng Thành, Yên Thành , Nghệ An",KV2-NT,
3356,29,Nghệ An,24,Huyện Yên Thành (Từ 04/6/2021 không có xã ĐBKK),218,THPT Yên Thành 3 (Từ 04/6/2021),"Xã Quang Thành, Yên Thành , Nghệ An",KV2-NT,
3357,30,Hà Tĩnh,00,Sở Giáo dục và Đào tạo,800,Học ở nước ngoài_30,"Số 105, Phan Đình Phùng, THP Hà Tĩnh",KV3,
3358,30,Hà Tĩnh,00,Sở Giáo dục và Đào tạo,900,"Quân nhân, Công an tại ngũ_30",Thành phố Hà Tĩnh,KV3,
3359,30,Hà Tĩnh,01,Thành phố Hà Tĩnh,000,Sở GDĐT Hà Tĩnh,"Số 105, đường Phan Đình Phùng, Phường Tân Giang, TP Hà Tĩnh",KV2,
3360,30,Hà Tĩnh,01,Thành phố Hà Tĩnh,009,Trung tâm BDNVSP và GDTX tỉnh Hà Tĩnh,"Số 52, đường Lê Hồng Phong, phường Thạch Linh, TP Hà Tĩnh",KV2,
3361,30,Hà Tĩnh,01,Thành phố Hà Tĩnh,010,THPT Phan Đình Phùng,"Số 01, Ngõ 455, đường Trần Phú, TP Hà Tĩnh",KV2,
3362,30,Hà Tĩnh,01,Thành phố Hà Tĩnh,011,THPT ISCHOOL Hà Tĩnh,"Khối Phố Trung Lân, Đường Nguyễn Du, Phường Thạch Quý, TP Hà Tĩnh",KV2,
3363,30,Hà Tĩnh,01,Thành phố Hà Tĩnh,040,THPT Chuyên Hà Tĩnh,"Đường Hà Hoàng, Phường Thạch Trung, Thành phố Hà Tĩnh",KV2,
3364,30,Hà Tĩnh,01,Thành phố Hà Tĩnh,052,Trung tâm DN-HN và GDTX TP Hà Tĩnh,"Phường Thạch Linh, TP Hà Tĩnh",KV2,
3365,30,Hà Tĩnh,01,Thành phố Hà Tĩnh,058,THPT Thành Sen,"Phường Thạch Trung, Thành phố Hà Tĩnh",KV2,
3366,30,Hà Tĩnh,01,Thành phố Hà Tĩnh,059,Cao đẳng Công nghệ Hà Tĩnh,KM 509 + 500 - QL 1A. Xóm Thanh Phú Xã Thạch Trung - TP Hà Tĩnh,KV2,
3367,30,Hà Tĩnh,01,Thành phố Hà Tĩnh,060,Trung cấp Nghề Hà Tĩnh,"Số 454 Hà Huy Tập, TP Hà Tĩnh, Tĩnh Hà Tĩnh",KV2,
3368,30,Hà Tĩnh,01,Thành phố Hà Tĩnh,061,Cao đẳng Kỹ thuật Việt - Đức Hà Tĩnh,"Số 371, đường Nguyễn Công Trứ, Phường Nguyễn Du, thành phố Hà Tĩnh",KV2,
3369,30,Hà Tĩnh,01,Thành phố Hà Tĩnh,066,"Tiểu học, THCS và THPT Đại học Hà Tĩnh","Số 447, đường 26/3, phường Đại Nài, thành phố Hà Tĩnh",KV2,
3370,30,Hà Tĩnh,01,Thành phố Hà Tĩnh,069,"Tiểu học, THCS và THPT ISCHOOL Hà Tĩnh","Ngõ 377, đường Nguyễn Du, khối phố Trung Lân, phường Thạch Quý, TP Hà Tĩnh",KV2,
3371,30,Hà Tĩnh,01,Thành phố Hà Tĩnh,075,Cao đẳng nghề Việt Đức Hà Tĩnh,"Số 371, đường Nguyễn Công Trứ, Phường Nguyễn Du, thành phố Hà Tĩnh",KV2,
3372,30,Hà Tĩnh,01,Thành phố Hà Tĩnh,088,Trung tâm GDNN - GDTX Kỳ Anh (CĐCN-CS1),"412B đường Trần Phú- Thạch Trung - Thành Phố Hà Tĩnh , tỉnh Hà Tĩnh",KV2,
3373,30,Hà Tĩnh,01,Thành phố Hà Tĩnh,090,Trung tâm GDNN - GDTX Thạch Hà (CĐKTVĐ),"Số 371, đường Nguyễn Công Trứ, Phường Nguyễn Du, thành phố Hà Tĩnh",KV2,
3374,30,Hà Tĩnh,01,Thành phố Hà Tĩnh,143,Trung tâm GDTX tỉnh Hà Tĩnh,"Số 52, đường Lê Hồng Phong, thành phố Hà Tĩnh",KV2,
3375,30,Hà Tĩnh,01,Thành phố Hà Tĩnh,144,Trung tâm GDTX tỉnh Hà Tĩnh (TCN1),"Số 454, đường Hà Huy Tập, thành phố Hà Tĩnh",KV2,
3376,30,Hà Tĩnh,01,Thành phố Hà Tĩnh,148,Trung tâm GDTX tỉnh Hà Tĩnh (CĐKTVĐ),"Phường Bắc Hà, thành phố Hà Tĩnh",KV2,
3377,30,Hà Tĩnh,01,Thành phố Hà Tĩnh,149,"Tiểu học, THCS và THPT Albert Einstein","Ngõ151, đường Vũ Quang, khối phố Hòa Linh, phường Trần Phú, thành phố Hà Tĩnh",KV2,
3378,30,Hà Tĩnh,01,Thành phố Hà Tĩnh,150,THPT Cẩm Bình (từ 01/01/2025),"Xã Cẩm Bình, thành phố Hà Tĩnh",KV2,
3379,30,Hà Tĩnh,01,Thành phố Hà Tĩnh,151,THPT Lê Quý Đôn (từ 01/01/2025),"Xã Thạch Đài, Thành phố Hà Tĩnh",KV2,
3380,30,Hà Tĩnh,01,Thành phố Hà Tĩnh,152,THPT Nguyễn Trung Thiên (từ 01/01/2025),"Xã Thạch Khê, Thành phố Hà Tĩnh",KV2,
3381,30,Hà Tĩnh,01,Thành phố Hà Tĩnh,801,Trường THPT - Khu vực 1,,KV1,
3382,30,Hà Tĩnh,01,Thành phố Hà Tĩnh,802,Trường THPT - KV2NT,,KV2-NT,
3383,30,Hà Tĩnh,01,Thành phố Hà Tĩnh,803,Trường THPT - KV2,,KV2,
3384,30,Hà Tĩnh,01,Thành phố Hà Tĩnh,804,Trường THPT - Khu vực 3,,KV3,
3385,30,Hà Tĩnh,02,Thị xã Hồng Lĩnh,035,Trung tâm GDNN - GDTX Hồng Lĩnh,"Phường Nam Hồng, Thị xã Hồng Lĩnh, Tỉnh Hà Tĩnh",KV2,
3386,30,Hà Tĩnh,02,Thị xã Hồng Lĩnh,036,THPT Hồng Lĩnh,"Số 04, đường Ngô Đức Kế, Phường Bắc Hồng, Thị xã Hồng Lĩnh, Tỉnh Hà Tĩnh",KV2,
3387,30,Hà Tĩnh,02,Thị xã Hồng Lĩnh,051,THPT Hồng Lam,Tổ Dân phố 8 - Phường Bắc Hồng -Thị xã Hồng Lĩnh - Tĩnh Hà Tĩnh,KV2,
3388,30,Hà Tĩnh,02,Thị xã Hồng Lĩnh,057,Trung cấp Kỹ nghệ Hà Tĩnh,"Phường Đậu Liêu, Thị xã Hồng Lĩnh, Tỉnh Hà Tĩnh",KV2,
3389,30,Hà Tĩnh,02,Thị xã Hồng Lĩnh,082,Trung tâm DN-HN và GDTX Hồng Lĩnh,"Phường Nam Hồng, Thị xã Hồng Lĩnh, Tỉnh Hà Tĩnh",KV2,
3390,30,Hà Tĩnh,02,Thị xã Hồng Lĩnh,091,Trung tâm GDNN - GDTX Can Lộc (TCKN),"Thị xã Hồng Lĩnh, Tỉnh Hà Tĩnh",KV2,
3391,30,Hà Tĩnh,02,Thị xã Hồng Lĩnh,119,Trung tâm GDNN - GDTX Nghi Xuân (CĐCN-TM),"Tổ dân phố 8, Phường Nam Hồng, thị xã Hồng Lĩnh",KV2,
3392,30,Hà Tĩnh,03,Huyện Hương Sơn (trước 04/6/2021 có xã ĐBKK),024,Trung tâm GDNN - GDTX Hương Sơn (trước 04/6/2021),"Thị trấn Phố Châu, Huyện Hương Sơn, Tỉnh Hà Tĩnh",KV1,
3393,30,Hà Tĩnh,03,Huyện Hương Sơn (trước 04/6/2021 có xã ĐBKK),025,THPT Nguyễn Khắc Viện (trước 04/6/2021),"Xã Sơn Bằng, Huyện Hương Sơn, Tỉnh Hà Tĩnh",KV1,
3394,30,Hà Tĩnh,03,Huyện Hương Sơn (trước 04/6/2021 có xã ĐBKK),026,THPT Hương Sơn (trước 04/6/2021),"Thị trấn Phố Châu, Huyện Hương Sơn, Tỉnh Hà Tĩnh",KV1,
3395,30,Hà Tĩnh,03,Huyện Hương Sơn (trước 04/6/2021 có xã ĐBKK),027,THPT Lê Hữu Trác (trước 04/6/2021),"Xã Sơn Châu, Huyện Hương Sơn, Tỉnh Hà Tĩnh",KV1,
3396,30,Hà Tĩnh,03,Huyện Hương Sơn (trước 04/6/2021 có xã ĐBKK),028,THPT Lý Chính Thắng (trước 04/6/2021),"Xã An Hòa Thịnh, Huyện Hương Sơn, Tỉnh Hà Tĩnh",KV1,
3397,30,Hà Tĩnh,03,Huyện Hương Sơn (trước 04/6/2021 có xã ĐBKK),029,THPT Cao Thắng (trước 04/6/2021),"Xã Sơn Tây, Huyện Hương Sơn, Tỉnh Hà Tĩnh",KV1,
3398,30,Hà Tĩnh,03,Huyện Hương Sơn (trước 04/6/2021 có xã ĐBKK),085,Trung tâm DN-HN và GDTX Hương Sơn,"Thị trấn Phố Châu, Huyện Hương Sơn, Tỉnh Hà Tĩnh",KV1,
3399,30,Hà Tĩnh,04,Huyện Đức Thọ (trước 20/6/2017 có xã ĐBKK),030,Trung tâm GDNN - GDTX Đức Thọ (trước 20/6/2017),Thôn Châu Lĩnh - Xã Tùng Ảnh - Huyện Đức Thọ - Tỉnh Hà Tĩnh.,KV2-NT,
3400,30,Hà Tĩnh,04,Huyện Đức Thọ (trước 20/6/2017 có xã ĐBKK),031,THPT Lê Hồng Phong (trước 20/6/2017),"Xã Bùi La Nhân, Huyện Đức Thọ, Tinh Hà Tĩnh",KV2-NT,
3401,30,Hà Tĩnh,04,Huyện Đức Thọ (trước 20/6/2017 có xã ĐBKK),032,THPT Nguyễn Thị Minh Khai (trước 20/6/2017),"Thị trấn Đức Thọ, Huyện Đức Thọ, Tỉnh Hà Tĩnh",KV2-NT,
3402,30,Hà Tĩnh,04,Huyện Đức Thọ (trước 20/6/2017 có xã ĐBKK),033,THPT Trần Phú (trước 20/6/2017),"Xã Lâm Trung Thủy, Huyện Đức Thọ, Tỉnh Hà Tĩnh",KV2-NT,
3403,30,Hà Tĩnh,04,Huyện Đức Thọ (trước 20/6/2017 có xã ĐBKK),034,THPT Đức Thọ (trước 20/6/2017),"Xã Đức Lạng, Huyện Đức Thọ, Tỉnh Hà Tĩnh",KV1,
3404,30,Hà Tĩnh,04,Huyện Đức Thọ (trước 20/6/2017 có xã ĐBKK),084,Trung tâm DN-HN và GDTX Đức Thọ,Thôn Châu Lĩnh - Xã Tùng Ảnh - Huyện Đức Thọ - Tỉnh Hà Tĩnh.,KV2-NT,
3405,30,Hà Tĩnh,05,Huyện Nghi Xuân (trước 01/01/2019 có xã ĐBKK),037,Trung tâm GDNN - GDTX Nghi Xuân (từ 02/2018 đến 31/12/2018),"Xã Xuân Giang, Huyện Nghi Xuân, Tỉnh Hà Tĩnh",KV2-NT,
3406,30,Hà Tĩnh,05,Huyện Nghi Xuân (trước 01/01/2019 có xã ĐBKK),038,THPT Nguyễn Du (trước 01/01/2019),"Thị trấn Tiên Điền, Huyện Nghi Xuân, Tỉnh Hà Tĩnh",KV2-NT,
3407,30,Hà Tĩnh,05,Huyện Nghi Xuân (trước 01/01/2019 có xã ĐBKK),039,THPT Nguyễn Công Trứ (trước 01/01/2019),"Khối 5, Thị trấn Xuân An, Huyện Nghi Xuân, Tỉnh Hà Tĩnh",KV2-NT,
3408,30,Hà Tĩnh,05,Huyện Nghi Xuân (trước 01/01/2019 có xã ĐBKK),050,THPT Nghi Xuân (từ năm 2010 đến 24/5/2018),"Xã Cổ Đạm, huyện Nghi Xuân, tỉnh Hà Tĩnh",KV1,
3409,30,Hà Tĩnh,05,Huyện Nghi Xuân (trước 01/01/2019 có xã ĐBKK),064,THPT Bán công Nghi Xuân (trước năm 2010),"Xã Xuân Giang, Huyện Nghi Xuân, Tỉnh Hà Tĩnh",KV2-NT,
3410,30,Hà Tĩnh,05,Huyện Nghi Xuân (trước 01/01/2019 có xã ĐBKK),067,THPT Nghi Xuân (từ 25/5/2018 đến 31/12/2018),"Xã Cổ Đạm, huyện Nghi Xuân, tỉnh Hà Tĩnh",KV2-NT,
3411,30,Hà Tĩnh,05,Huyện Nghi Xuân (trước 01/01/2019 có xã ĐBKK),083,Trung tâm DN-HN và GDTX Nghi Xuân (trước 02/2018),"Xã Xuân Giang, Huyện Nghi Xuân, Tỉnh Hà Tĩnh",KV2-NT,
3412,30,Hà Tĩnh,06,Huyện Can Lộc (trước 20/6/2017 có xã ĐBKK),015,Trung tâm GDNN - GDTX Can Lộc (trước 20/6/2017),"Số 122, đường Nguyễn Thiếp, Thị trấn Nghèn, huyện Can Lộc, tỉnh Hà Tĩnh",KV2-NT,
3413,30,Hà Tĩnh,06,Huyện Can Lộc (trước 20/6/2017 có xã ĐBKK),016,THPT Can Lộc (trước 20/6/2017),"Xã Kim Song Trường, Huyện Can Lộc, Tỉnh Hà Tĩnh",KV2-NT,
3414,30,Hà Tĩnh,06,Huyện Can Lộc (trước 20/6/2017 có xã ĐBKK),017,THPT Đồng Lộc (trước 20/6/2017),"Xã Đồng Lộc, Huyện Can Lộc, Tĩnh Hà Tĩnh",KV2-NT,
3415,30,Hà Tĩnh,06,Huyện Can Lộc (trước 20/6/2017 có xã ĐBKK),018,THPT Nghèn (trước 20/6/2017),"Số 78, Đường Nguyễn Thiếp, Thị trấn Nghèn, Huyện Can Lộc, Tỉnh Hà Tĩnh",KV2-NT,
3416,30,Hà Tĩnh,06,Huyện Can Lộc (trước 20/6/2017 có xã ĐBKK),042,THPT Dân lập Can Lộc (trước 20/6/2017),"Khối 6A, đường Nguyễn Thiếp, Thị trấn Nghèn, Huyện Can Lộc, Tĩnh Hà Tĩnh",KV2-NT,
3417,30,Hà Tĩnh,06,Huyện Can Lộc (trước 20/6/2017 có xã ĐBKK),080,Trung tâm DN-HN và GDTX Can Lộc,"Số 122, đường Nguyễn Thiếp, Thị trấn Nghèn, huyện Can Lộc, tỉnh Hà Tĩnh",KV2-NT,
3418,30,Hà Tĩnh,07,Huyện Hương Khê,020,Trung tâm GDNN - GDTX Hương Khê (trước 04/6/2021),"Xã Hương Bình, Huyện Hương Khê, Tỉnh Hà Tĩnh",KV1,
3419,30,Hà Tĩnh,07,Huyện Hương Khê,021,THPT Hương Khê (trước 04/6/2021),"Số 344, đường Trần Phú, Thị trấn Hương Khê, Huyện Hương Khê, Tỉnh Hà Tĩnh",KV1,
3420,30,Hà Tĩnh,07,Huyện Hương Khê,022,THPT Hàm Nghi (trước 04/6/2021),"Xóm 4, Xã Phúc Đồng, Huyện Hương Khê, Tỉnh Hà Tĩnh",KV1,
3421,30,Hà Tĩnh,07,Huyện Hương Khê,023,THPT Phúc Trạch (trước 04/6/2021),"Xã Phúc Trạch, Huyện Hương Khê, Tỉnh Hà Tĩnh",KV1,
3422,30,Hà Tĩnh,07,Huyện Hương Khê,055,THPT Gia Phố,"Xóm 8, Xã Gia Phố, Huyện Hương Khê, Tỉnh Hà Tĩnh",KV1,
3423,30,Hà Tĩnh,07,Huyện Hương Khê,063,THCS và THPT Dân tộc nội trú Hà Tĩnh (trước 04/6/2021),"Số 348 đường Trần Phú, Thị trấn Hương Khê, Hà Tĩnh",KV1,DTNT
3424,30,Hà Tĩnh,07,Huyện Hương Khê,086,Trung tâm DN-HN và GDTX Hương Khê,"Xã Hương Bình, Huyện Hương Khê, Tỉnh Hà Tĩnh",KV1,
3425,30,Hà Tĩnh,07,Huyện Hương Khê,135,Trung tâm GDNN - GDTX Hương Khê (từ 04/6/2021),"Thị trấn Hương Khê, Huyện Hương Khê, Tỉnh Hà Tĩnh",KV2-NT,
3426,30,Hà Tĩnh,07,Huyện Hương Khê,136,THPT Hương Khê (từ 04/6/2021),"Số 344, đường Trần Phú, Thị trấn Hương Khê, Huyện Hương Khê, Tỉnh Hà Tĩnh",KV2-NT,
3427,30,Hà Tĩnh,07,Huyện Hương Khê,137,THPT Hàm Nghi (từ 04/6/2021),"Xóm 4, Xã Phúc Đồng, Huyện Hương Khê, Tỉnh Hà Tĩnh",KV2-NT,
3428,30,Hà Tĩnh,07,Huyện Hương Khê,138,THPT Phúc Trạch (từ 04/6/2021),"Xóm 11, xã Phúc Trạch, huyện Hương Khê, tỉnh Hà Tĩnh",KV2-NT,
3429,30,Hà Tĩnh,07,Huyện Hương Khê,139,THCS và THPT Dân tộc nội trú Hà Tĩnh (từ 04/6/2021),"Số 348 đường Trần Phú, Thị trấn Hương Khê, Hà Tĩnh",KV2-NT,DTNT
3430,30,Hà Tĩnh,08,Huyện Thạch Hà (trước 01/01//2021 có xã ĐBKK),012,Trung tâm GDNN - GDTX Thạch Hà (từ 02/2018 đến 01/01/2021),"Tổ dân phố 9, Thị trấn Thạch Hà, Huyện Thạch Hà, Tỉnh Hà Tĩnh",KV2-NT,
3431,30,Hà Tĩnh,08,Huyện Thạch Hà (trước 01/01//2021 có xã ĐBKK),013,THPT Lý Tự Trọng (trước 01/01/2021),"Tổ dân phố 9 Thị trấn Thạch Hà, huyện Thạch Hà, tỉnh Hà Tĩnh",KV2-NT,
3432,30,Hà Tĩnh,08,Huyện Thạch Hà (trước 01/01//2021 có xã ĐBKK),014,THPT Nguyễn Trung Thiên (trước 01/01/2021),"Xã Thạch Khê, Huyện Thạch Hà, Tĩnh Hà Tĩnh",KV2-NT,
3433,30,Hà Tĩnh,08,Huyện Thạch Hà (trước 01/01//2021 có xã ĐBKK),041,THPT Lê Quý Đôn (trước 01/01/2021),"Xã Thạch Đài, Huyện Thạch Hà, Tỉnh Hà Tĩnh",KV2-NT,
3434,30,Hà Tĩnh,08,Huyện Thạch Hà (trước 01/01//2021 có xã ĐBKK),049,THPT Mai Kính,"Xã Việt Xuyên, Huyện Thạch Hà, Tỉnh Hà Tĩnh",KV2-NT,
3435,30,Hà Tĩnh,08,Huyện Thạch Hà (trước 01/01//2021 có xã ĐBKK),079,Trung tâm DN-HN và GDTX Thạch Hà (trước 02/2018),"Tổ dân phố 9, Thị trấn Thạch Hà, Huyện Thạch Hà, Tỉnh Hà Tĩnh",KV2-NT,
3436,30,Hà Tĩnh,09,Huyện Cẩm Xuyên (trước 04/06/2021 có xã ĐBKK),005,Trung tâm GDNN - GDTX Cẩm Xuyên (từ 02/2018 đến 03/6/2021),"Xã Cẩm Quan, Huyện Cẩm Xuyên, Tỉnh Hà Tĩnh",KV1,
3437,30,Hà Tĩnh,09,Huyện Cẩm Xuyên (trước 04/06/2021 có xã ĐBKK),006,THPT Cẩm Xuyên (trước 04/6/2021),"Xã Nam Phúc Thăng, Huyện Cẩm Xuyên, Tỉnh Hà Tĩnh",KV2-NT,
3438,30,Hà Tĩnh,09,Huyện Cẩm Xuyên (trước 04/06/2021 có xã ĐBKK),007,THPT Cẩm Bình (trước 04/6/2021),"Thôn Tân An, Xã Cẩm Bình, Huyện Cẩm Xuyên, Tỉnh Hà Tĩnh",KV2-NT,
3439,30,Hà Tĩnh,09,Huyện Cẩm Xuyên (trước 04/06/2021 có xã ĐBKK),008,THPT Hà Huy Tập (trước 04/6/2021),"Xã Cẩm Sơn, Huyện Cẩm Xuyên, Tỉnh Hà Tĩnh",KV1,
3440,30,Hà Tĩnh,09,Huyện Cẩm Xuyên (trước 04/06/2021 có xã ĐBKK),043,THPT Phan Đình Giót (trước 04/6/2021),"Tổ dân phố 16, Thị trấn Cẩm Xuyên, Huyện Cẩm Xuyên, Tỉnh Hà Tĩnh",KV2-NT,
3441,30,Hà Tĩnh,09,Huyện Cẩm Xuyên (trước 04/06/2021 có xã ĐBKK),053,THPT Nguyễn Đình Liễn (từ 2015 đến 2018),"Xã Cẩm Dương, Huyện Cẩm Xuyên, Tỉnh Hà Tĩnh",KV1,
3442,30,Hà Tĩnh,09,Huyện Cẩm Xuyên (trước 04/06/2021 có xã ĐBKK),068,THPT Nguyễn Đình Liễn (từ năm 2019 đến 03/6/2021),"Xã Cẩm Dương, Huyện Cẩm Xuyên, Tỉnh Hà Tĩnh",KV2-NT,
3443,30,Hà Tĩnh,09,Huyện Cẩm Xuyên (trước 04/06/2021 có xã ĐBKK),071,THPT Nguyễn Đình Liễn (trước 2015),"Xã Cẩm Huy, Huyện Cẩm Xuyên, Tỉnh Hà Tĩnh",KV2-NT,
3444,30,Hà Tĩnh,09,Huyện Cẩm Xuyên (trước 04/06/2021 có xã ĐBKK),078,Trung tâm DN-HN và GDTX Cẩm Xuyên (trước 02/2018),"Xã Cẩm Quan, Huyện Cẩm Xuyên, Tỉnh Hà Tĩnh",KV1,
3445,30,Hà Tĩnh,10,Huyện Kỳ Anh (trước 04/6/2021 có xã ĐBKK),003,THPT Nguyễn Huệ (trước 04/6/2021),"Xã Kỳ Phong, Huyện Kỳ Anh, Tỉnh Hà Tĩnh",KV1,
3446,30,Hà Tĩnh,10,Huyện Kỳ Anh (trước 04/6/2021 có xã ĐBKK),004,THPT Kỳ Lâm (trước 04/6/2021),"Xã Lâm Hợp, Huyện Kỳ Anh, Tỉnh Hà Tĩnh",KV1,
3447,30,Hà Tĩnh,10,Huyện Kỳ Anh (trước 04/6/2021 có xã ĐBKK),044,THPT Nguyễn Thị Bích Châu (trước 04/6/2021),"Xã Kỳ Thư, Huyện Kỳ Anh, Tỉnh Hà Tĩnh",KV2-NT,
3448,30,Hà Tĩnh,11,Huyện Vũ Quang (trước 04/6/2021 có xã ĐBKK),046,THPT Vũ Quang (trước 04/6/2021),"Tổ dân phố 4, Thị trấn Vũ Quang, Huyện Vũ Quang, Tỉnh Hà Tĩnh",KV1,
3449,30,Hà Tĩnh,11,Huyện Vũ Quang (trước 04/6/2021 có xã ĐBKK),047,Trung tâm GDNN - GDTX Vũ Quang (trước 04/6/2021),"Thị trấn Vũ Quang, Huyện Vũ Quang, Tỉnh Hà Tĩnh",KV1,
3450,30,Hà Tĩnh,11,Huyện Vũ Quang (trước 04/6/2021 có xã ĐBKK),056,THPT Cù Huy Cận (trước 04/6/2021),"Xã Đức Lĩnh, Huyện Vũ Quang, Tỉnh Hà Tĩnh",KV1,
3451,30,Hà Tĩnh,11,Huyện Vũ Quang (trước 04/6/2021 có xã ĐBKK),087,Trung tâm DN-HN và GDTX Vũ Quang,"Thị trấn Vũ Quang, Huyện Vũ Quang, Tỉnh Hà Tĩnh",KV1,
3452,30,Hà Tĩnh,12,Huyện Lộc Hà (trước 01/01/2020 có xã ĐBKK),019,THPT Nguyễn Văn Trỗi (trước 01/01/2020),"Xóm Bắc Sơn, Xã Phù Lưu, Huyện Lộc Hà, Tỉnh Hà Tĩnh",KV2-NT,
3453,30,Hà Tĩnh,12,Huyện Lộc Hà (trước 01/01/2020 có xã ĐBKK),045,THPT Mai Thúc Loan (trước 01/01/2020),"Xã Thạch Châu, Huyện Lộc Hà, Tỉnh Hà Tĩnh",KV2-NT,
3454,30,Hà Tĩnh,12,Huyện Lộc Hà (trước 01/01/2020 có xã ĐBKK),048,THPT Nguyễn Đổng Chi (trước 01/01/2020),"Xã ích Hậu, Huyện Lộc Hà, Tỉnh Hà Tĩnh",KV2-NT,
3455,30,Hà Tĩnh,12,Huyện Lộc Hà (trước 01/01/2020 có xã ĐBKK),062,Trung tâm GDNN - GDTX Lộc Hà (trước 01/01/2020),"Thị trấn Lộc Hà, Huyện Lộc Hà, Tỉnh Hà Tĩnh",KV2-NT,
3456,30,Hà Tĩnh,12,Huyện Lộc Hà (trước 01/01/2020 có xã ĐBKK),081,Trung tâm DN-HN và GDTX Lộc Hà (từ 25/1/2017 đến 01/01/2020),"Xã Thạch Bằng, Huyện Lộc Hà, Tỉnh Hà Tĩnh",KV1,
3457,30,Hà Tĩnh,13,Thị xã Kỳ Anh (trước 04/6/2021 có xã ĐBKK),001,Trung tâm GDNN - GDTX Kỳ Anh (từ 02/2018 đến 03/6/2021),"Phường Hưng Trí, Thị xã Kỳ Anh, Tỉnh Hà Tĩnh",KV2,
3458,30,Hà Tĩnh,13,Thị xã Kỳ Anh (trước 04/6/2021 có xã ĐBKK),002,THPT Kỳ Anh (từ năm 2015 đến 03/6/2021),Phường Hưng Trí - Thị Xã Kỳ Anh - Hà Tĩnh,KV2,
3459,30,Hà Tĩnh,13,Thị xã Kỳ Anh (trước 04/6/2021 có xã ĐBKK),054,THPT Lê Quảng Chí (từ năm 2015 đến 03/6/2021),"Số 62, đường Lê Văn Thiêm, phường Kỳ Long, Thị xã Kỳ Anh, tỉnh Hà Tĩnh",KV2,
3460,30,Hà Tĩnh,13,Thị xã Kỳ Anh (trước 04/6/2021 có xã ĐBKK),065,Cao đẳng Công nghệ Hà Tĩnh (cơ sở 2- từ 5/2017 đến 03/6/2021),"Km 571, Quốc lộ 1A – Phường Kỳ Trinh – Thị xã Kỳ Anh - Hà Tĩnh .",KV2,
3461,30,Hà Tĩnh,13,Thị xã Kỳ Anh (trước 04/6/2021 có xã ĐBKK),072,THPT Lê Quảng Chí (trước 2015),"Phường Kỳ Long, Thị xã Kỳ Anh, Tỉnh Hà Tĩnh",KV2-NT,
3462,30,Hà Tĩnh,13,Thị xã Kỳ Anh (trước 04/6/2021 có xã ĐBKK),073,THPT Kỳ Anh (trước 2015),"Thị trấn Kỳ Anh, Huyện Kỳ Anh, Tỉnh Hà Tĩnh",KV2-NT,
3463,30,Hà Tĩnh,13,Thị xã Kỳ Anh (trước 04/6/2021 có xã ĐBKK),074,Trung tâm DN-HN và GDTX Kỳ Anh (trước 2015),"Thị trấn Kỳ Anh, Huyện Kỳ Anh, Tỉnh Hà Tĩnh",KV2-NT,
3464,30,Hà Tĩnh,13,Thị xã Kỳ Anh (trước 04/6/2021 có xã ĐBKK),076,Cao đẳng Nghề công nghệ Hà Tĩnh (cơ sở 2; trước 5/2017),"Km 571, Quốc lộ 1A – Phường Kỳ Trinh – Thị xã Kỳ Anh - Hà Tĩnh .",KV1,
3465,30,Hà Tĩnh,13,Thị xã Kỳ Anh (trước 04/6/2021 có xã ĐBKK),077,Trung tâm DN-HN và GDTX Kỳ Anh (từ năm 2015 đến 31/01/2018),"Phường Hưng Trí, Thị xã Kỳ Anh, Tỉnh Hà Tĩnh",KV2,
3466,30,Hà Tĩnh,13,Thị xã Kỳ Anh (trước 04/6/2021 có xã ĐBKK),089,Trung tâm GDNN - GDTX Kỳ Anh (CĐCN-CS2; trước 04/6/2021),"Ngõ 396 đường Lê Thánh Tông, Phường Kỳ Trinh – Thị xã Kỳ Anh - tỉnh Hà Tĩnh .",KV2,
3467,30,Hà Tĩnh,14,Thị xã Kỳ Anh (từ 04/6/2021 không còn xã ĐBKK),092,Trung tâm GDNN - GDTX Kỳ Anh (từ 04/6/2021),"Phường Hưng Trí, Thị xã Kỳ Anh, Tỉnh Hà Tĩnh",KV2,
3468,30,Hà Tĩnh,14,Thị xã Kỳ Anh (từ 04/6/2021 không còn xã ĐBKK),093,Trung tâm GDNN - GDTX Kỳ Anh (CĐCN-CS2; từ 04/6/2021),"Ngõ 396 đường Lê Thánh Tông, Phường Kỳ Trinh – Thị xã Kỳ Anh - tỉnh Hà Tĩnh .",KV2,
3469,30,Hà Tĩnh,14,Thị xã Kỳ Anh (từ 04/6/2021 không còn xã ĐBKK),094,THPT Kỳ Anh (từ 04/6/2021),"Số 80, đường Lê Quảng Ý, Phường Hưng Trí - Thị xã Kỳ Anh - Hà Tĩnh",KV2,
3470,30,Hà Tĩnh,14,Thị xã Kỳ Anh (từ 04/6/2021 không còn xã ĐBKK),095,THPT Lê Quảng Chí (từ 04/6/2021),"Số 62, đường Lê Văn Thiêm, phường Kỳ Long, Thị xã Kỳ Anh, tỉnh Hà Tĩnh",KV2,
3471,30,Hà Tĩnh,14,Thị xã Kỳ Anh (từ 04/6/2021 không còn xã ĐBKK),157,Trung tâm GDNN-GDTX Kỳ Anh (TCKTTTKA),"Phường Hưng Trí, Thị xã Kỳ Anh, tỉnh Hà Tĩnh",KV2,
3472,30,Hà Tĩnh,15,Huyện Kỳ Anh (từ 04/6/2021 không còn xã ĐBKK),096,THPT Nguyễn Thị Bích Châu (từ 04/6/2021),"Xã Kỳ Thư, Huyện Kỳ Anh, Tỉnh Hà Tĩnh",KV2-NT,
3473,30,Hà Tĩnh,15,Huyện Kỳ Anh (từ 04/6/2021 không còn xã ĐBKK),097,THPT Kỳ Lâm (từ 04/6/2021),"Xã Lâm Hợp, huyện Kỳ Anh, tỉnh Hà Tĩnh",KV2-NT,
3474,30,Hà Tĩnh,15,Huyện Kỳ Anh (từ 04/6/2021 không còn xã ĐBKK),098,THPT Nguyễn Huệ (từ 04/6/2021),"Xã Kỳ Phong, Huyện Kỳ Anh, Tỉnh Hà Tĩnh",KV2-NT,
3475,30,Hà Tĩnh,15,Huyện Kỳ Anh (từ 04/6/2021 không còn xã ĐBKK),146,Trung tâm GDTX tỉnh Hà Tĩnh (TCN2),"Thôn Tân Giang, xã Kỳ Giang, huyện Kỳ Anh, tỉnh Hà Tĩnh",KV2-NT,
3476,30,Hà Tĩnh,16,Huyện Cẩm Xuyên (từ 04/06/2021 không còn xã ĐBKK),099,Trung tâm GDNN - GDTX Cẩm Xuyên (từ 04/6/2021),"Xã Cẩm Quan, Huyện Cẩm Xuyên, Tỉnh Hà Tĩnh",KV2-NT,
3477,30,Hà Tĩnh,16,Huyện Cẩm Xuyên (từ 04/06/2021 không còn xã ĐBKK),100,THPT Cẩm Xuyên (từ 04/6/2021),"Xã Nam Phúc Thăng, huyện Cẩm Xuyên, tỉnh Hà Tĩnh",KV2-NT,
3478,30,Hà Tĩnh,16,Huyện Cẩm Xuyên (từ 04/06/2021 không còn xã ĐBKK),101,THPT Cẩm Bình (từ 04/6/2021 đến 31/12/2024),"Thôn Tân An, Xã Cẩm Bình, Huyện Cẩm Xuyên, Tỉnh Hà Tĩnh",KV2-NT,
3479,30,Hà Tĩnh,16,Huyện Cẩm Xuyên (từ 04/06/2021 không còn xã ĐBKK),102,THPT Hà Huy Tập (từ 04/6/2021),"Xã Cẩm Sơn, Huyện Cẩm Xuyên, Tỉnh Hà Tĩnh",KV2-NT,
3480,30,Hà Tĩnh,16,Huyện Cẩm Xuyên (từ 04/06/2021 không còn xã ĐBKK),103,THPT Nguyễn Đình Liễn (từ 04/6/2021),"Xã Cẩm Dương, Huyện Cẩm Xuyên, Tỉnh Hà Tĩnh",KV2-NT,
3481,30,Hà Tĩnh,16,Huyện Cẩm Xuyên (từ 04/06/2021 không còn xã ĐBKK),104,THPT Phan Đình Giót (từ 04/6/2021),"Tổ dân phố 16, Thị trấn Cẩm Xuyên, Huyện Cẩm Xuyên, Tỉnh Hà Tĩnh",KV2-NT,
3482,30,Hà Tĩnh,17,Huyện Thạch Hà (từ 01/01/2021 không còn xã ĐBKK),105,"Trung tâm GDNN - GDTX Thạch Hà (Cơ sở 1, từ 01/01/2021)","Tổ dân phố 9, Thị trấn Thạch Hà, Huyện Thạch Hà, Tỉnh Hà Tĩnh",KV2-NT,
3483,30,Hà Tĩnh,17,Huyện Thạch Hà (từ 01/01/2021 không còn xã ĐBKK),106,THPT Lý Tự Trọng (từ 01/01/2021),"Tổ dân phố 9 Thị trấn Thạch Hà, huyện Thạch Hà, tỉnh Hà Tĩnh",KV2-NT,
3484,30,Hà Tĩnh,17,Huyện Thạch Hà (từ 01/01/2021 không còn xã ĐBKK),107,THPT Nguyễn Trung Thiên (từ 01/01/2021 đến 31/12/2024),"Xã Thạch Khê, Huyện Thạch Hà, Tĩnh Hà Tĩnh",KV2-NT,
3485,30,Hà Tĩnh,17,Huyện Thạch Hà (từ 01/01/2021 không còn xã ĐBKK),108,THPT Lê Quý Đôn (từ 01/01/2021 đến 31/12/2024),"Xã Thạch Đài, Huyện Thạch Hà, Tỉnh Hà Tĩnh",KV2-NT,
3486,30,Hà Tĩnh,17,Huyện Thạch Hà (từ 01/01/2021 không còn xã ĐBKK),153,THPT Nguyễn Đổng Chi (từ 01/01/2025),"Xã Ích Hậu, huyện Thạch Hà, tỉnh Hà Tĩnh",KV2-NT,
3487,30,Hà Tĩnh,17,Huyện Thạch Hà (từ 01/01/2021 không còn xã ĐBKK),154,THPT Nguyễn Văn Trỗi (từ 01/01/2025),"Xã Phù Lưu, Huyện Thạch Hà, Tỉnh Hà Tĩnh",KV2-NT,
3488,30,Hà Tĩnh,17,Huyện Thạch Hà (từ 01/01/2021 không còn xã ĐBKK),155,THPT Mai Thúc Loan (từ 01/01/2025),"Xã Thạch Châu, Huyện Thạch Hà, Tỉnh Hà Tĩnh",KV2-NT,
3489,30,Hà Tĩnh,17,Huyện Thạch Hà (từ 01/01/2021 không còn xã ĐBKK),156,Trung tâm GDNN - GDTX Thạch Hà (cơ sở 2),"Thị trấn Lộc Hà, huyện Thạch Hà, tỉnh Hà Tĩnh",KV2-NT,
3490,30,Hà Tĩnh,18,Huyện Can Lộc (từ 20/6/2017 không còn xã ĐBKK),109,Trung tâm GDNN - GDTX Can Lộc (từ 20/6/2017),"Số 122, đường Nguyễn Thiếp, Thị trấn Nghèn, huyện Can Lộc, tỉnh Hà Tĩnh",KV2-NT,
3491,30,Hà Tĩnh,18,Huyện Can Lộc (từ 20/6/2017 không còn xã ĐBKK),110,THPT Nghèn (từ 20/6/2017),"Số 78, Đường Nguyễn Thiếp, Thị trấn Nghèn, Huyện Can Lộc, Tỉnh Hà Tĩnh",KV2-NT,
3492,30,Hà Tĩnh,18,Huyện Can Lộc (từ 20/6/2017 không còn xã ĐBKK),111,THPT Can Lộc (từ 20/6/2017),"Xã Kim Song Trường, Huyện Can Lộc, Tỉnh Hà Tĩnh",KV2-NT,
3493,30,Hà Tĩnh,18,Huyện Can Lộc (từ 20/6/2017 không còn xã ĐBKK),112,THPT Đồng Lộc (từ 20/6/2017),"Thị trấn Đồng Lộc, Huyện Can Lộc, Tĩnh Hà Tĩnh",KV2-NT,
3494,30,Hà Tĩnh,18,Huyện Can Lộc (từ 20/6/2017 không còn xã ĐBKK),145,THPT Dân lập Can Lộc (từ 20/6/2017),"Khối 6A, đường Nguyễn Thiếp, Thị trấn Nghèn, Huyện Can Lộc, Tĩnh Hà Tĩnh",KV2-NT,
3495,30,Hà Tĩnh,18,Huyện Can Lộc (từ 20/6/2017 không còn xã ĐBKK),147,Trung tâm GDNN-GDTX Can Lộc (TCN_LTT),"Xã Thiên Lộc, huyện Can Lộc, tỉnh Hà Tĩnh",KV2-NT,
3496,30,Hà Tĩnh,20,Huyện Lộc Hà (từ 01/01/2020 đến 31/12/2024),114,Trung tâm GDNN - GDTX Lộc Hà (từ 01/01/2020 đến 31/12/2024),"Thị trấn Lộc Hà, Huyện Lộc Hà, Tỉnh Hà Tĩnh",KV2-NT,
3497,30,Hà Tĩnh,20,Huyện Lộc Hà (từ 01/01/2020 đến 31/12/2024),115,THPT Mai Thúc Loan (từ 01/01/2020 đến 31/12/2024),"Xã Thạch Châu, Huyện Lộc Hà, Tỉnh Hà Tĩnh",KV2-NT,
3498,30,Hà Tĩnh,20,Huyện Lộc Hà (từ 01/01/2020 đến 31/12/2024),116,THPT Nguyễn Văn Trỗi (từ 01/01/2020 đến 31/12/2024),"Xóm Bắc Sơn, Xã Phù Lưu, Huyện Lộc Hà, Tỉnh Hà Tĩnh",KV2-NT,
3499,30,Hà Tĩnh,20,Huyện Lộc Hà (từ 01/01/2020 đến 31/12/2024),117,THPT Nguyễn Đổng Chi(từ 01/01/2020 đến 31/12/2024),"Xã ích Hậu, Huyện Lộc Hà, Tỉnh Hà Tĩnh",KV2-NT,
3500,30,Hà Tĩnh,22,Huyện Nghi Xuân (từ 01/01/2019 không còn xã ĐBKK),118,Trung tâm GDNN - GDTX Nghi Xuân (từ 01/01/2019),"Xã Xuân Giang, Huyện Nghi Xuân, Tỉnh Hà Tĩnh",KV2-NT,
3501,30,Hà Tĩnh,22,Huyện Nghi Xuân (từ 01/01/2019 không còn xã ĐBKK),120,THPT Nguyễn Du (từ 01/01/2019),"Thị trấn Tiên Điền, Huyện Nghi Xuân, Tỉnh Hà Tĩnh",KV2-NT,
3502,30,Hà Tĩnh,22,Huyện Nghi Xuân (từ 01/01/2019 không còn xã ĐBKK),121,THPT Nguyễn Công Trứ (từ 01/01/2019),"Khối 5, Thị trấn Xuân An, Huyện Nghi Xuân, Tỉnh Hà Tĩnh",KV2-NT,
3503,30,Hà Tĩnh,22,Huyện Nghi Xuân (từ 01/01/2019 không còn xã ĐBKK),122,THPT Nghi Xuân (từ 01/01/2019),"Xã Cổ Đạm, huyện Nghi Xuân, tỉnh Hà Tĩnh",KV2-NT,
3504,30,Hà Tĩnh,23,Huyện Đức Thọ (từ 20/6/2017 không còn xã ĐBKK),123,Trung tâm GDNN - GDTX Đức Thọ (từ 20/6/2017),Thôn Châu Lĩnh - Xã Tùng Ảnh - Huyện Đức Thọ - Tỉnh Hà Tĩnh.,KV2-NT,
3505,30,Hà Tĩnh,23,Huyện Đức Thọ (từ 20/6/2017 không còn xã ĐBKK),124,THPT Nguyễn Thị Minh Khai (từ 20/6/2017),"Thị trấn Đức Thọ, Huyện Đức Thọ, Tỉnh Hà Tĩnh",KV2-NT,
3506,30,Hà Tĩnh,23,Huyện Đức Thọ (từ 20/6/2017 không còn xã ĐBKK),125,THPT Trần Phú (từ 20/6/2017),"Xã Lâm Trung Thủy, Huyện Đức Thọ, Tỉnh Hà Tĩnh",KV2-NT,
3507,30,Hà Tĩnh,23,Huyện Đức Thọ (từ 20/6/2017 không còn xã ĐBKK),126,THPT Đức Thọ (từ 20/6/2017 đến 03/6/2021),"Xã Đức Lạng, Huyện Đức Thọ, Tỉnh Hà Tĩnh",KV1,
3508,30,Hà Tĩnh,23,Huyện Đức Thọ (từ 20/6/2017 không còn xã ĐBKK),127,THPT Đức Thọ (từ 04/6/2021),"Xã Đức Lạng, Huyện Đức Thọ, Tỉnh Hà Tĩnh",KV2-NT,
3509,30,Hà Tĩnh,23,Huyện Đức Thọ (từ 20/6/2017 không còn xã ĐBKK),128,THPT Lê Hồng Phong (từ 20/6/2017),"Xã Bùi La Nhân, Huyện Đức Thọ, Tinh Hà Tĩnh",KV2-NT,
3510,30,Hà Tĩnh,25,Huyện Hương Sơn (từ 04/6/2021 không còn xã ĐBKK),129,Trung tâm GDNN - GDTX Hương Sơn (từ 04/6/2021),"Thị trấn Phố Châu, Huyện Hương Sơn, Tỉnh Hà Tĩnh",KV2-NT,
3511,30,Hà Tĩnh,25,Huyện Hương Sơn (từ 04/6/2021 không còn xã ĐBKK),130,THPT Cao Thắng (từ 04/6/2021),"Xã Sơn Tây, huyện Hương Sơn, tỉnh Hà Tĩnh.",KV2-NT,
3512,30,Hà Tĩnh,25,Huyện Hương Sơn (từ 04/6/2021 không còn xã ĐBKK),131,THPT Hương Sơn (từ 04/6/2021),"Thị trấn Phố Châu, Huyện Hương Sơn, Tỉnh Hà Tĩnh",KV2-NT,
3513,30,Hà Tĩnh,25,Huyện Hương Sơn (từ 04/6/2021 không còn xã ĐBKK),132,THPT Lê Hữu Trác (từ 04/6/2021),"Xã Châu Bình, huyện Hương Sơn, tỉnh Hà Tĩnh",KV2-NT,
3514,30,Hà Tĩnh,25,Huyện Hương Sơn (từ 04/6/2021 không còn xã ĐBKK),133,THPT Lý Chính Thắng (từ 04/6/2021),"Xã An Hòa Thịnh, Huyện Hương Sơn, Tỉnh Hà Tĩnh",KV2-NT,
3515,30,Hà Tĩnh,25,Huyện Hương Sơn (từ 04/6/2021 không còn xã ĐBKK),134,THPT Nguyễn Khắc Viện (từ 04/6/2021),"Xã Sơn Bằng, Huyện Hương Sơn, Tỉnh Hà Tĩnh",KV2-NT,
3516,30,Hà Tĩnh,26,Huyện Vũ Quang (từ 04/6/2021 không còn xã ĐBKK),140,Trung tâm GDNN - GDTX Vũ Quang (từ 04/6/2021),"Thị trấn Vũ Quang, Huyện Vũ Quang, Tỉnh Hà Tĩnh",KV2-NT,
3517,30,Hà Tĩnh,26,Huyện Vũ Quang (từ 04/6/2021 không còn xã ĐBKK),141,THPT Vũ Quang (từ 04/6/2021),"Tổ dân phố 4, Thị trấn Vũ Quang, Huyện Vũ Quang, Tỉnh Hà Tĩnh",KV2-NT,
3518,30,Hà Tĩnh,26,Huyện Vũ Quang (từ 04/6/2021 không còn xã ĐBKK),142,THPT Cù Huy Cận (từ 04/6/2021),"Xã Đức Lĩnh, Huyện Vũ Quang, Tỉnh Hà Tĩnh",KV2-NT,
3519,31,Quảng Bình,00,Sở Giáo dục và Đào tạo,800,Học ở nước ngoài_31,,KV3,
3520,31,Quảng Bình,00,Sở Giáo dục và Đào tạo,900,"Quân nhân, Công an tại ngũ_31",,KV3,
3521,31,Quảng Bình,01,Thành phố Đồng Hới,002,THPT Đào Duy Từ,"Phường Đồng Hải, TP. Đồng Hới, Tỉnh Quảng Bình",KV2,
3522,31,Quảng Bình,01,Thành phố Đồng Hới,003,THPT Đồng Hới,"Phường Đồng Sơn, TP. Đồng Hới, Tỉnh Quảng Bình",KV2,
3523,31,Quảng Bình,01,Thành phố Đồng Hới,004,THPT Chuyên Võ Nguyên Giáp,"Phường Nam Lý, TP. Đồng Hới, Tỉnh Quảng Bình",KV2,
3524,31,Quảng Bình,01,Thành phố Đồng Hới,005,THPT Phan Đình Phùng,"Phường Nam Lý, TP. Đồng Hới, Tỉnh Quảng Bình",KV2,
3525,31,Quảng Bình,01,Thành phố Đồng Hới,006,Phổ thông dân tộc nội trú tỉnh,"Phường Bắc Lý, TP. Đồng Hới, Quảng Bình",KV2,DTNT
3526,31,Quảng Bình,01,Thành phố Đồng Hới,007,TT GD-DN Đồng Hới,"Xã Đức Ninh, TP. Đồng Hới, Quảng Bình",KV2,
3527,31,Quảng Bình,01,Thành phố Đồng Hới,049,Cao đẳng nghề Quảng Bình,"Phường Bắc Lý, TP. Đồng Hới, Tỉnh Quảng Bình",KV2,
3528,31,Quảng Bình,01,Thành phố Đồng Hới,050,TC nghề số 9,"Phường Nam Lý, TP. Đồng Hới, Tỉnh Quảng Bình",KV2,
3529,31,Quảng Bình,01,Thành phố Đồng Hới,057,THCS và THPT Chu Văn An,"Phường Phú Hải, Tp. Đồng Hới, Tỉnh Quảng Bình",KV2,
3530,31,Quảng Bình,01,Thành phố Đồng Hới,080,TT GDNN-GDTX Đồng Hới,"Xã Đức Ninh, TP. Đồng Hới, Quảng Bình",KV2,
3531,31,Quảng Bình,01,Thành phố Đồng Hới,083,Trung tâm GDTX Quảng Bình,"Phường Bắc Lý, TP. Đồng Hới, Quảng Bình",KV2,
3532,31,Quảng Bình,01,Thành phố Đồng Hới,601,TT GDTX Đồng Hới,"Phường Bắc Lý, TP. Đồng Hới, Quảng Bình",KV2,
3533,31,Quảng Bình,01,Thành phố Đồng Hới,602,TT KTTH HN-DN Đồng Hới,"Xã Đức Ninh, TP. Đồng Hới, Quảng Bình",KV2,
3534,31,Quảng Bình,01,Thành phố Đồng Hới,620,THPT Chuyên Quảng Bình,"Phường Nam Lý, TP. Đồng Hới, Tỉnh Quảng Bình",KV2,
3535,31,Quảng Bình,01,Thành phố Đồng Hới,621,Cao đẳng Sư phạm Quảng Bình,"Phường Bắc Lý, TP. Đồng Hới, Tỉnh Quảng Bình",KV2,
3536,31,Quảng Bình,01,Thành phố Đồng Hới,801,Trường THPT - Khu vực 1,,KV1,
3537,31,Quảng Bình,01,Thành phố Đồng Hới,802,Trường THPT - KV2NT,,KV2-NT,
3538,31,Quảng Bình,01,Thành phố Đồng Hới,803,Trường THPT - KV2,,KV2,
3539,31,Quảng Bình,01,Thành phố Đồng Hới,804,Trường THPT - Khu vực 3,,KV3,
3540,31,Quảng Bình,02,Huyện Tuyên Hóa,009,THPT Tuyên Hoá (Trước 04/6/2021),"TT. Đồng Lê, Huyện Tuyên Hoá, Tỉnh Quảng Bình",KV1,
3541,31,Quảng Bình,02,Huyện Tuyên Hóa,010,THPT Lê Trực (Trước 04/6/2021),"Xã Tiến Hóa, Huyện Tuyên Hoá, Tỉnh Quảng Bình",KV1,
3542,31,Quảng Bình,02,Huyện Tuyên Hóa,011,THPT Phan Bội Châu (Trước 04/6/2021),"Xã Phong Hóa, Huyện Tuyên Hoá, Tỉnh Quảng Bình",KV1,
3543,31,Quảng Bình,02,Huyện Tuyên Hóa,012,THCS và THPT Bắc Sơn,"Xã Thanh Hóa, Huyện Tuyên Hoá, Tỉnh Quảng Bình",KV1,
3544,31,Quảng Bình,02,Huyện Tuyên Hóa,013,TT GD-DN Tuyên Hoá (Trước 04/6/2021),"TT. Đồng Lê, Huyện Tuyên Hoá, Tỉnh Quảng Bình",KV1,
3545,31,Quảng Bình,02,Huyện Tuyên Hóa,063,THPT Tuyên Hóa (Từ 04/6/2021),"Thị trấn Đồng Lê, huyện Tuyên Hóa, Tỉnh Quảng Bình",KV2-NT,
3546,31,Quảng Bình,02,Huyện Tuyên Hóa,064,THPT Lê Trực (Từ 04/6/2021),"Xã Tiến Hóa, huyện Tuyên Hóa, Tỉnh Quảng Bình",KV2-NT,
3547,31,Quảng Bình,02,Huyện Tuyên Hóa,065,THPT Phan Bội Châu (Từ 04/6/2021),"Xã Phong Hóa, huyện Tuyên Hóa, Tỉnh Quảng Bình",KV2-NT,
3548,31,Quảng Bình,02,Huyện Tuyên Hóa,066,TT GD-DN Tuyên Hóa (Từ 04/6/2021),"Thị trấn Đồng Lê, huyện Tuyên Hóa, Tỉnh Quảng Bình",KV2-NT,
3549,31,Quảng Bình,02,Huyện Tuyên Hóa,076,TT GDNN-GDTX Tuyên Hóa (Từ năm 2022),"TT. Đồng Lê, Huyện Tuyên Hoá, Tỉnh Quảng Bình",KV2-NT,
3550,31,Quảng Bình,02,Huyện Tuyên Hóa,603,TT GDTX Tuyên Hóa,"TT. Đồng Lê, Huyện Tuyên Hoá, Tỉnh Quảng Bình",KV1,
3551,31,Quảng Bình,02,Huyện Tuyên Hóa,604,TT KTTH HN-DN Tuyên Hóa,"TT. Đồng Lê, Huyện Tuyên Hoá, Tỉnh Quảng Bình",KV1,
3552,31,Quảng Bình,03,Huyện Minh Hóa,015,THPT Minh Hoá (Trước 04/6/2021),"TT. Quy Đạt, Huyện Minh Hoá, Tỉnh Quảng Bình",KV1,
3553,31,Quảng Bình,03,Huyện Minh Hóa,016,THCS và THPT Hoá Tiến,"Xã Hóa Tiến, Huyện Minh Hoá, Tỉnh Quảng Bình",KV1,
3554,31,Quảng Bình,03,Huyện Minh Hóa,017,TT GD-DN Minh Hoá (Trước 04/6/2021),"Xã Yên Hóa, Huyện Minh Hoá, Tỉnh Quảng Bình",KV1,
3555,31,Quảng Bình,03,Huyện Minh Hóa,046,THCS và THPT Trung Hoá (Trước 04/6/2021),"Xã Trung Hóa, Huyện Minh Hoá, Tỉnh Quảng Bình",KV1,
3556,31,Quảng Bình,03,Huyện Minh Hóa,067,THCS và THPT Trung Hóa (Từ 04/6/2021),"Xã Trung Hóa, huyện Minh Hóa, Tỉnh Quảng Bình",KV2-NT,
3557,31,Quảng Bình,03,Huyện Minh Hóa,068,THPT Minh Hóa (Từ 04/6/2021),"TT Quy Đạt, huyện Minh Hóa, Tỉnh Quảng Bình",KV2-NT,
3558,31,Quảng Bình,03,Huyện Minh Hóa,069,TT GD-DN Minh Hóa (Từ 04/6/2021),"Xã Yên Hóa, huyện Minh Hóa, Tỉnh Quảng Bình",KV2-NT,
3559,31,Quảng Bình,03,Huyện Minh Hóa,075,TT GDNN-GDTX Minh Hóa (Từ năm 2022),"Xã Yên Hóa, huyện Minh Hóa, Tỉnh Quảng Bình",KV2-NT,
3560,31,Quảng Bình,03,Huyện Minh Hóa,605,TT GDTX Minh Hóa,"TT. Quy Đạt, Huyện Minh Hoá, Tỉnh Quảng Bình",KV1,
3561,31,Quảng Bình,03,Huyện Minh Hóa,606,TT KTTH HN-DN Minh Hóa,"TT. Quy Đạt, Huyện Minh Hoá, Tỉnh Quảng Bình",KV1,
3562,31,Quảng Bình,04,Huyện Quảng Trạch,021,THPT Quang Trung (Trước năm 2018),"Xã Quảng Phú, Huyện Quảng Trạch, Tỉnh Quảng Bình",KV1,
3563,31,Quảng Bình,04,Huyện Quảng Trạch,059,THPT Quang Trung (Từ năm 2018),"Xã Quảng Phú, Huyện Quảng Trạch, Tỉnh Quảng Bình",KV2-NT,
3564,31,Quảng Bình,04,Huyện Quảng Trạch,074,THPT Nguyễn Bỉnh Khiêm (Từ 05/9/2021),"Xã Quảng Phương, huyện Quảng Trạch, Tỉnh Quảng Bình",KV2-NT,
3565,31,Quảng Bình,04,Huyện Quảng Trạch,607,THPT số 1 Quảng Trạch,"TT. Ba Đồn, Huyện Quảng Trạch (cũ), Tỉnh Quảng Bình",KV2-NT,
3566,31,Quảng Bình,04,Huyện Quảng Trạch,608,THPT số 2 Quảng Trạch,"Xã Quảng Hòa, Huyện Quảng Trạch (cũ), Tỉnh Quảng Bình",KV2-NT,
3567,31,Quảng Bình,04,Huyện Quảng Trạch,609,THPT số 4 Quảng Trạch,"TT. Ba Đồn, Huyện Quảng Trạch (cũ), Tỉnh Quảng Bình",KV2-NT,
3568,31,Quảng Bình,04,Huyện Quảng Trạch,610,TT GDTX Quảng Trạch,"Xã Quảng Long, Huyện Quảng Trạch (cũ), Tỉnh Quảng Bình",KV2-NT,
3569,31,Quảng Bình,04,Huyện Quảng Trạch,611,TT KTTH HN-DN Quảng Trạch,"TT. Ba Đồn, Huyện Quảng Trạch (cũ), Tỉnh Quảng Bình",KV2-NT,
3570,31,Quảng Bình,04,Huyện Quảng Trạch,618,THPT Số 3 Quảng Trạch,"Xã Quảng Phú, Huyện Quảng Trạch, Tỉnh Quảng Bình",KV1,
3571,31,Quảng Bình,05,Huyện Bố Trạch,025,THPT số 1 Bố Trạch,"TT. Hoàn Lão, Huyện Bố Trạch, Tỉnh Quảng Bình",KV2-NT,
3572,31,Quảng Bình,05,Huyện Bố Trạch,026,THPT số 2 Bố Trạch,"Xã Cự Nẫm, Huyện Bố Trạch, Tỉnh Quảng Bình",KV2-NT,
3573,31,Quảng Bình,05,Huyện Bố Trạch,027,THPT số 3 Bố Trạch,"Xã Bắc Trạch, Huyện Bố Trạch, Tỉnh Quảng Bình",KV2-NT,
3574,31,Quảng Bình,05,Huyện Bố Trạch,028,THPT số 5 Bố Trạch,"TT. Hoàn Lão, Huyện Bố Trạch, Tỉnh Quảng Bình",KV2-NT,
3575,31,Quảng Bình,05,Huyện Bố Trạch,029,THCS và THPT Việt Trung,"TT. NT Việt Trung, Huyện Bố Trạch, Tỉnh Quảng Bình",KV1,
3576,31,Quảng Bình,05,Huyện Bố Trạch,030,THPT số 4 Bố trạch,"Xã Phúc Trạch, Huyện Bố Trạch, Tỉnh Quảng Bình",KV1,
3577,31,Quảng Bình,05,Huyện Bố Trạch,031,TT GD-DN Bố Trạch,"Xã Trung Trạch, Huyện Bố Trạch, Tỉnh Quảng Bình",KV2-NT,
3578,31,Quảng Bình,05,Huyện Bố Trạch,052,THPT Lê Quý Đôn,"TT. Hoàn Lão, Huyện Bố Trạch, Tỉnh Quảng Bình",KV2-NT,
3579,31,Quảng Bình,05,Huyện Bố Trạch,053,THPT Hùng Vương,"Xã Cự Nẫm, Huyện Bố Trạch, Tỉnh Quảng Bình",KV2-NT,
3580,31,Quảng Bình,05,Huyện Bố Trạch,054,THPT Trần Phú,"Xã Bắc Trạch, Huyện Bố Trạch, Tỉnh Quảng Bình",KV2-NT,
3581,31,Quảng Bình,05,Huyện Bố Trạch,055,THPT Nguyễn Trãi (Trước 04/6/2021),"Xã Phúc Trạch, Huyện Bố Trạch, Tỉnh Quảng Bình",KV1,
3582,31,Quảng Bình,05,Huyện Bố Trạch,056,THPT Ngô Quyền,"TT. Hoàn Lão, Huyện Bố Trạch, Tỉnh Quảng Bình",KV2-NT,
3583,31,Quảng Bình,05,Huyện Bố Trạch,072,THPT Nguyễn Trãi (Từ 04/6/2021),"Xã Phúc Trạch, huyện Bố Trạch, Tỉnh Quảng Bình",KV2-NT,
3584,31,Quảng Bình,05,Huyện Bố Trạch,079,TT GDNN-GDTX Bố Trạch (Từ năm 2022),"Xã Trung Trạch, Huyện Bố Trạch, Tỉnh Quảng Bình",KV2-NT,
3585,31,Quảng Bình,05,Huyện Bố Trạch,612,TT GDTX Bố Trạch,"TT. Hoàn Lão,Huyện Bố Trạch, Tỉnh Quảng Bình",KV2-NT,
3586,31,Quảng Bình,05,Huyện Bố Trạch,613,TT KTTH HN-DN Bố Trạch,"TT. Hoàn Lão,Huyện Bố Trạch, Tỉnh Quảng Bình",KV2-NT,
3587,31,Quảng Bình,06,Huyện Quảng Ninh,033,THPT Quảng Ninh,"Xã Xuân Ninh, Huyện Quảng Ninh, Tỉnh Quảng Bình",KV2-NT,
3588,31,Quảng Bình,06,Huyện Quảng Ninh,034,THPT Ninh Châu,"Xã Võ Ninh, Huyện Quảng Ninh, Tỉnh Quảng Bình",KV2-NT,
3589,31,Quảng Bình,06,Huyện Quảng Ninh,035,TT GD-DN Quảng Ninh,"Xã Gia Ninh, Huyện Quảng Ninh, Tỉnh Quảng Bình",KV2-NT,
3590,31,Quảng Bình,06,Huyện Quảng Ninh,036,THPT Nguyễn Hữu Cảnh,"Xã Hiền Ninh, Huyện Quảng Ninh, Tỉnh Quảng Bình",KV2-NT,
3591,31,Quảng Bình,06,Huyện Quảng Ninh,058,"THPT Nguyễn Hữu Cảnh (Trước 2019), khu vực ưu tiên là KV1","Xã Hiền Ninh, Huyện Quảng Ninh, Tỉnh Quảng Bình",KV1,
3592,31,Quảng Bình,06,Huyện Quảng Ninh,061,"THPT Nguyễn Hữu Cảnh (Từ 2019),khu vực ưu tiên mới (không còn là KV1 nữa)","Xã Hiền Ninh, Huyện Quảng Ninh, Tỉnh Quảng Bình",KV2-NT,
3593,31,Quảng Bình,06,Huyện Quảng Ninh,081,TT GDNN-GDTX Quảng Ninh (Từ năm 2022),"Xã Gia Ninh, Huyện Quảng Ninh, Tỉnh Quảng Bình",KV2-NT,
3594,31,Quảng Bình,06,Huyện Quảng Ninh,614,TT GDTX Quảng Ninh,"TT. Quán Hàu, Huyện Quảng Ninh, Tỉnh Quảng Bình",KV2-NT,
3595,31,Quảng Bình,06,Huyện Quảng Ninh,615,TT KTTH HN-DN Quảng Ninh,"Xã Gia Ninh, Huyện Quảng Ninh, Tỉnh Quảng Bình",KV2-NT,
3596,31,Quảng Bình,07,Huyện Lệ Thủy,038,THPT Lệ Thuỷ,"TT. Kiến Giang, Huyện Lệ Thuỷ, Tỉnh Quảng Bình",KV2-NT,
3597,31,Quảng Bình,07,Huyện Lệ Thủy,039,THPT Hoàng Hoa Thám (Trước 04/6/2021),"TT. NT Lệ Ninh, Huyện Lệ Thuỷ, Tỉnh Quảng Bình",KV1,
3598,31,Quảng Bình,07,Huyện Lệ Thủy,040,"THPT Trần Hưng Đạo (Trước năm 2021, KV1)","Xã Hưng Thủy, Huyện Lệ Thuỷ, Tỉnh Quảng Bình",KV1,
3599,31,Quảng Bình,07,Huyện Lệ Thủy,041,THPT Nguyễn Chí Thanh,"TT. Kiến Giang, Huyện Lệ Thuỷ, Tỉnh Quảng Bình",KV2-NT,
3600,31,Quảng Bình,07,Huyện Lệ Thủy,042,TT GD-DN Lệ Thuỷ,"TT. Kiến Giang, Huyện Lệ Thuỷ, Tỉnh Quảng Bình",KV2-NT,
3601,31,Quảng Bình,07,Huyện Lệ Thủy,043,THPT KT Lệ Thuỷ,"Xã Phong Thủy, Huyện Lệ Thuỷ, Tỉnh Quảng Bình",KV2-NT,
3602,31,Quảng Bình,07,Huyện Lệ Thủy,045,THCS và THPT Dương Văn An,"Xã Thanh Thủy, Huyện Lệ Thuỷ, Tỉnh Quảng Bình",KV2-NT,
3603,31,Quảng Bình,07,Huyện Lệ Thủy,062,"THPT Trần Hưng Đạo (Từ năm 2021, KV2-NT)","Xã Hưng Thủy, Huyện Lệ Thủy, Tỉnh Quảng Bình",KV2-NT,
3604,31,Quảng Bình,07,Huyện Lệ Thủy,071,THPT Hoàng Hoa Thám (Từ 04/6/2021),"TT. NT Lệ Ninh, huyện Lệ Thủy, Tỉnh Quảng Bình",KV2-NT,
3605,31,Quảng Bình,07,Huyện Lệ Thủy,082,TT GDNN-GDTX Lệ Thủy (Từ năm 2022),"TT. Kiến Giang, Huyện Lệ Thủy, Tỉnh Quảng Bình",KV2-NT,
3606,31,Quảng Bình,07,Huyện Lệ Thủy,616,TT GDTX Lệ Thủy,"TT. Kiến Giang, Huyện Lệ Thuỷ, Tỉnh Quảng Bình",KV2-NT,
3607,31,Quảng Bình,07,Huyện Lệ Thủy,617,TT KTTH HN-DN Lệ Thủy,"Xã Mai Thủy, Huyện Lệ Thuỷ, Tỉnh Quảng Bình",KV2-NT,
3608,31,Quảng Bình,08,Thị xã Ba Đồn,019,THPT Lương Thế Vinh,"Phường Ba Đồn, TX. Ba Đồn, Tỉnh Quảng Bình",KV2,
3609,31,Quảng Bình,08,Thị xã Ba Đồn,020,THPT Lê Hồng Phong,"Xã Quảng Hòa, TX. Ba Đồn, Tỉnh Quảng Bình",KV2,
3610,31,Quảng Bình,08,Thị xã Ba Đồn,022,THPT Nguyễn Bỉnh Khiêm (Trước 05/9/2021),"Phường Ba Đồn, TX. Ba Đồn, Tỉnh Quảng Bình",KV2,
3611,31,Quảng Bình,08,Thị xã Ba Đồn,023,TT GD-DN Quảng Trạch,"Phường Quảng Long, TX. Ba Đồn, Tỉnh Quảng Bình",KV2,
3612,31,Quảng Bình,08,Thị xã Ba Đồn,044,THPT Lê Lợi (Trước năm 2018),"Xã Quảng Lộc, TX. Ba Đồn, Tỉnh Quảng Bình",KV1,
3613,31,Quảng Bình,08,Thị xã Ba Đồn,051,TT GD-DN Ba Đồn,"Phường Ba Đồn, TX. Ba Đồn, Tỉnh Quảng Bình",KV2,
3614,31,Quảng Bình,08,Thị xã Ba Đồn,060,THPT Lê Lợi (Từ năm 2018),"Xã Quảng Lộc, TX. Ba Đồn, Tỉnh Quảng Bình",KV2,
3615,31,Quảng Bình,08,Thị xã Ba Đồn,077,TT GDNN-GDTX Ba Đồn (Từ năm 2022),"Phường Ba Đồn, TX. Ba Đồn, Tỉnh Quảng Bình",KV2,
3616,31,Quảng Bình,08,Thị xã Ba Đồn,078,TT GDNN-GDTX Quảng Trạch (Từ năm 2022),"Phường Quảng Long, TX. Ba Đồn, Tỉnh Quảng Bình",KV2,
3617,31,Quảng Bình,08,Thị xã Ba Đồn,619,THPT Số 5 Quảng Trạch,"Xã Quảng Lộc, Huyện Quảng Trạch (cũ), Tỉnh Quảng Bình",KV1,
3618,32,Quảng Trị,00,Sở Giáo dục và Đào tạo,800,Học ở nước ngoài_32,"136 Quốc lộ 9, TP. Đông Hà",KV3,
3619,32,Quảng Trị,00,Sở Giáo dục và Đào tạo,900,"Quân nhân, Công an tại ngũ_32","136 Quốc lộ 9, TP. Đông Hà",KV3,
3620,32,Quảng Trị,01,Thành phố Đông Hà,024,THPT chuyên Lê Quý Đôn,Phường 5-TP. Đông Hà,KV2,
3621,32,Quảng Trị,01,Thành phố Đông Hà,025,THPT Đông Hà,Phường 1- TP. Đông Hà,KV2,
3622,32,Quảng Trị,01,Thành phố Đông Hà,026,THPT Lê Lợi,Phường 5- TP. Đông Hà,KV2,
3623,32,Quảng Trị,01,Thành phố Đông Hà,027,THPT Phan Châu Trinh,Phường 1- TP. Đông Hà,KV2,
3624,32,Quảng Trị,01,Thành phố Đông Hà,028,Trung tâm KTTH-HN tỉnh,Phường 1- TP. Đông Hà,KV2,
3625,32,Quảng Trị,01,Thành phố Đông Hà,051,Trung tâm GDTX Đông Hà,Phường 1-Thị xã Đông hà,KV2,
3626,32,Quảng Trị,01,Thành phố Đông Hà,063,TC nghề Quảng Trị,"Phường 5, TP Đông Hà",KV2,
3627,32,Quảng Trị,01,Thành phố Đông Hà,066,"TH, THCS và THPT Trưng Vương","Đông Hà, Quảng Trị",KV2,
3628,32,Quảng Trị,01,Thành phố Đông Hà,071,Trung tâm GDNN-GDTX TP. Đông Hà,"Phường 1, TP. Đông hà",KV2,
3629,32,Quảng Trị,01,Thành phố Đông Hà,080,Liên cấp Hội nhập quốc tế iSchool Quảng Trị,TP Đông Hà,KV2,
3630,32,Quảng Trị,01,Thành phố Đông Hà,084,Phổ thông liên cấp Cao đẳng sư phạm Quảng Trị,"Phường 3, TP. Đông hà",KV2,
3631,32,Quảng Trị,01,Thành phố Đông Hà,801,Trường THPT - Khu vực 1,,KV1,
3632,32,Quảng Trị,01,Thành phố Đông Hà,802,Trường THPT - KV2NT,,KV2-NT,
3633,32,Quảng Trị,01,Thành phố Đông Hà,803,Trường THPT - KV2,,KV2,
3634,32,Quảng Trị,01,Thành phố Đông Hà,804,Trường THPT - Khu vực 3,,KV3,
3635,32,Quảng Trị,02,Thị xã Quảng Trị,016,THPT Thị xã Quảng Trị,Phường1-Thị xã Quảng Trị,KV2,
3636,32,Quảng Trị,02,Thị xã Quảng Trị,017,Phổ thông DTNT tỉnh,Phường1-Thị xã Quảng Trị,KV2,DTNT
3637,32,Quảng Trị,02,Thị xã Quảng Trị,018,THPT Nguyễn Huệ,Phường1-Thị xã Quảng Trị,KV2,
3638,32,Quảng Trị,02,Thị xã Quảng Trị,053,Trung tâm GDTX TX Quảng trị,Phường1-Thị xã Quảng Trị,KV2,
3639,32,Quảng Trị,02,Thị xã Quảng Trị,057,Trung tâm KTTH-HN TX Quảng trị,Phường1-Thị xã Quảng Trị,KV2,
3640,32,Quảng Trị,02,Thị xã Quảng Trị,073,Trung tâm GDNN-GDTX TX. Quảng trị,"Phường1, TX. Quảng Trị",KV2,
3641,32,Quảng Trị,03,Huyện Vĩnh Linh,043,THPT Vĩnh Linh,Thị trấn Hồ Xá-H.Vĩnh Linh,KV2-NT,
3642,32,Quảng Trị,03,Huyện Vĩnh Linh,044,THPT Cửa Tùng,Xã Vĩnh Quang -H.Vĩnh Linh,KV2-NT,
3643,32,Quảng Trị,03,Huyện Vĩnh Linh,045,THPT Nguyễn Công Trứ,Thị trấn Hồ Xá-H.Vĩnh Linh,KV2-NT,
3644,32,Quảng Trị,03,Huyện Vĩnh Linh,046,THCS&THPT Bến Quan (trước 04/6/2021),TT Bến Quan-H.Vĩnh Linh,KV1,
3645,32,Quảng Trị,03,Huyện Vĩnh Linh,056,Trung tâm GDTX Vĩnh Linh,Thị trấn Hồ Xá-H.Vĩnh Linh,KV2-NT,
3646,32,Quảng Trị,03,Huyện Vĩnh Linh,058,Trung tâm KTTH-HN Vĩnh Linh,Thị trấn Hồ Xá-H.Vĩnh Linh,KV2-NT,
3647,32,Quảng Trị,03,Huyện Vĩnh Linh,067,THCS&THPT Bến Hải,"Xã Vĩnh Lâm, H. Vĩnh Linh",KV2-NT,
3648,32,Quảng Trị,03,Huyện Vĩnh Linh,076,Trung tâm GDNN-GDTX Vĩnh Linh,"TT Hồ Xá, H. Vĩnh Linh",KV2-NT,
3649,32,Quảng Trị,03,Huyện Vĩnh Linh,081,THPT Bến Quan (trước 01/9/2015),"TT Bến Quan, H.Vĩnh Linh",KV1,
3650,32,Quảng Trị,03,Huyện Vĩnh Linh,082,THPT Bến Hải (trước 22/8/2018),"Xã Vĩnh Lâm, H. Vĩnh Linh",KV2-NT,
3651,32,Quảng Trị,03,Huyện Vĩnh Linh,086,THCS&THPT Bến Quan,"Thị trấn Bến Quan, huyện Vĩnh Linh",KV2-NT,
3652,32,Quảng Trị,04,Huyện Gio Linh,039,THCS&THPT Cồn Tiên (trước 04/6/2021),Xã Hải Thái-H. Gio Linh,KV1,
3653,32,Quảng Trị,04,Huyện Gio Linh,040,THPT Gio Linh,Thị trấn Gio Linh-H. Gio Linh,KV2-NT,
3654,32,Quảng Trị,04,Huyện Gio Linh,041,THPT Nguyễn Du (trước 29/7/2019),Thị trấn Gio Linh-H. Gio Linh,KV2-NT,
3655,32,Quảng Trị,04,Huyện Gio Linh,055,Trung tâm GDTX Gio Linh,Thị trấn Gio Linh-H. Gio Linh,KV2-NT,
3656,32,Quảng Trị,04,Huyện Gio Linh,075,Trung tâm GDNN-GDTX Gio Linh,"TT Gio Linh, H. Gio Linh",KV2-NT,
3657,32,Quảng Trị,04,Huyện Gio Linh,077,THCS&THPT Cửa Việt,"Thị trấn Cửa Việt, Gio Linh, Quảng Trị",KV2-NT,
3658,32,Quảng Trị,04,Huyện Gio Linh,083,THPT Cồn Tiên (trước 22/8/2018),Xã Hải Thái - H. Gio Linh,KV1,
3659,32,Quảng Trị,04,Huyện Gio Linh,087,THCS&THPT Cồn Tiên,Xã Hải Thái-H. Gio Linh,KV2-NT,
3660,32,Quảng Trị,05,Huyện Cam Lộ,030,THPT Tân Lâm (trước 24/02/2020),Xã Cam Thành-H. Cam Lộ,KV1,
3661,32,Quảng Trị,05,Huyện Cam Lộ,031,THPT Cam Lộ,Thị trấn Cam Lộ-H. Cam Lộ,KV2-NT,
3662,32,Quảng Trị,05,Huyện Cam Lộ,032,THPT Lê Thế Hiếu (trước 04/6/2021),Xã Cam Chính-H. Cam Lộ,KV1,
3663,32,Quảng Trị,05,Huyện Cam Lộ,050,Trung tâm GDTX Cam Lộ,Thị trấn Cam Lộ-H. Cam Lộ,KV2-NT,
3664,32,Quảng Trị,05,Huyện Cam Lộ,064,THPT Chế Lan Viên,"Xã Thanh An, Cam Lộ, Quảng Trị",KV2-NT,
3665,32,Quảng Trị,05,Huyện Cam Lộ,070,Trung tâm GDNN-GDTX Cam Lộ,"TT Cam Lộ, H. Cam Lộ",KV2-NT,
3666,32,Quảng Trị,05,Huyện Cam Lộ,079,THCS&THPT Tân Lâm (trước 04/6/2021),"Cam Thành, Cam Lộ",KV1,
3667,32,Quảng Trị,05,Huyện Cam Lộ,088,THPT Lê Thế Hiếu,"Xã Cam Chính, Huyện Cam Lộ",KV2-NT,
3668,32,Quảng Trị,05,Huyện Cam Lộ,089,THCS&THPT Tân Lâm,"Xã Cam Thành, Huyện Cam Lộ",KV2-NT,
3669,32,Quảng Trị,06,Huyện Triệu Phong (trước ngày 01/01/2021),020,THPT Triệu Phong (trước 01/01/2016),Xã Triệu Phước-H. Triệu Phong,KV1,
3670,32,Quảng Trị,06,Huyện Triệu Phong (trước ngày 01/01/2021),021,THPT Chu Văn An (trước ngày 01/01/2021),Thị trấn ái Tử-H. Triệu Phong,KV2-NT,
3671,32,Quảng Trị,06,Huyện Triệu Phong (trước ngày 01/01/2021),022,THPT Vĩnh Định (trước ngày 01/01/2021),Xã Triệu Tài-H. Triệu Phong,KV2-NT,
3672,32,Quảng Trị,06,Huyện Triệu Phong (trước ngày 01/01/2021),054,Trung tâm GDTX Triệu Phong,Thị trấn ái Tử-H. Triệu Phong,KV2-NT,
3673,32,Quảng Trị,06,Huyện Triệu Phong (trước ngày 01/01/2021),062,THPT Nguyễn Hữu Thận (trước ngày 01/01/2021),"Triệu Đại, Triệu Phong, Quảng Trị",KV2-NT,
3674,32,Quảng Trị,06,Huyện Triệu Phong (trước ngày 01/01/2021),074,Trung tâm GDNN-GDTX Triệu Phong (trước ngày 01/01/2021),"TT ái Tử, H. Triệu Phong",KV2-NT,
3675,32,Quảng Trị,06,Huyện Triệu Phong (trước ngày 01/01/2021),085,THPT Triệu Phong (trước ngày 01/01/2021),"Triệu Phước, Triệu Phong, Quảng Trị",KV2-NT,
3676,32,Quảng Trị,07,Huyện Hải Lăng,011,THPT Bùi Dục Tài,Xã Hải Chánh-H. Hải Lăng,KV2-NT,
3677,32,Quảng Trị,07,Huyện Hải Lăng,012,THPT Hải Lăng,Thị Trấn Hải Lăng-H. Hải Lăng,KV2-NT,
3678,32,Quảng Trị,07,Huyện Hải Lăng,013,THPT Trần Thị Tâm,Xã Hải Quế -H. Hải Lăng,KV2-NT,
3679,32,Quảng Trị,07,Huyện Hải Lăng,014,THPT Nguyễn Bỉnh Khiêm,Thị trấn Hải Lăng-H. Hải Lăng,KV2-NT,
3680,32,Quảng Trị,07,Huyện Hải Lăng,052,Trung tâm GDTX Hải Lăng,Thị trấn Hải Lăng-H. Hải Lăng,KV2-NT,
3681,32,Quảng Trị,07,Huyện Hải Lăng,072,Trung tâm GDNN-GDTX Hải Lăng,"TT Hải Lăng, H. Hải Lăng",KV2-NT,
3682,32,Quảng Trị,08,Huyện Hướng Hóa,034,THPT Hướng Hoá,Thị trấn Khe Sanh-H. Hướng Hoá,KV1,
3683,32,Quảng Trị,08,Huyện Hướng Hóa,035,THPT Lao Bảo,Thị trấn Lao Bảo-H. Hướng Hoá,KV1,
3684,32,Quảng Trị,08,Huyện Hướng Hóa,048,Trung tâm GDTX Hướng Hoá,Thị trấn Khe Sanh-H. Hướng Hoá,KV1,
3685,32,Quảng Trị,08,Huyện Hướng Hóa,059,THPT Hướng Phùng,Xã Hướng Phùng-H. Hướng Hoá,KV1,
3686,32,Quảng Trị,08,Huyện Hướng Hóa,061,THPT A Túc,Xã A Túc H. Hướng Hoá,KV1,
3687,32,Quảng Trị,08,Huyện Hướng Hóa,068,Trung tâm GDNN-GDTX Hướng Hoá,"TT Khe Sanh, H. Hướng Hoá",KV1,
3688,32,Quảng Trị,09,Huyện Đakrông,037,THPT Đakrông,TT Krông Klang-H. Đakrông,KV1,
3689,32,Quảng Trị,09,Huyện Đakrông,049,Trung tâm GDTX Đakrông,TT Krông Klang-H. Đakrông,KV1,
3690,32,Quảng Trị,09,Huyện Đakrông,060,THPT Số 2 Đakrông (trước 24/02/2020),Xã Tà Rụt-H. Đakrông,KV1,
3691,32,Quảng Trị,09,Huyện Đakrông,069,Trung tâm GDNN-GDTX Đakrông,"TT Krông Klang, H. Đakrông",KV1,
3692,32,Quảng Trị,09,Huyện Đakrông,078,THCS&THPT Đakrông,Tà Rụt,KV1,
3693,32,Quảng Trị,11,Huyện Triệu Phong,090,THPT Triệu Phong,Xã Triệu Phước- huyệnTriệu Phong,KV2-NT,
3694,32,Quảng Trị,11,Huyện Triệu Phong,091,THPT Chu Văn An,"Thị trấn Ái Tử, huyện Triệu Phong",KV2-NT,
3695,32,Quảng Trị,11,Huyện Triệu Phong,092,THPT Vĩnh Định,Xã Triệu Tài- huyện Triệu Phong,KV2-NT,
3696,32,Quảng Trị,11,Huyện Triệu Phong,093,THPT Nguyễn Hữu Thận,"Triệu Đại, Triệu Phong, Quảng Trị",KV2-NT,
3697,32,Quảng Trị,11,Huyện Triệu Phong,094,Trung tâm GDNN-GDTX Triệu Phong,"Thị trấn Ái Tử, huyện Triệu Phong",KV2-NT,
3698,33,Thành phố Huế,00,Sở Giáo dục và Đào tạo,800,Học ở nước ngoài_33,,KV3,
3699,33,Thành phố Huế,00,Sở Giáo dục và Đào tạo,900,"Quân nhân, Công an tại ngũ_33",,KV3,
3700,33,Thành phố Huế,01,Thành phố Huế,000,Sở Giáo dục và Đào tạo Thừa Thiên Huế,"Ph. Vĩnh Ninh, TP Huế",KV2,
3701,33,Thành phố Huế,01,Thành phố Huế,001,THPT Chuyên Quốc Học-Huế,"Ph. Vĩnh Ninh, TP Huế",KV2,
3702,33,Thành phố Huế,01,Thành phố Huế,002,THPT Hai Bà Trưng,"Ph. Vĩnh Ninh, TP Huế",KV2,
3703,33,Thành phố Huế,01,Thành phố Huế,003,THPT Nguyễn Huệ,"Ph. Thuận Thành, TP Huế",KV2,
3704,33,Thành phố Huế,01,Thành phố Huế,004,THPT Gia Hội,"Ph. Phú Hiệp, TP Huế",KV2,
3705,33,Thành phố Huế,01,Thành phố Huế,005,THPT Bùi Thị Xuân,"Ph. Thuận Hoà, TP Huế",KV2,
3706,33,Thành phố Huế,01,Thành phố Huế,007,THPT Nguyễn Trường Tộ,"Ph. Phú Nhuận, TP Huế",KV2,
3707,33,Thành phố Huế,01,Thành phố Huế,009,TT GDTX TP Huế (Trước 01/01/2017),"Ph. Phước Vĩnh, TP Huế",KV2,
3708,33,Thành phố Huế,01,Thành phố Huế,010,Khối chuyên ĐHKH Huế (Trước 31/5/2022),"Ph. Phú Nhuận, TP Huế",KV2,
3709,33,Thành phố Huế,01,Thành phố Huế,025,Phổ thông Dân tộc Nội trú Tỉnh,"Ph. Phường Đúc, TP Huế",KV1,DTNT
3710,33,Thành phố Huế,01,Thành phố Huế,028,Phòng GDCN Sở GD-ĐT TT-Huế,"Ph. Vĩnh Ninh, TP Huế",KV2,
3711,33,Thành phố Huế,01,Thành phố Huế,029,THPT Đặng Trần Côn,"Ph. Thuận Hoà, TP Huế",KV2,
3712,33,Thành phố Huế,01,Thành phố Huế,032,TC Phật Học Huế,"Ph. Trường An, TP Huế",KV2,
3713,33,Thành phố Huế,01,Thành phố Huế,033,Học viện Âm nhạc Huế,"Ph. Vĩnh Ninh, TP Huế",KV2,
3714,33,Thành phố Huế,01,Thành phố Huế,034,CĐ Công nghiệp Huế,"Ph. Vĩnh Ninh, TP Huế",KV2,
3715,33,Thành phố Huế,01,Thành phố Huế,036,THPT Chi Lăng,"Ph. Phú Cát, TP Huế",KV2,
3716,33,Thành phố Huế,01,Thành phố Huế,038,THPT DL Trần Hưng Đạo,"Ph. Vỹ Dạ, TP Huế",KV2,
3717,33,Thành phố Huế,01,Thành phố Huế,042,THPT Cao Thắng,"Ph. Phú Nhuận, TP Huế",KV2,
3718,33,Thành phố Huế,01,Thành phố Huế,048,TH VHNT Thừa Thiên Huế,"Ph. Thuận Thành , TP Huế",KV2,
3719,33,Thành phố Huế,01,Thành phố Huế,052,CĐ Nghề Du lịch Huế,"Ph. Phú Hội, TP Huế",KV2,
3720,33,Thành phố Huế,01,Thành phố Huế,054,TC Nghề số 10,"Ph. Vĩnh Ninh, TP Huế",KV2,
3721,33,Thành phố Huế,01,Thành phố Huế,056,CĐ Nghề số 23 Bộ Quốc phòng,"Ph. Tây Lộc, TP Huế",KV2,
3722,33,Thành phố Huế,01,Thành phố Huế,058,TC Nghề Huế,"Ph. Kim Long, TP Huế",KV2,
3723,33,Thành phố Huế,01,Thành phố Huế,064,TTGDNN-GDTX TP Huế,"Ph. Phước Vĩnh, TP Huế",KV2,
3724,33,Thành phố Huế,01,Thành phố Huế,073,THPT Thuận Hóa,"Phường An Tây, TP Huế",KV2,
3725,33,Thành phố Huế,01,Thành phố Huế,087,THPT Hương Vinh,"Ph. Hương Vinh, TP Huế",KV2,
3726,33,Thành phố Huế,01,Thành phố Huế,088,THPT Phan Đăng Lưu,"Xã Phú Dương, H. Phú Vang",KV2,
3727,33,Thành phố Huế,01,Thành phố Huế,089,THPT Thuận An,"Ph. Thuận An, TP Huế",KV2,
3728,33,Thành phố Huế,01,Thành phố Huế,090,THPT Chuyên Khoa học Huế,"38 Đống Đa, Phú Nhuận, TP Huế",KV2,
3729,33,Thành phố Huế,01,Thành phố Huế,091,Song ngữ Quốc tế Học viện Anh Quốc - UK Academy Huế,"Tỉnh Lộ 10, P. Phú Thượng, TP. Huế",KV2,
3730,33,Thành phố Huế,01,Thành phố Huế,095,"Tiểu học, Trung học cơ sở và Trung học phổ thông Song ngữ Quốc tế Học viện Anh quốc - Huế","Tỉnh Lộ 10, P. Phú Thượng, TP. Huế",KV2,
3731,33,Thành phố Huế,01,Thành phố Huế,801,Trường THPT - Khu vực 1,,KV1,
3732,33,Thành phố Huế,01,Thành phố Huế,802,Trường THPT - KV2NT,,KV2-NT,
3733,33,Thành phố Huế,01,Thành phố Huế,803,Trường THPT - KV2,,KV2,
3734,33,Thành phố Huế,01,Thành phố Huế,804,Trường THPT - Khu vực 3,,KV3,
3735,33,Thành phố Huế,02,Huyện Phong Điền,011,THPT Phong Điền,"TT Phong Điền, H. Phong Điền",KV2-NT,
3736,33,Thành phố Huế,02,Huyện Phong Điền,012,THPT Tam Giang,"Xã Điền Hải, H. Phong Điền",KV2-NT,
3737,33,Thành phố Huế,02,Huyện Phong Điền,013,THPT Nguyễn Đình Chiểu,"Xã Phong An, H. Phong Điền",KV2-NT,
3738,33,Thành phố Huế,02,Huyện Phong Điền,037,THPT Trần Văn Kỷ (Trước 15/3/2022),"Xã Phong Bình, H. Phong Điền",KV1,
3739,33,Thành phố Huế,02,Huyện Phong Điền,053,CĐ Nghề Nguyễn Tri Phương,"Xã Phong An, H. Phong Điền",KV2-NT,
3740,33,Thành phố Huế,02,Huyện Phong Điền,059,TTGDTX Phong Điền (Trước 01/01/2017),"TT Phong Điền, H. Phong Điền",KV2-NT,
3741,33,Thành phố Huế,02,Huyện Phong Điền,065,TTGDNN-GDTX Phong Điền,"TT Phong Điền, H. Phong Điền",KV2-NT,
3742,33,Thành phố Huế,02,Huyện Phong Điền,092,THPT Trần Văn Kỷ,"Xã Phong Bình, H. Phong Điền",KV2-NT,
3743,33,Thành phố Huế,03,Huyện Quảng Điền,008,THPT Hóa Châu (Trước 01/01/2021),"Xã Quảng An, H. Quảng Điền",KV1,
3744,33,Thành phố Huế,03,Huyện Quảng Điền,014,THPT Nguyễn Chí Thanh,"TT Sịa, H. Quảng Điền",KV2-NT,
3745,33,Thành phố Huế,03,Huyện Quảng Điền,044,THPT Tố Hữu (Trước 01/01/2019),"Xã Quảng Công, H. Quảng Điền",KV1,
3746,33,Thành phố Huế,03,Huyện Quảng Điền,049,TTGDTX Quảng Điền (Trước 01/01/2017),"TT Sịa, H. Quảng Điền",KV2-NT,
3747,33,Thành phố Huế,03,Huyện Quảng Điền,057,TC Nghề Quảng Điền,"TT Sịa, H. Quảng Điền",KV2-NT,
3748,33,Thành phố Huế,03,Huyện Quảng Điền,066,TTGDNN-GDTX Quảng Điền,"TT Sịa, H. Quảng Điền",KV2-NT,
3749,33,Thành phố Huế,03,Huyện Quảng Điền,080,THPT Tố Hữu,"Xã Quảng Công, H.Quảng Điền",KV2-NT,
3750,33,Thành phố Huế,03,Huyện Quảng Điền,082,THPT Hóa Châu,"Xã Quảng An, H. Quảng Điền",KV2-NT,
3751,33,Thành phố Huế,04,Thị xã Hương Trà,015,THPT Đặng Huy Trứ,"Ph. Hương Chữ, TX Hương Trà",KV2,
3752,33,Thành phố Huế,04,Thị xã Hương Trà,027,THPT Hương Vinh (Trước 01/7/2021),"Xã Hương Vinh, TX Hương Trà",KV2,
3753,33,Thành phố Huế,04,Thị xã Hương Trà,030,THPT Bình Điền (Trước 01/01/2018),"Xã Bình Điền, TX Hương Trà",KV1,
3754,33,Thành phố Huế,04,Thị xã Hương Trà,041,THPT Hương Trà,"Ph. Tứ Hạ, TX Hương Trà",KV2,
3755,33,Thành phố Huế,04,Thị xã Hương Trà,060,TTGDTX Hương Trà (Trước 01/01/2017),"Ph. Tứ Hạ, TX Hương Trà",KV2,
3756,33,Thành phố Huế,04,Thị xã Hương Trà,067,TTGDNN-GDTX TX Hương Trà,"Ph. Tứ Hạ, TX Hương Trà",KV2,
3757,33,Thành phố Huế,04,Thị xã Hương Trà,079,THPT Bình Điền,"Xã Bình Thành, TX Hương Trà",KV1,
3758,33,Thành phố Huế,05,Huyện Phú Vang,006,Phổ thông Huế Star (Trước ngày 01/7/2021),Xã Phú Thượng H. Phú Vang,KV2-NT,
3759,33,Thành phố Huế,05,Huyện Phú Vang,016,THPT Phan Đăng Lưu (Trước 01/7/2021),"Xã Phú Dương, H. Phú Vang",KV2-NT,
3760,33,Thành phố Huế,05,Huyện Phú Vang,017,THPT Nguyễn Sinh Cung,"TT Phú Đa, H. Phú Vang",KV2-NT,
3761,33,Thành phố Huế,05,Huyện Phú Vang,031,THPT Vinh Xuân (Trước 15/3/2022),"Xã Vinh Xuân, H. Phú Vang",KV1,
3762,33,Thành phố Huế,05,Huyện Phú Vang,035,THPT Thuận An (Trước ngày 01/7/2021),"TT Thuận An, H. Phú Vang",KV2-NT,
3763,33,Thành phố Huế,05,Huyện Phú Vang,047,THPT Hà Trung (Trước 15/3/2022),"Xã Vinh Hà, H. Phú Vang",KV1,
3764,33,Thành phố Huế,05,Huyện Phú Vang,050,TTGDTX Phú Vang (Trước 25/01/2017),"Xã Phú Mỹ , H. Phú Vang",KV1,
3765,33,Thành phố Huế,05,Huyện Phú Vang,068,TTGDNN-GDTX Phú Vang,"Xã Phú Mỹ , H. Phú Vang",KV2-NT,
3766,33,Thành phố Huế,05,Huyện Phú Vang,093,THPT Hà Trung,"Xã Vinh Hà, H. Phú Vang",KV2-NT,
3767,33,Thành phố Huế,05,Huyện Phú Vang,094,THPT Vinh Xuân,"Xã Vinh Xuân, H. Phú Vang",KV2-NT,
3768,33,Thành phố Huế,06,Thị xã Hương Thủy,018,THPT Hương Thủy,"Ph. Thuỷ Phương, TX Hương Thuỷ",KV2,
3769,33,Thành phố Huế,06,Thị xã Hương Thủy,019,THPT Phú Bài,"Ph. Thuỷ Châu, TX Hương Thuỷ",KV2,
3770,33,Thành phố Huế,06,Thị xã Hương Thủy,046,THPT Nguyễn Trãi,"Ph. Phú Bài, TX Hương Thuỷ",KV2,
3771,33,Thành phố Huế,06,Thị xã Hương Thủy,051,TTGDTX Hương Thủy (Trước 01/01/2017),"Ph. Thủy Phương, TX Hương Thủy",KV2,
3772,33,Thành phố Huế,06,Thị xã Hương Thủy,055,CĐ Nghề Thừa Thiên Huế,"Ph. Phú Bài, TX Hương Thủy",KV2,
3773,33,Thành phố Huế,06,Thị xã Hương Thủy,069,TTGDNN-GDTX TX Hương Thủy,"Ph. Thủy Phương, TX Hương Thủy",KV2,
3774,33,Thành phố Huế,07,Huyện Phú Lộc,020,THPT An Lương Đông,"Xã Lộc An, H. Phú Lộc",KV2-NT,
3775,33,Thành phố Huế,07,Huyện Phú Lộc,021,THPT Vinh Lộc (Trước 25/01/2017),"Xã Vinh Hưng, H. Phú Lộc",KV1,
3776,33,Thành phố Huế,07,Huyện Phú Lộc,022,THPT Phú Lộc,"TT Phú Lộc, H. Phú Lộc",KV2-NT,
3777,33,Thành phố Huế,07,Huyện Phú Lộc,026,THPT Thừa Lưu,"Xã Lộc Tiến, H. Phú Lộc",KV2-NT,
3778,33,Thành phố Huế,07,Huyện Phú Lộc,045,THPT Tư thục Thế Hệ Mới,"Xã Lộc Sơn, H. Phú Lộc",KV2-NT,
3779,33,Thành phố Huế,07,Huyện Phú Lộc,061,TTGDTX Phú Lộc (Trước 01/01/2017),"TT Phú Lộc, H. Phú Lộc",KV2-NT,
3780,33,Thành phố Huế,07,Huyện Phú Lộc,070,TTGDNN-GDTX Phú Lộc,"TT Phú Lộc, H. Phú Lộc",KV2-NT,
3781,33,Thành phố Huế,07,Huyện Phú Lộc,074,THPT Vinh Lộc,"Xã Vinh Hưng, H. Phú Lộc",KV2-NT,
3782,33,Thành phố Huế,08,Huyện Nam Đông,023,THPT Nam Đông (Trước 04/6/2021),"TT Khe Tre, H. Nam Đông",KV1,
3783,33,Thành phố Huế,08,Huyện Nam Đông,043,THPT Hương Giang,"Xã Thượng Nhật, H. Nam Đông",KV1,
3784,33,Thành phố Huế,08,Huyện Nam Đông,062,TTGDTX Nam Đông (Trước 01/01/2017),"TT Khe Tre, H. Nam Đông",KV1,
3785,33,Thành phố Huế,08,Huyện Nam Đông,071,TTGDNN-GDTX Nam Đông (Từ 01/01/2017 đến 04/6/2021),"Xã Hương Hòa, H. Nam Đông",KV1,
3786,33,Thành phố Huế,08,Huyện Nam Đông,083,THPT Nam Đông,"Thị trấn Khe Tre, H. Nam Đông",KV2-NT,
3787,33,Thành phố Huế,08,Huyện Nam Đông,084,TTGDNN-GDTX Nam Đông,"Xã Hương Xuân, H. Nam Đông",KV2-NT,
3788,33,Thành phố Huế,09,Huyện A Lưới,024,THPT A Lưới,"TT A Lưới, H. A Lưới",KV1,
3789,33,Thành phố Huế,09,Huyện A Lưới,039,THPT Hương Lâm (Trước 01/01/2020),"Xã Hương Lâm, H. A Lưới",KV1,
3790,33,Thành phố Huế,09,Huyện A Lưới,040,THCS&THPT Hồng Vân,"Xã Hồng Vân, H. A Lưới",KV1,
3791,33,Thành phố Huế,09,Huyện A Lưới,063,TTGDTX A Lưới (Trước 01/01/2017),"TT A Lưới, H. A Lưới",KV1,
3792,33,Thành phố Huế,09,Huyện A Lưới,072,TTGDNN-GDTX A Lưới (Từ 01/01/2017 đến 04/06/2021),"Xã Sơn Thủy, H. A Lưới",KV1,
3793,33,Thành phố Huế,09,Huyện A Lưới,081,THPT Hương Lâm (Trước 01/12/2021),"Xã Lâm Đớt, H. A Lưới",KV1,
3794,33,Thành phố Huế,09,Huyện A Lưới,085,THCS&THPT Trường Sơn,"Xã Lâm Đớt, H. A Lưới",KV1,
3795,33,Thành phố Huế,09,Huyện A Lưới,086,TTGDNN-GDTX A Lưới,"Xã Sơn Thủy, H. A Lưới",KV2-NT,
3796,33,Thành phố Huế,10,Quận Thuận Hoá,101,Trường Cao đẳng FPT Polytechnic,"Số 16 đường Lâm Hoằng, phường Vỹ Dạ",KV2,
3797,33,Thành phố Huế,10,Quận Thuận Hoá,164,TTGDNN-GDTX Quận Thuận Hóa,"182 Phan Chu Trinh, Quận Thuận Hóa, TP Huế",KV3,
3798,34,Quảng Nam,00,Sở Giáo dục và Đào tạo,800,Học ở nước ngoài_34,,KV3,
3799,34,Quảng Nam,00,Sở Giáo dục và Đào tạo,900,"Quân nhân, Công an tại ngũ_34",,KV3,
3800,34,Quảng Nam,01,Thành phố Tam Kỳ,001,THPT Duy Tân,"X.Tam Phú, tp Tam Kỳ, Quảng Nam",KV2,
3801,34,Quảng Nam,01,Thành phố Tam Kỳ,002,THPT Phan Bội Châu,"Đường Phan Châu Trinh, Tam Kỳ, Q. Nam",KV2,
3802,34,Quảng Nam,01,Thành phố Tam Kỳ,003,THPT Trần Cao Vân,"Ph. An Mỹ, TP. Tam Kỳ, Quảng Nam",KV2,
3803,34,Quảng Nam,01,Thành phố Tam Kỳ,004,THPT Lê Quý Đôn,"Đường Trần Văn Dư, Tam Kỳ, Quảng Nam",KV2,
3804,34,Quảng Nam,01,Thành phố Tam Kỳ,005,THPT Hà Huy Tập,"Lý Thường Kiệt, TP Tam Kỳ, Quảng Nam",KV2,
3805,34,Quảng Nam,01,Thành phố Tam Kỳ,006,TT. GDTX tỉnh Quảng Nam,"124B Trần Quý Cáp, TP Tam Kỳ, Quảng Nam",KV2,
3806,34,Quảng Nam,01,Thành phố Tam Kỳ,007,THPT chuyên Nguyễn Bỉnh Khiêm,"Trần Hưng Đạo, TP Tam Kỳ, Quảng Nam",KV2,
3807,34,Quảng Nam,01,Thành phố Tam Kỳ,070,CĐ Kinh tế - Kỹ thuật Quảng Nam (trước 24/3/2021),"TP Tam Kỳ, Quảng Nam",KV2,
3808,34,Quảng Nam,01,Thành phố Tam Kỳ,075,Trường TC Bách khoa Q. Nam,"TP Tam Kỳ, Q. Nam",KV2,
3809,34,Quảng Nam,01,Thành phố Tam Kỳ,076,Trường TC VHNT&DL Q. Nam (Trước 01/01//2019),"TP Tam Kỳ, Q. Nam",KV2,
3810,34,Quảng Nam,01,Thành phố Tam Kỳ,077,Đại học Quảng Nam,"TP Tam Kỳ, Q. Nam",KV2,
3811,34,Quảng Nam,01,Thành phố Tam Kỳ,078,Trường CĐ Phương Đông Quảng Nam,"TP Tam Kỳ, Q. Nam",KV2,
3812,34,Quảng Nam,01,Thành phố Tam Kỳ,079,Trường CĐ Nghề Quảng Nam (trước 15/01/2018),"TP Tam Kỳ, Q. Nam",KV2,
3813,34,Quảng Nam,01,Thành phố Tam Kỳ,086,Trường CĐ Y tế Quảng Nam,"Đường Nguyễn Du, tp Tam Kỳ, Q Nam",KV2,
3814,34,Quảng Nam,01,Thành phố Tam Kỳ,098,Trường Trung cấp ASEAN,"291 Hùng Vương, Tam Kỳ, Quảng Nam",KV2,
3815,34,Quảng Nam,01,Thành phố Tam Kỳ,102,Trường TC Kinh tế-Kỹ thuật và Đào tạo cán HTX Miền Trung-Tây Nguyên,"Lô 25B đường Phan Bội Châu, Tam Kỳ, Quảng Nam",KV2,
3816,34,Quảng Nam,01,Thành phố Tam Kỳ,104,Trường CĐ Công nghệ Quảng Nam (Từ 15/01/2018 đến 23/3/2021),"TP Tam Kỳ, tỉnh Quảng Nam",KV2,
3817,34,Quảng Nam,01,Thành phố Tam Kỳ,115,Trường Cao đẳng Quảng Nam (từ 24/3/2021),"TP Tam Kỳ, tỉnh Quảng Nam",KV2,
3818,34,Quảng Nam,01,Thành phố Tam Kỳ,117,Trường Cao đẳng Miền Trung (Từ ngày 01/4/2021 ngày,"473 Hùng Vương, phường An Sơn, TP Tam Kỳ, tỉnh Quảng Nam",KV2,
3819,34,Quảng Nam,01,Thành phố Tam Kỳ,119,"TH, THCS&THPT Song ngữ quốc tế Academy Quảng Nam","Đường Phạm Đình Hổ, phường An Phú, Tam Kỳ, Quảng Nam",KV2,
3820,34,Quảng Nam,01,Thành phố Tam Kỳ,801,Trường THPT - Khu vực 1,,KV1,
3821,34,Quảng Nam,01,Thành phố Tam Kỳ,802,Trường THPT - KV2NT,,KV2-NT,
3822,34,Quảng Nam,01,Thành phố Tam Kỳ,803,Trường THPT - KV2,,KV2,
3823,34,Quảng Nam,01,Thành phố Tam Kỳ,804,Trường THPT - Khu vực 3,,KV3,
3824,34,Quảng Nam,02,Thành phố Hội An,008,TT. GDTX-HN&DN Hội An,"Thành phố Hội An, Quảng Nam",KV2,
3825,34,Quảng Nam,02,Thành phố Hội An,009,THPT Trần Quý Cáp,"Thành phố Hội An, Quảng Nam",KV2,
3826,34,Quảng Nam,02,Thành phố Hội An,010,THPT chuyên Lê Thánh Tông,"Thành phố Hội An, Quảng Nam",KV2,
3827,34,Quảng Nam,02,Thành phố Hội An,011,PTDTNT tỉnh Quảng Nam,"Thành phố Hội An, Quảng Nam",KV2,DTNT
3828,34,Quảng Nam,02,Thành phố Hội An,012,THPT Nguyễn Trãi,"Thành phố Hội An, Quảng Nam",KV2,
3829,34,Quảng Nam,02,Thành phố Hội An,065,THPT Trần Hưng Đạo,"170 Cửa Đại, Tp Hội An, Quảng Nam",KV2,
3830,34,Quảng Nam,02,Thành phố Hội An,074,TT. GDNN-GDTX Hội An,"Thành phố Hội An, Q. Nam",KV2,
3831,34,Quảng Nam,02,Thành phố Hội An,083,Trường CĐ Điện lực miền Trung,"Thành phố Hội An, Q. Nam",KV2,
3832,34,Quảng Nam,02,Thành phố Hội An,084,Trường CĐ CN-KT&TL miền Trung,"Thành phố Hội An, Q. Nam",KV2,
3833,34,Quảng Nam,02,Thành phố Hội An,120,Trường PTDTNT THPT tỉnh Quảng Nam,"Thành phố Hội An, tỉnh Quảng Nam",KV1,DTNT
3834,34,Quảng Nam,03,Huyện Duy Xuyên,013,THPT Sào Nam,"H. Duy Xuyên, Quảng Nam",KV2-NT,
3835,34,Quảng Nam,03,Huyện Duy Xuyên,014,THPT Lê Hồng Phong,"H. Duy Xuyên, Quảng Nam",KV2-NT,
3836,34,Quảng Nam,03,Huyện Duy Xuyên,015,TT. GDTX-HN Duy Xuyên,"H. Duy Xuyên, Quảng Nam",KV2-NT,
3837,34,Quảng Nam,03,Huyện Duy Xuyên,016,THPT Nguyễn Hiền (trước 04/6/2021),"Xã Duy Sơn, H. Duy Xuyên, Quảng Nam",KV1,
3838,34,Quảng Nam,03,Huyện Duy Xuyên,073,TT. GDNN-GDTX Duy Xuyên,"Xã Duy Phước, H. Duy Xuyên, Q. Nam",KV2-NT,
3839,34,Quảng Nam,03,Huyện Duy Xuyên,100,THPT Hồ Nghinh,"Xã Duy Thành, huyện Duy Xuyên, tỉnh Quảng Nam",KV2-NT,
3840,34,Quảng Nam,03,Huyện Duy Xuyên,103,Trường TC VHNT&DL Q.Nam (Từ 01/01/2019),"Xã Duy Thành, huyện Duy Xuyên, tỉnh Quảng Nam",KV2-NT,
3841,34,Quảng Nam,03,Huyện Duy Xuyên,108,THPT Nguyễn Hiền (từ 04/6/2021),"Xã Duy Sơn, huyện Duy Xuyên, tỉnh Quảng Nam",KV2-NT,
3842,34,Quảng Nam,04,Thị xã Điện Bàn,017,THPT Nguyễn Duy Hiệu (trước ngày 11/3/2015),"TX. Điện Bàn, Quảng Nam",KV2-NT,
3843,34,Quảng Nam,04,Thị xã Điện Bàn,018,THPT Hoàng Diệu (trước ngày 11/3/2015),"TX. Điện Bàn, Quảng Nam",KV2-NT,
3844,34,Quảng Nam,04,Thị xã Điện Bàn,019,THPT Phạm Phú Thứ (trước 11/3/2015),"TX. Điện Bàn, Quảng Nam",KV2-NT,
3845,34,Quảng Nam,04,Thị xã Điện Bàn,020,THPT Lương Thế Vinh (trước 11/3/2015),"TX. Điện Bàn, Quảng Nam",KV2-NT,
3846,34,Quảng Nam,04,Thị xã Điện Bàn,021,THPT Nguyễn Khuyến (trước 11/3/2015),"TX. Điện Bàn, Quảng Nam",KV2-NT,
3847,34,Quảng Nam,04,Thị xã Điện Bàn,022,TT. GDTX-HN Điện Bàn (trước 11/3/2015),"TX. Điện Bàn, Quảng Nam",KV2-NT,
3848,34,Quảng Nam,04,Thị xã Điện Bàn,066,Trường PT nhiều cấp học Hoàng Sa (trước 11/3/2015),"Xã Điện Ngọc, TX. Điện Bàn, Quảng Nam",KV2-NT,
3849,34,Quảng Nam,04,Thị xã Điện Bàn,067,Trường PT nhiều cấp học Quảng Đông (trước 11/3/2015),"Xã Điện Thắng Bắc, TX. Điện Bàn, Quảng Nam",KV2-NT,
3850,34,Quảng Nam,04,Thị xã Điện Bàn,071,Trung cấp Kinh tế - Kỹ thuật Quảng Đông (trước 11/3/2015),"TX. Điện Bàn, Quảng Nam",KV2-NT,
3851,34,Quảng Nam,04,Thị xã Điện Bàn,081,Trường TC Nghề Bắc Quảng Nam,"TX. Điện Bàn, Q. Nam",KV2,
3852,34,Quảng Nam,04,Thị xã Điện Bàn,087,Trường CĐ Công kỹ nghệ Đông Á,"TX. Điện Bàn, Quảng Nam",KV2,
3853,34,Quảng Nam,04,Thị xã Điện Bàn,088,Trung cấp Quảng Đông (từ 11/3/2015),"TX. Điện Bàn, Quảng Nam",KV2,
3854,34,Quảng Nam,04,Thị xã Điện Bàn,089,Trường PT nhiều cấp học Hoàng Sa (từ 11/3/2015),"Xã Điện Ngọc, TX. Điện Bàn, Quảng Nam",KV2,
3855,34,Quảng Nam,04,Thị xã Điện Bàn,090,Trường PT nhiều cấp học Quảng Đông (từ 11/3/2015),"Xã Điện Thắng Bắc, TX. Điện Bàn, Quảng Nam",KV2,
3856,34,Quảng Nam,04,Thị xã Điện Bàn,091,THPT Nguyễn Duy Hiệu (từ 11/3/2015),"TX. Điện Bàn, Quảng Nam",KV2,
3857,34,Quảng Nam,04,Thị xã Điện Bàn,092,THPT Hoàng Diệu (từ 11/3/2015),"TX. Điện Bàn, Quảng Nam",KV2,
3858,34,Quảng Nam,04,Thị xã Điện Bàn,093,THPT Phạm Phú Thứ (từ 11/3/2015),"TX. Điện Bàn, Quảng Nam",KV2,
3859,34,Quảng Nam,04,Thị xã Điện Bàn,094,THPT Lương Thế Vinh (từ 11/3/2015),"TX. Điện Bàn, Quảng Nam",KV2,
3860,34,Quảng Nam,04,Thị xã Điện Bàn,095,THPT Nguyễn Khuyến (từ 11/3/2015),"TX. Điện Bàn, Quảng Nam",KV2,
3861,34,Quảng Nam,04,Thị xã Điện Bàn,096,TT. GDTX-HN Điện Bàn (từ 11/3/2015),"TX. Điện Bàn, Quảng Nam",KV2,
3862,34,Quảng Nam,04,Thị xã Điện Bàn,099,Trường Cao đẳng Tâm Trí,"09 Nguyễn Gia Thiều, P.Điện Ngọc, TX Điện Bàn, Quảng Nam",KV2,
3863,34,Quảng Nam,04,Thị xã Điện Bàn,118,"Trường TH,THCS,THPT SKY- LINE HILL","Khu Hà My Đông A, Điện Bàn, Quảng Nam",KV2,
3864,34,Quảng Nam,05,Huyện Đại Lộc,023,THPT Huỳnh Ngọc Huệ,"H. Đại Lộc, Quảng Nam",KV2-NT,
3865,34,Quảng Nam,05,Huyện Đại Lộc,024,THPT Chu Văn An (trước 04/6/2021),"Xã Đại Đồng, H. Đại Lộc, Quảng Nam",KV1,
3866,34,Quảng Nam,05,Huyện Đại Lộc,025,THPT Đỗ Đăng Tuyển,"H. Đại Lộc, Quảng Nam",KV2-NT,
3867,34,Quảng Nam,05,Huyện Đại Lộc,026,THPT Lương Thúc Kỳ,"H. Đại Lộc, Quảng Nam",KV2-NT,
3868,34,Quảng Nam,05,Huyện Đại Lộc,027,TT. GDTX-HN&DN Đại Lộc,"H. Đại Lộc, Quảng Nam",KV2-NT,
3869,34,Quảng Nam,05,Huyện Đại Lộc,109,THPT Chu Văn An,"Xã Đại Đồng, huyện Đại Lộc, tỉnh Quảng Nam",KV2-NT,
3870,34,Quảng Nam,06,Huyện Quế Sơn,029,THPT Quế Sơn,"H. Quế Sơn, Quảng Nam",KV2-NT,
3871,34,Quảng Nam,06,Huyện Quế Sơn,030,THPT Nguyễn Văn Cừ,"H. Quế Sơn, Quảng Nam",KV2-NT,
3872,34,Quảng Nam,06,Huyện Quế Sơn,032,THPT Trần Đại Nghĩa,"H. Quế Sơn, Quảng Nam",KV2-NT,
3873,34,Quảng Nam,06,Huyện Quế Sơn,033,TT. GDTX-HN&DN Quế Sơn,"H. Quế Sơn, Quảng Nam",KV2-NT,
3874,34,Quảng Nam,06,Huyện Quế Sơn,034,THPT TT Phạm Văn Đồng,"H. Quế Sơn, Quảng Nam",KV2-NT,
3875,34,Quảng Nam,06,Huyện Quế Sơn,125,Trường THPT Nông Sơn,"Thị trấn Trung Phước, huyện Quế Sơn, Quảng Nam",KV2-NT,
3876,34,Quảng Nam,07,Huyện Hiệp Đức (trước 04/6/2021),035,THPT Hiệp Đức (trước 04/6/2021),"H. Hiệp Đức, Quảng Nam",KV1,
3877,34,Quảng Nam,07,Huyện Hiệp Đức (trước 04/6/2021),036,TT. GDTX-HN&DN Hiệp Đức,"H. Hiệp Đức, Quảng Nam",KV1,
3878,34,Quảng Nam,07,Huyện Hiệp Đức (trước 04/6/2021),063,THPT Trần Phú (trước 04/6/2021),"Xã Bình Lâm, H. Hiệp Đức, Quảng Nam",KV1,
3879,34,Quảng Nam,08,Huyện Thăng Bình,028,THPT Hùng Vương,"Xã Bình An, H. Thăng Bình, Quảng Nam",KV2-NT,
3880,34,Quảng Nam,08,Huyện Thăng Bình,037,THPT Tiểu La,"H. Thăng Bình, Quảng Nam",KV2-NT,
3881,34,Quảng Nam,08,Huyện Thăng Bình,038,THPT Nguyễn Thái Bình (trước 01/01/2022),"Xã Bình Đào, H. Thăng Bình, Quảng Nam",KV1,
3882,34,Quảng Nam,08,Huyện Thăng Bình,039,THPT Thái Phiên,"H. Thăng Bình, Quảng Nam",KV2-NT,
3883,34,Quảng Nam,08,Huyện Thăng Bình,040,THPT Lý Tự Trọng,"H. Thăng Bình, Quảng Nam",KV2-NT,
3884,34,Quảng Nam,08,Huyện Thăng Bình,041,TT. GDTX-HN&DN Thăng Bình,"H. Thăng Bình, Quảng Nam",KV2-NT,
3885,34,Quảng Nam,08,Huyện Thăng Bình,107,THPT Nguyễn Thái Bình (từ 01/01/2022),"Xã Bình Đào, H. Thăng Bình, Quảng Nam",KV2-NT,
3886,34,Quảng Nam,09,Huyện Núi Thành,042,THPT Núi Thành,"H. Núi Thành, Quảng Nam",KV2-NT,
3887,34,Quảng Nam,09,Huyện Núi Thành,043,THPT Cao Bá Quát (trước 2018),"Xã Tam Anh Bắc, H. Núi Thành, Quảng Nam",KV1,
3888,34,Quảng Nam,09,Huyện Núi Thành,044,THPT Nguyễn Huệ,"H. Núi Thành, Quảng Nam",KV2-NT,
3889,34,Quảng Nam,09,Huyện Núi Thành,045,TT. GDTX-HN Núi Thành,"H. Núi Thành, Quảng Nam",KV2-NT,
3890,34,Quảng Nam,09,Huyện Núi Thành,080,Trường TC Nghề Nam Quảng Nam,"Xã Tam Nghĩa, huyện Núi Thành, Q. Nam",KV2-NT,
3891,34,Quảng Nam,09,Huyện Núi Thành,085,Trường CĐ nghề Chu Lai-Trường Hải (trước 15/01/2018),"Xã Tam Hiệp, huyện Núi Thành, Q. Nam",KV2-NT,
3892,34,Quảng Nam,09,Huyện Núi Thành,097,THPT Cao Bá Quát (từ 2018),"Xã Tam Anh Bắc, huyện Núi Thành, tỉnh Quảng Nam",KV2-NT,
3893,34,Quảng Nam,09,Huyện Núi Thành,116,Trường Cao đẳng Thaco (từ 15/01/2018),"Xã Tam Hiệp, huyện Núi Thành, tỉnh Quảng Nam",KV2-NT,
3894,34,Quảng Nam,10,Huyện Tiên Phước (trước 04/6/2021),046,THPT Huỳnh Thúc Kháng (trước 04/6/2021),"H. Tiên Phước, Quảng Nam",KV1,
3895,34,Quảng Nam,10,Huyện Tiên Phước (trước 04/6/2021),047,THPT Phan Châu Trinh (trước 04/6/2021),"H. Tiên Phước, Quảng Nam",KV1,
3896,34,Quảng Nam,10,Huyện Tiên Phước (trước 04/6/2021),048,TT. GDTX-HN&DN Tiên Phước,"H. Tiên Phước, Quảng Nam",KV1,
3897,34,Quảng Nam,11,Huyện Bắc Trà My,049,THPT Bắc Trà My,"H. Bắc Trà My, Quảng Nam",KV1,
3898,34,Quảng Nam,11,Huyện Bắc Trà My,050,TT. GDTX-HN Bắc Trà My,"H. Bắc Trà My, Quảng Nam",KV1,
3899,34,Quảng Nam,11,Huyện Bắc Trà My,062,PTDTNT Nước Oa,"H. Bắc Trà My, Quảng Nam",KV1,DTNT
3900,34,Quảng Nam,11,Huyện Bắc Trà My,121,Trường PTDTNT THCS&THPT Nước Oa huyện Bắc Trà MY,"Thị trấn Trà My, huyện Bắc Trà My, tỉnh Quảng Nam",KV1,DTNT
3901,34,Quảng Nam,12,Huyện Đông Giang,051,THPT Quang Trung,"H. Đông Giang, Quảng Nam",KV1,
3902,34,Quảng Nam,12,Huyện Đông Giang,064,THPT Âu Cơ,"Xã Ba, H. Đông Giang, Quảng Nam",KV1,
3903,34,Quảng Nam,13,Huyện Nam Giang,052,THPT Nam Giang (trước 21/11/2020),"H. Nam Giang, Quảng Nam",KV1,
3904,34,Quảng Nam,13,Huyện Nam Giang,060,TT.GDTX Nam Giang,H. Nam Giang. Quảng Nam,KV1,
3905,34,Quảng Nam,13,Huyện Nam Giang,068,THPT Nguyễn Văn Trỗi,"Xã La Dêê, H. Nam Giang, Quảng Nam",KV1,
3906,34,Quảng Nam,13,Huyện Nam Giang,082,Trường TC Nghề TNDT&MN Quảng Nam,"Xã Cà Dy, H. Nam Giang, Q. Nam",KV1,
3907,34,Quảng Nam,13,Huyện Nam Giang,105,THPT Tố Hữu (từ 21/11/2020),"Huyện Nam Giang, tỉnh Quảng Nam",KV1,
3908,34,Quảng Nam,14,Huyện Phước Sơn,053,THPT Khâm Đức,"H. Phước Sơn, Quảng Nam",KV1,
3909,34,Quảng Nam,14,Huyện Phước Sơn,059,TT GDTX-HN&DN Phước Sơn,"H. Phước Sơn, Quảng Nam",KV1,
3910,34,Quảng Nam,14,Huyện Phước Sơn,069,PTDTNT huyện Phước Sơn,"TT Khâm Đức, Phước Sơn, Quảng Nam",KV1,DTNT
3911,34,Quảng Nam,14,Huyện Phước Sơn,122,Trường PTDTN THCS&THPT huyện Phước Sơn,"Thị Trấn Khâm Đức, huyện Phước Sơn, tỉnh Quảng Nam",KV1,DTNT
3912,34,Quảng Nam,15,Huyện Nam Trà My,056,THPT Nam Trà My,"H. Nam Trà My, Quảng Nam",KV1,
3913,34,Quảng Nam,15,Huyện Nam Trà My,058,TT.GDTX-HN Nam Trà My,"H. Nam Trà My, Quảng Nam",KV1,
3914,34,Quảng Nam,15,Huyện Nam Trà My,072,PTDTNT huyện Nam Trà My,"Xã Trà Mai, Nam Trà My, Quảng Nam",KV1,DTNT
3915,34,Quảng Nam,15,Huyện Nam Trà My,123,Trường PTDTNT THCS&THPT huyện Nam Trà My,"Xã Trà Mai, huyện Nam Trà My, tỉnh Quảng Nam",KV1,DTNT
3916,34,Quảng Nam,16,Huyện Tây Giang,057,THPT Tây Giang,"H. Tây Giang, Quảng Nam",KV1,
3917,34,Quảng Nam,16,Huyện Tây Giang,101,THPT Võ Chí Công,"Xã Axan, huyện Tây Giang, tỉnh Quảng Nam",KV1,
3918,34,Quảng Nam,17,Huyện Phú Ninh,054,THPT Trần Văn Dư,"H. Phú Ninh, Quảng Nam",KV2-NT,
3919,34,Quảng Nam,17,Huyện Phú Ninh,055,TT GDTX-HN&DN Phú Ninh,"H. Phú Ninh, Quảng Nam",KV2-NT,
3920,34,Quảng Nam,17,Huyện Phú Ninh,061,THPT Nguyễn Dục,"Xã Tam Dân, H. Phú Ninh, Quảng Nam",KV2-NT,
3921,34,Quảng Nam,17,Huyện Phú Ninh,106,THPT Võ Nguyên Giáp,"TT Phú Thịnh, huyện Phú Ninh, tỉnh Quảng Nam",KV2-NT,
3922,34,Quảng Nam,18,Huyện Nông Sơn (trước 04/6/2021),031,THPT Nông Sơn (trước 04/6/2021),"Xã Quế Trung, H. Nông Sơn, Quảng Nam",KV1,
3923,34,Quảng Nam,19,Huyện Hiệp Đức (từ 04/6/2021),112,THPT Hiệp Đức,"TT Tân An, huyện Hiệp Đức, tỉnh Quảng Nam",KV2-NT,
3924,34,Quảng Nam,19,Huyện Hiệp Đức (từ 04/6/2021),113,THPT Trần Phú,"Xã Bình Lâm, huyện Hiệp Đức, tỉnh Quảng Nam",KV2-NT,
3925,34,Quảng Nam,20,Huyện Tiên Phước (từ 04/6/2021),110,THPT Huỳnh Thúc Kháng,"Huyện Tiên Phước, tỉnh Quảng Nam",KV2-NT,
3926,34,Quảng Nam,20,Huyện Tiên Phước (từ 04/6/2021),111,THPT Phan Châu Trinh,"Tiên Kỳ, huyện Tiên Phước, tỉnh Quảng Nam",KV2-NT,
3927,34,Quảng Nam,21,Huyện Nông Sơn (từ 04/6/2021),114,THPT Nông Sơn,"Xã Quế Trung, huyện Nông Sơn, tỉnh Quảng Nam",KV2-NT,
3928,35,Quảng Ngãi,00,Sở Giáo dục và Đào tạo,800,Học ở nước ngoài_35,"58, Hùng Vương, TP Quảng Ngãi",KV2,
3929,35,Quảng Ngãi,00,Sở Giáo dục và Đào tạo,900,"Quân nhân, Công an tại ngũ_35","58 Hùng Vương, TP Quảng Ngãi",KV2,
3930,35,Quảng Ngãi,01,Huyện Bình Sơn,001,Trường THPT Trần Kỳ Phong,"Xã Bình Nguyên, H. Bình Sơn",KV2-NT,
3931,35,Quảng Ngãi,01,Huyện Bình Sơn,002,Trường THPT Lê Quý Đôn,"Xã Bình Trung, H. Bình Sơn",KV2-NT,
3932,35,Quảng Ngãi,01,Huyện Bình Sơn,003,Trường THPT Bình Sơn,"TTr. Châu ổ, H. Bình Sơn",KV2-NT,
3933,35,Quảng Ngãi,01,Huyện Bình Sơn,004,Trường THCS và THPT Vạn Tường (Trường THPT Vạn Tường),"Xã Bình Tân Phú, H. Bình Sơn",KV2-NT,
3934,35,Quảng Ngãi,01,Huyện Bình Sơn,005,Trung tâm GDNN-GDTX huyện Bình Sơn,"Xã Bình Long, H. Bình Sơn",KV2-NT,
3935,35,Quảng Ngãi,01,Huyện Bình Sơn,060,Trường CĐN Kỹ thuật - Công nghệ Dung Quất (Trường Cao đẳng Kỹ nghệ Dung Quất),"Xã Bình Hải, H. Bình Sơn",KV1,
3936,35,Quảng Ngãi,01,Huyện Bình Sơn,801,Trường THPT - Khu vực 1,,KV1,
3937,35,Quảng Ngãi,01,Huyện Bình Sơn,802,Trường THPT - KV2NT,,KV2-NT,
3938,35,Quảng Ngãi,01,Huyện Bình Sơn,803,Trường THPT - KV2,,KV2,
3939,35,Quảng Ngãi,01,Huyện Bình Sơn,804,Trường THPT - Khu vực 3,,KV3,
3940,35,Quảng Ngãi,02,Huyện Sơn Tịnh,006,Trường THPT Ba Gia,"Xã Tịnh Bắc, H. Sơn Tịnh",KV2-NT,
3941,35,Quảng Ngãi,02,Huyện Sơn Tịnh,007,Trường THPT Tư thục Trương Định,"Xã Tịnh Bắc, H. Sơn Tịnh",KV2-NT,
3942,35,Quảng Ngãi,02,Huyện Sơn Tịnh,054,Trường THPT Võ Nguyên Giáp (học xong lớp 12 từ năm 2015 trở về trước),"TTr Sơn Tịnh, huyện Sơn Tịnh",KV2-NT,
3943,35,Quảng Ngãi,02,Huyện Sơn Tịnh,055,Trường THPT Huỳnh Thúc Kháng (học xong lớp 12 từ năm 2015 trở về trước),"TTr Sơn Tịnh, huyện Sơn Tịnh",KV2-NT,
3944,35,Quảng Ngãi,02,Huyện Sơn Tịnh,056,Trường THPT Sơn Mỹ (học xong lớp 12 từ năm 2015 trở về trước),"Xã Tịnh Khê, huyện Sơn Tịnh",KV2-NT,
3945,35,Quảng Ngãi,02,Huyện Sơn Tịnh,057,Trung tâm DN-GDTX&HN huyện Sơn Tịnh (học xong lớp 12 từ năm 2015 trở về trước),"TTr Sơn Tịnh, huyện Sơn Tịnh",KV2-NT,
3946,35,Quảng Ngãi,02,Huyện Sơn Tịnh,065,Trường Trung cấp nghề tỉnh Quảng Ngãi (TN từ năm 2015 trở về trước),"Xã Tịnh Ấn Đông, huyện Sơn Tịnh",KV2-NT,
3947,35,Quảng Ngãi,03,Thành phố Quảng Ngãi,008,Trường THPT Võ Nguyên Giáp,"Ph. Trương Quang Trọng, Tp. Quảng Ngãi",KV2,
3948,35,Quảng Ngãi,03,Thành phố Quảng Ngãi,009,Trường THPT Huỳnh Thúc Kháng,"Ph. Trương Quang Trọng, Tp Quảng Ngãi",KV2,
3949,35,Quảng Ngãi,03,Thành phố Quảng Ngãi,010,Trường THPT Sơn Mỹ,"Xã Tịnh Khê, Tp. Quảng Ngãi",KV2,
3950,35,Quảng Ngãi,03,Thành phố Quảng Ngãi,011,Trường THPT Trần Quốc Tuấn,"Ph. Nguyễn Nghiêm, Tp. Quảng Ngãi",KV2,
3951,35,Quảng Ngãi,03,Thành phố Quảng Ngãi,012,Trường THPT Lê Trung Đình,"Ph. Chánh Lộ, Tp. Quảng Ngãi",KV2,
3952,35,Quảng Ngãi,03,Thành phố Quảng Ngãi,013,Trường THPT chuyên Lê Khiết,"Ph. Nghĩa Lộ, Tp. Quảng Ngãi",KV2,
3953,35,Quảng Ngãi,03,Thành phố Quảng Ngãi,014,Trường Phổ thông Dân tộc nội trú THPT tỉnh Quảng Ngãi (Trường THPT Dân tộc nội trú tỉnh Quảng Ngãi),"Ph. Quảng Phú, Tp. Quảng Ngãi",KV1,DTNT
3954,35,Quảng Ngãi,03,Thành phố Quảng Ngãi,015,Trường THPT Tư thục Nguyễn Bỉnh Khiêm,"Ph. Lê Hồng Phong, Tp. Quảng Ngãi",KV2,
3955,35,Quảng Ngãi,03,Thành phố Quảng Ngãi,016,Trường THPT Tư thục Hoàng Văn Thụ,"Ph. Nghĩa Lộ, Tp. Quảng Ngãi",KV2,
3956,35,Quảng Ngãi,03,Thành phố Quảng Ngãi,017,Trung tâm GDNN-GDTX huyện Sơn Tịnh,"Ph. Trương Quang Trọng, Tp. Quảng Ngãi",KV2,
3957,35,Quảng Ngãi,03,Thành phố Quảng Ngãi,018,Trung tâm GDTX tỉnh Quảng Ngãi,"Ph. Chánh Lộ, Tp. Quảng Ngãi",KV2,
3958,35,Quảng Ngãi,03,Thành phố Quảng Ngãi,061,Trường Trung cấp nghề tỉnh Quảng Ngãi (Trung cấp Kỹ thuật Quảng Ngãi) (TN từ năm 2016 đến năm 2019),"Ph.Trương Quang Trọng, Tp. Quảng Ngãi",KV2,
3959,35,Quảng Ngãi,03,Thành phố Quảng Ngãi,062,Trường TCN Kinh tế - Công nghệ Dung Quất (Trường Trung cấp Kinh tế - Công nghệ Dung Quất),"Ph. Chánh Lộ, Tp. Quảng Ngãi",KV2,
3960,35,Quảng Ngãi,03,Thành phố Quảng Ngãi,066,Trường Cao đẳng Việt Nam - Hàn Quốc - Quảng Ngãi,"236, Hoàng Hoa Thám, P.Quảng Phú",KV2,
3961,35,Quảng Ngãi,03,Thành phố Quảng Ngãi,068,Trường Cao đẳng Quảng Ngãi (Trường Cao đẳng Kỹ thuật – Công nghiệp Quảng Ngãi),"Ph. Trương Quang Trọng, Tp. Quảng Ngãi",KV2,
3962,35,Quảng Ngãi,03,Thành phố Quảng Ngãi,069,Trường Cao đẳng Y tế Đặng Thùy Trâm,"Ph. Trần Phú, Tp. Quảng Ngãi",KV2,
3963,35,Quảng Ngãi,03,Thành phố Quảng Ngãi,075,Trường Liên cấp Thành phố Giáo dục Quốc tế -IEC Quảng Ngãi,Phường Nghĩa Lộ,KV2,
3964,35,Quảng Ngãi,03,Thành phố Quảng Ngãi,THK,THPT Khác,58 HV,KV2,
3965,35,Quảng Ngãi,04,Huyện Tư Nghĩa,019,Trường THPT Số 1 Tư Nghĩa,"TTr. La Hà, H. Tư Nghĩa",KV2-NT,
3966,35,Quảng Ngãi,04,Huyện Tư Nghĩa,020,Trường THPT Chu Văn An,"TTr. La Hà, H. Tư Nghĩa",KV2-NT,
3967,35,Quảng Ngãi,04,Huyện Tư Nghĩa,021,Trường THPT Số 2 Tư Nghĩa,"Xã Nghĩa Thuận, H. Tư Nghĩa",KV2-NT,
3968,35,Quảng Ngãi,04,Huyện Tư Nghĩa,022,Trường THPT Thu Xà,"Xã Nghĩa Hoà, H. Tư Nghĩa",KV2-NT,
3969,35,Quảng Ngãi,04,Huyện Tư Nghĩa,023,Trung tâm GDNN-GDTX huyện Tư Nghĩa,"TTr. La Hà, H. Tư Nghĩa",KV2-NT,
3970,35,Quảng Ngãi,04,Huyện Tư Nghĩa,063,Trường Cao đẳng nghề Cơ giới (Cao đẳng Cơ giới),"Xã Nghĩa Kỳ, H. Tư Nghĩa",KV2-NT,
3971,35,Quảng Ngãi,05,Huyện Nghĩa Hành,024,Trường THPT Số 1 Nghĩa Hành,"TTr. Chợ Chùa, H. Nghĩa Hành",KV2-NT,
3972,35,Quảng Ngãi,05,Huyện Nghĩa Hành,025,Trường THPT Nguyễn Công Phương,"TTr. Chợ Chùa, H. Nghĩa Hành",KV2-NT,
3973,35,Quảng Ngãi,05,Huyện Nghĩa Hành,026,Trường THPT Số 2 Nghĩa Hành (trước 04/6/2021),"Xã Hành Thiện, H. Nghĩa Hành",KV1,
3974,35,Quảng Ngãi,05,Huyện Nghĩa Hành,027,Trung tâm GDNN-GDTX huyện Nghĩa Hành,"Xã Hành Đức, H. Nghĩa Hành",KV2-NT,
3975,35,Quảng Ngãi,05,Huyện Nghĩa Hành,076,Trường THPT số 2 Nghĩa Hành (từ 04/6/2021),Xã Hành Thiện,KV2-NT,
3976,35,Quảng Ngãi,06,Huyện Mộ Đức,028,Trường THPT Số 2 Mộ Đức,"Xã Đức Nhuận, H. Mộ Đức",KV2-NT,
3977,35,Quảng Ngãi,06,Huyện Mộ Đức,029,Trường THPT Phạm Văn Đồng,"TTr. Mộ Đức, H. Mộ Đức",KV2-NT,
3978,35,Quảng Ngãi,06,Huyện Mộ Đức,030,Trường THPT Nguyễn Công Trứ,"Xã Đức Thạnh, H. Mộ Đức",KV2-NT,
3979,35,Quảng Ngãi,06,Huyện Mộ Đức,031,Trường THPT Trần Quang Diệu,"Xã Đức Lân, H. Mộ Đức",KV2-NT,
3980,35,Quảng Ngãi,06,Huyện Mộ Đức,032,Trung tâm GDNN-GDTX huyện Mộ Đức,"TTr. Mộ Đức, H. Mộ Đức",KV2-NT,
3981,35,Quảng Ngãi,07,Huyện Đức Phổ (trước 01/02/2020),033,Trường THPT Số 1 Đức Phổ (trước 01/02/2020),"Xã Phổ Ninh, huyện Đức Phổ",KV2-NT,
3982,35,Quảng Ngãi,07,Huyện Đức Phổ (trước 01/02/2020),034,Trường THPT Lương Thế Vinh (trước 01/02/2020),"Xã Phổ Ninh, huyện Đức Phổ",KV2-NT,
3983,35,Quảng Ngãi,07,Huyện Đức Phổ (trước 01/02/2020),035,Trường THPT Số 2 Đức Phổ (trước 01/02/2020),"Xã Phổ Khánh, huyện Đức Phổ",KV1,
3984,35,Quảng Ngãi,07,Huyện Đức Phổ (trước 01/02/2020),036,Trung tâm GDNN-GDTX huyện Đức Phổ (trước 01/02/2020),"Thị trấn Đức Phổ, huyện Đức Phổ",KV2-NT,
3985,35,Quảng Ngãi,07,Huyện Đức Phổ (trước 01/02/2020),058,Trường THPT số 2 Đức Phổ (trước 25/01/2017),"Xã Phổ Khánh, huyện Đức Phổ",KV2-NT,
3986,35,Quảng Ngãi,07,Huyện Đức Phổ (trước 01/02/2020),064,Trường Trung cấp nghề Đức Phổ (TN từ năm 2017 trở về trước),"Thị trấn Đức Phổ, huyện Đức Phổ",KV2-NT,
3987,35,Quảng Ngãi,08,Huyện Ba Tơ,037,Trường THPT Ba Tơ,"TTr. Ba Tơ, H. Ba Tơ",KV1,
3988,35,Quảng Ngãi,08,Huyện Ba Tơ,038,Trường THPT Phạm Kiệt,"Xã Ba Vì, H. Ba Tơ",KV1,
3989,35,Quảng Ngãi,08,Huyện Ba Tơ,039,Trung tâm GDNN-GDTX huyện Ba Tơ,"TTr. Ba Tơ, H. Ba Tơ",KV1,
3990,35,Quảng Ngãi,09,Huyện Minh Long,040,Trường THPT Minh Long,"Xã Long Hiệp, H. Minh Long",KV1,
3991,35,Quảng Ngãi,09,Huyện Minh Long,041,Trung tâm GDNN-GDTX huyện Minh Long,"Xã Long Hiệp, H. Minh Long",KV1,
3992,35,Quảng Ngãi,10,Huyện Sơn Hà,042,Trường THPT Quang Trung,"Xã Sơn Thành, H. Sơn Hà",KV1,
3993,35,Quảng Ngãi,10,Huyện Sơn Hà,043,Trường THPT Sơn Hà,"TTr. Di Lăng, H. Sơn Hà",KV1,
3994,35,Quảng Ngãi,10,Huyện Sơn Hà,044,Trường THCS và THPT Phạm Kiệt,"Xã Sơn Kỳ, H.Sơn Hà",KV1,
3995,35,Quảng Ngãi,10,Huyện Sơn Hà,045,Trung tâm GDNN-GDTX huyện Sơn Hà,"TTr. Di Lăng, H. Sơn Hà",KV1,
3996,35,Quảng Ngãi,11,Huyện Sơn Tây,046,Trường THPT Đinh Tiên Hoàng,"Xã Sơn Dung, H. Sơn Tây",KV1,
3997,35,Quảng Ngãi,11,Huyện Sơn Tây,047,Trung tâm GDNN-GDTX huyện Sơn Tây,"Xã Sơn Dung, H. Sơn Tây",KV1,
3998,35,Quảng Ngãi,12,huyện Trà Bồng,048,Trường THPT Trà Bồng,"Xã Trà Sơn, H. Trà Bồng",KV1,
3999,35,Quảng Ngãi,12,huyện Trà Bồng,049,Trung tâm GDNN-GDTX huyện Trà Bồng,"Xã Trà Thủy, H. Trà Bồng",KV1,
4000,35,Quảng Ngãi,12,huyện Trà Bồng,074,Trường THPT Tây Trà (từ 01/02/2020),"Xã Trà Phong, H. Trà Bồng",KV1,
4001,35,Quảng Ngãi,12,huyện Trà Bồng,082,Trường THCS và THPT Phó Mục Gia,"xã Trà Bình, huyện Trà Bồng, tỉnh Quảng Ngãi",KV2-NT,
4002,35,Quảng Ngãi,12,huyện Trà Bồng,085,Trung tâm Giáo dục thường xuyên tỉnh Quảng Ngãi (Trà Bồng),"Trà Sơn, Trà Bồng, Quảng Ngãi",KV1,
4003,35,Quảng Ngãi,13,Huyện Tây Trà (trước 01/02/2020),050,Trường THPT Tây Trà (trước 01/02/2020),"Xã Trà Phong, H. Tây Trà",KV1,
4004,35,Quảng Ngãi,13,Huyện Tây Trà (trước 01/02/2020),051,Trung tâm GDNN-GDTX huyện Tây Trà,"Xã Trà Phong, H. Tây Trà",KV1,
4005,35,Quảng Ngãi,14,Huyện Lý Sơn,052,Trường THPT Lý Sơn (trước 01/02/2020),"Xã An Vĩnh, H. Lý Sơn",KV1,
4006,35,Quảng Ngãi,14,Huyện Lý Sơn,053,Trung tâm GDNN-GDTX huyện Lý Sơn,"Xã An Vĩnh, H. Lý Sơn",KV1,
4007,35,Quảng Ngãi,14,Huyện Lý Sơn,078,Trường THPT Lý Sơn (từ 01/02/2020),"Lý Sơn, huyện Lý Sơn",KV1,
4008,35,Quảng Ngãi,14,Huyện Lý Sơn,084,Trung tâm Giáo dục thường xuyên tỉnh Quảng Ngãi (Lý Sơn),"Thôn Đông, An Vĩnh, huyện Lý Sơn, tỉnh Quảng Ngãi",KV1,
4009,35,Quảng Ngãi,15,Thị xã Đức Phổ (từ ngày 01/02/2020),070,Trường THPT số 1 Đức Phổ (từ ngày 01/02/2020),"Phường Phổ Ninh, thị xã Đức Phổ",KV2,
4010,35,Quảng Ngãi,15,Thị xã Đức Phổ (từ ngày 01/02/2020),071,Trường THPT Lương Thế Vinh (từ 01/02/2020),"Phường Phổ Ninh, thị xã Đức Phổ",KV2,
4011,35,Quảng Ngãi,15,Thị xã Đức Phổ (từ ngày 01/02/2020),072,Trường THPT Số 2 Đức Phổ (từ 01/02/2020 đến trước 15/3/2022),"Xã Phổ Khánh, thị xã Đức Phổ",KV1,
4012,35,Quảng Ngãi,15,Thị xã Đức Phổ (từ ngày 01/02/2020),073,Trung tâm GDNN-GDTX thị xã Đức Phổ (từ 01/02/2020),"Phường Nguyễn Nghiêm, thị xã Đức Phổ",KV2,
4013,35,Quảng Ngãi,15,Thị xã Đức Phổ (từ ngày 01/02/2020),083,Trường THPT số 2 Đức Phổ (từ 15/3/2022),"xã Phổ Khánh, thị xã Đức Phổ, tỉnh Quảng Ngãi",KV2,
4014,36,Kon Tum,00,Sở Giáo dục và Đào tạo,800,Học ở nước ngoài_36,,KV3,
4015,36,Kon Tum,00,Sở Giáo dục và Đào tạo,900,"Quân nhân, Công an tại ngũ_36",,KV3,
4016,36,Kon Tum,01,Thành phố Kon Tum,001,THPT Kon Tum,Ph. Thống Nhất - Tp Kon Tum - Kon Tum,KV1,
4017,36,Kon Tum,01,Thành phố Kon Tum,002,PT DTNT tỉnh Kon Tum,Ph. Thống Nhất - Tp Kon Tum - Kon Tum,KV1,DTNT
4018,36,Kon Tum,01,Thành phố Kon Tum,003,THPT chuyên Nguyễn Tất Thành,Ph. Thống Nhất - Tp KonTum,KV1,
4019,36,Kon Tum,01,Thành phố Kon Tum,013,Phòng GD&ĐT Tp Kon Tum,Phường Thắng Lợi - Tp Kon Tum - Kon Tum,KV1,
4020,36,Kon Tum,01,Thành phố Kon Tum,015,CĐ Sư phạm Kon Tum,Ph. Thống Nhất - Tp KonTum,KV1,
4021,36,Kon Tum,01,Thành phố Kon Tum,016,CĐ Kinh tế - Kỹ thuật Kon Tum,Ph. Ngô Mây - Tp Kon Tum - Kon Tum,KV1,
4022,36,Kon Tum,01,Thành phố Kon Tum,018,TT GDTX Tỉnh (Trước 04/06/2021),Ph. Thắng Lợi - Tp Kon Tum - Kon Tum,KV1,
4023,36,Kon Tum,01,Thành phố Kon Tum,019,Trung học Y tế Kon Tum,Ph. Quyết Thắng -Tp Kon Tum - Kon Tum,KV1,
4024,36,Kon Tum,01,Thành phố Kon Tum,020,THPT Duy Tân (Trước 04/06/2021),Ph. Duy Tân - TP Kon Tum - Kon Tum,KV1,
4025,36,Kon Tum,01,Thành phố Kon Tum,025,THPT Lê Lợi,Ph. Lê Lợi - Tp Kon Tum - Kon Tum,KV1,
4026,36,Kon Tum,01,Thành phố Kon Tum,036,THPT Ngô Mây,Ph. Ngô Mây - Tp Kon Tum - Kon Tum,KV1,
4027,36,Kon Tum,01,Thành phố Kon Tum,038,Trường TC Nghề Kon Tum,Ph. Nguyễn Trãi - Tp Kon Tum - Kon Tum,KV1,
4028,36,Kon Tum,01,Thành phố Kon Tum,041,THPT Trường Chinh (Trước 04/06/2021),Ph. Trường Chinh - Tp Kon Tum - Kon Tum,KV1,
4029,36,Kon Tum,01,Thành phố Kon Tum,046,THPT Phan Bội Châu,Xã Ya Chim - Tp Kon Tum - Kon Tum,KV1,
4030,36,Kon Tum,01,Thành phố Kon Tum,062,THPT Duy Tân,07 Đinh Công Tráng,KV2,
4031,36,Kon Tum,01,Thành phố Kon Tum,063,TT GDTX Tỉnh,86 Phan Chu Trinh,KV2,
4032,36,Kon Tum,01,Thành phố Kon Tum,064,THPT Trường Chinh,01-Nơ Trang Long,KV2,
4033,36,Kon Tum,01,Thành phố Kon Tum,065,THCS và THPT Liên Việt Kon Tum,Ph. Lê Lợi - Tp Kon Tum - Kon Tum,KV1,
4034,36,Kon Tum,01,Thành phố Kon Tum,801,Trường THPT - Khu vực 1,,KV1,
4035,36,Kon Tum,01,Thành phố Kon Tum,802,Trường THPT - KV2NT,,KV2-NT,
4036,36,Kon Tum,01,Thành phố Kon Tum,803,Trường THPT - KV2,,KV2,
4037,36,Kon Tum,01,Thành phố Kon Tum,804,Trường THPT - Khu vực 3,,KV3,
4038,36,Kon Tum,02,Huyện ĐĂK GLEI,008,Phòng GD&ĐT huyện Đăk Glei,Huyện Đăk Glei - Kon Tum,KV1,
4039,36,Kon Tum,02,Huyện ĐĂK GLEI,022,PT DTNT Đăk Glei,H. Đăk Glei - KonTum,KV1,DTNT
4040,36,Kon Tum,02,Huyện ĐĂK GLEI,033,THPT Lương Thế Vinh,H. Đăk Glei - KonTum,KV1,
4041,36,Kon Tum,02,Huyện ĐĂK GLEI,037,TT GDTX Đăk Glei,H. Đăk Glei - KonTum,KV1,
4042,36,Kon Tum,02,Huyện ĐĂK GLEI,048,Phân hiệu THPT Lương Thế Vinh,H. Đăk Glei - Kon Tum,KV1,
4043,36,Kon Tum,02,Huyện ĐĂK GLEI,053,Trung tâm GDNN-GDTX Đăk Glei,H. Đăk Glei - Kon Tum,KV1,
4044,36,Kon Tum,03,Huyện Ngọc Hồi,009,Phòng GD&ĐT huyện Ngọc Hồi,Huyện Ngọc Hồi - Kon Tum,KV1,
4045,36,Kon Tum,03,Huyện Ngọc Hồi,021,PT DTNT Ngọc Hồi,H. Ngọc Hồi - KonTum,KV1,DTNT
4046,36,Kon Tum,03,Huyện Ngọc Hồi,027,THPT Nguyễn Trãi,H. Ngọc Hồi - KonTum,KV1,
4047,36,Kon Tum,03,Huyện Ngọc Hồi,042,TT GDTX Ngọc Hồi,H. Ngọc Hồi- Kon Tum,KV1,
4048,36,Kon Tum,03,Huyện Ngọc Hồi,047,THPT Phan Chu Trinh,Xã Đăk Dục - H. Ngọc Hồi - Kon Tum,KV1,
4049,36,Kon Tum,03,Huyện Ngọc Hồi,052,Trung tâm GDNN-GDTX Ngọc Hồi,H. Ngọc Hồi - Kon Tum,KV1,
4050,36,Kon Tum,04,Huyện Đăk Tô,007,PT DTNT Đăk Tô,H. Đăk Tô - KonTum,KV1,DTNT
4051,36,Kon Tum,04,Huyện Đăk Tô,010,Phòng GD&ĐT huyện Đăk Tô,Huyện Đăk Tô - Kon Tum,KV1,
4052,36,Kon Tum,04,Huyện Đăk Tô,026,THPT Nguyễn Văn Cừ,H. Đăk Tô - KonTum,KV1,
4053,36,Kon Tum,04,Huyện Đăk Tô,045,TT GDTX Đăk Tô,H. Đăk Tô - Kon Tum,KV1,
4054,36,Kon Tum,04,Huyện Đăk Tô,051,Trung tâm GDNN-GDTX Đăk Tô,H. Đăk Tô - Kon Tum,KV1,
4055,36,Kon Tum,05,Huyện Sa Thầy,005,PT DTNT Sa Thầy,H. Sa Thầy - Kon Tum,KV1,DTNT
4056,36,Kon Tum,05,Huyện Sa Thầy,012,Phòng GD&ĐT huyện Sa Thầy,Huyện Sa Thầy - Kon Tum,KV1,
4057,36,Kon Tum,05,Huyện Sa Thầy,034,THPT Quang Trung,H. Sa Thầy - Kon Tum,KV1,
4058,36,Kon Tum,05,Huyện Sa Thầy,043,TT GDTX Sa Thầy,H. Sa Thầy - Kon Tum,KV1,
4059,36,Kon Tum,05,Huyện Sa Thầy,054,Trung tâm GDNN-GDTX Sa Thầy,H. Sa Thầy - Kon Tum,KV1,
4060,36,Kon Tum,06,Huyện Kon Plông,014,Phòng GD&ĐT huyện Kon Plong,Huyện Kon Plông - Kon Tum,KV1,
4061,36,Kon Tum,06,Huyện Kon Plông,017,PT DTNT Kon Plong,H. Kon Plông - KonTum,KV1,DTNT
4062,36,Kon Tum,06,Huyện Kon Plông,049,Phân hiệu PT DTNT Kon Plong,H. Kon Plông - KonTum,KV1,
4063,36,Kon Tum,06,Huyện Kon Plông,056,Trung tâm GDNN-GDTX Kon Plong,H. Kon Plông - KonTum,KV1,
4064,36,Kon Tum,06,Huyện Kon Plông,059,PTDTNT THPT huyện Kon Plông,88 Võ Nguyên Giáp,KV1,DTNT
4065,36,Kon Tum,07,Huyện Đăk Hà,006,PT DTNT Đăk Hà,H. Đăk Hà - Kon Tum,KV1,DTNT
4066,36,Kon Tum,07,Huyện Đăk Hà,011,Phòng GD&ĐT huyện Đăk Hà,Huyện Đăk Hà - Kon Tum,KV1,
4067,36,Kon Tum,07,Huyện Đăk Hà,028,TT GDTX Đăk Hà,H. Đắk Hà - Kon Tum,KV1,
4068,36,Kon Tum,07,Huyện Đăk Hà,030,THPT Trần Quốc Tuấn,H. Đắk Hà - Kon Tum,KV1,
4069,36,Kon Tum,07,Huyện Đăk Hà,032,THPT Nguyễn Du,H. Đắk Hà - Kon Tum,KV1,
4070,36,Kon Tum,07,Huyện Đăk Hà,050,Trung tâm GDNN-GDTX Đăk Hà,H. Đăk Hà - Kon Tum,KV1,
4071,36,Kon Tum,07,Huyện Đăk Hà,066,PTDTNT THPT huyện Đăk Hà,"xã Đăk Hring, huyện Đăk Hà, tỉnh Kon Tum",KV1,DTNT
4072,36,Kon Tum,08,Huyện Kon Rẫy,023,Phòng GD&ĐT huyện Kon Rẫy,H. Kon Rẫy - Kon Tum,KV1,
4073,36,Kon Tum,08,Huyện Kon Rẫy,024,PT DTNT Kon Rẫy,H. Kon Rẫy - Kon Tum,KV1,DTNT
4074,36,Kon Tum,08,Huyện Kon Rẫy,035,THPT Chu Văn An,H. Kon Rẫy - Kon Tum,KV1,
4075,36,Kon Tum,08,Huyện Kon Rẫy,044,TT GDTX Kon Rẫy,H. Kon Rẫy - Kon Tum,KV1,
4076,36,Kon Tum,08,Huyện Kon Rẫy,055,Trung tâm GDNN-GDTX Kon Rẫy,H. Kon Rẫy - Kon Tum,KV1,
4077,36,Kon Tum,09,Huyện Tu Mơ Rông,029,Phòng GD&ĐT huyện Tu Mơ Rông,H. Tu Mơ Rông - Kon Tum,KV1,
4078,36,Kon Tum,09,Huyện Tu Mơ Rông,031,PT DTNT Tu Mơ Rông,H. Tu Mơ Rông - Kon Tum,KV1,DTNT
4079,36,Kon Tum,09,Huyện Tu Mơ Rông,057,Trung tâm GDNN-GDTX Tu Mơ Rông,H. Tu Mơ Rông - Kon Tum,KV1,
4080,36,Kon Tum,10,Huyện IA H'DRAI,058,Phân hiệu PT DTNT Tỉnh tại Ia H'Drai,"Xã Ia Tơi, huyện Ia H'Drai, tỉnh Kon Tum",KV1,DTNT
4081,37,Bình Định,00,Sở Giáo dục và Đào tạo,800,Học ở nước ngoài_37,"08, Trần Phú, TP Quy Nhơn",KV3,
4082,37,Bình Định,00,Sở Giáo dục và Đào tạo,900,"Quân nhân, Công an tại ngũ_37","08, Trần Phú, TP Quy Nhơn",KV3,
4083,37,Bình Định,01,Thành phố Quy Nhơn,000,Sở GD & ĐT Bình Định,TP. Quy Nhơn,KV2,
4084,37,Bình Định,01,Thành phố Quy Nhơn,001,Quốc Học Quy Nhơn,"09 Trần Phú, TP. Quy Nhơn",KV2,
4085,37,Bình Định,01,Thành phố Quy Nhơn,002,THPT Trưng Vương,"26 Nguyễn Huệ, TP. Quy Nhơn",KV2,
4086,37,Bình Định,01,Thành phố Quy Nhơn,003,THPT chuyên Lê Quý Đôn,"02 Nguyễn Huệ, TP. Quy Nhơn",KV2,
4087,37,Bình Định,01,Thành phố Quy Nhơn,004,THPT Hùng Vương,"P. Trần Quang Diệu, TP. Quy Nhơn",KV2,
4088,37,Bình Định,01,Thành phố Quy Nhơn,005,PTDTNT THPT Bình Định,"227 Nguyễn Thị Minh khai, TP. Quy Nhơn",KV1,DTNT
4089,37,Bình Định,01,Thành phố Quy Nhơn,006,THPT Trần Cao Vân,"72 Trần Cao Vân, TP. Quy Nhơn",KV2,
4090,37,Bình Định,01,Thành phố Quy Nhơn,007,THPT Nguyễn Thái Học,"127 Nguyễn Thái Học, TP. Quy Nhơn",KV2,
4091,37,Bình Định,01,Thành phố Quy Nhơn,008,"TH, THCS&THPT Ischool Quy Nhơn","P. Nhơn Phú, TP. Quy Nhơn",KV2,
4092,37,Bình Định,01,Thành phố Quy Nhơn,009,THPT Quy Nhơn,"325 Nguyễn Thị Minh Khai, TP. Quy Nhơn",KV2,
4093,37,Bình Định,01,Thành phố Quy Nhơn,052,Trung tâm GDTX tỉnh Bình Định (trước ngày 01/4/2025),"107A Thanh Niên, Quy Nhơn",KV2,
4094,37,Bình Định,01,Thành phố Quy Nhơn,056,CĐ nghề Quy Nhơn,172 An Dương Vương TP. Quy Nhơn,KV2,
4095,37,Bình Định,01,Thành phố Quy Nhơn,057,CĐ nghề cơ điện xây dựng và Nông lâm Trung bộ (trước 04/6/2021),"Khu vực 8, P. Bùi Thị Xuân, TP. Quy Nhơn",KV1,
4096,37,Bình Định,01,Thành phố Quy Nhơn,093,Trung tâm GDNN-GDTX Quy Nhơn,"69 Tô Hiến Thành, Phường Quang Trung, Quy Nhơn, Bình Định",KV2,
4097,37,Bình Định,01,Thành phố Quy Nhơn,100,CĐ nghề cơ điện xây dựng và Nông lâm Trung bộ,"Khu vực 8, P. Bùi Thị Xuân, TP. Quy Nhơn",KV2,
4098,37,Bình Định,01,Thành phố Quy Nhơn,101,THPT FPT,"Nhơn Bình, Quy Nhơn, Bình Định",KV2,
4099,37,Bình Định,01,Thành phố Quy Nhơn,102,THPT Bùi Thị Xuân,"Nhơn Phú, Quy Nhơn, Bình Định",KV2,
4100,37,Bình Định,01,Thành phố Quy Nhơn,124,Trung tâm GDNN-GDTX tỉnh Bình Định,"107A, Đường Thanh Niên, Quy Nhơn",KV2,
4101,37,Bình Định,01,Thành phố Quy Nhơn,125,Trường Cao đẳng FPT Polytechnic,"124 Trần Hưng Đạo, phường Lê Lợi, thành phố Quy Nhơn, tỉnh Bình Định",KV1,
4102,37,Bình Định,01,Thành phố Quy Nhơn,801,Trường THPT - Khu vực 1,,KV1,
4103,37,Bình Định,01,Thành phố Quy Nhơn,802,Trường THPT - KV2NT,,KV2-NT,
4104,37,Bình Định,01,Thành phố Quy Nhơn,803,Trường THPT - KV2,,KV2,
4105,37,Bình Định,01,Thành phố Quy Nhơn,804,Trường THPT - Khu vực 3,,KV3,
4106,37,Bình Định,02,Huyện An Lão,045,THPT An Lão (trước ngày 04/6/2021),"Xã An Hòa , H. An Lão",KV1,
4107,37,Bình Định,02,Huyện An Lão,046,THPT Số 2 An Lão,"Xã An Trung, H. An Lão",KV1,
4108,37,Bình Định,02,Huyện An Lão,063,TT GDTX-HN An Lão,xã An Tân,KV1,
4109,37,Bình Định,02,Huyện An Lão,064,PT DTNT An Lão,"Thị trấn An Lão, huyện An Lão, tỉnh Bình Định",KV1,
4110,37,Bình Định,02,Huyện An Lão,067,PT DTNT THCS&THPT An Lão,"Thị trấn An Lão, huyện An Lão, tỉnh Bình Định",KV1,
4111,37,Bình Định,02,Huyện An Lão,076,TT GDNN-GDTX An Lão,Xã An Tân,KV1,
4112,37,Bình Định,02,Huyện An Lão,099,THPT An Lão (từ ngày 04/6/2021),"Xã An Hòa , H. An Lão (từ 04/6/2021)",KV2-NT,
4113,37,Bình Định,03,Huyện Hoài Ân,042,THPT Hoài Ân,"TT Tăng Bạt Hổ, H. Hoài Ân",KV2-NT,
4114,37,Bình Định,03,Huyện Hoài Ân,043,THPT Võ Giữ,"Xã Ân Tín, H. Hoài Ân",KV2-NT,
4115,37,Bình Định,03,Huyện Hoài Ân,044,THPT Nguyễn Bỉnh Khiêm,"TT Tăng Bạt Hổ, H. Hoài Ân",KV2-NT,
4116,37,Bình Định,03,Huyện Hoài Ân,047,THPT Trần Quang Diệu (trước ngày 04/6/2021),"Xã Ân Tường Tây, H. Hoài Ân",KV1,
4117,37,Bình Định,03,Huyện Hoài Ân,059,TT GDTX-HN Hoài Ân,"01 Hà Huy Tập, TTr. Tăng Bạt Hổ, H. Hoài Ân",KV2-NT,
4118,37,Bình Định,03,Huyện Hoài Ân,072,TT GDNN-GDTX Hoài Ân,"01 Hà Huy Tập, TTr. Tăng Bạt Hổ, H. Hoài Ân",KV2-NT,
4119,37,Bình Định,03,Huyện Hoài Ân,098,THPT Trần Quang Diệu(từ ngày 04/6/2021),"xã Ân Tường Tây, huyện Hoài Ân",KV2-NT,
4120,37,Bình Định,04,Huyện Hoài Nhơn (đến 01/6/2020),036,THPT Tăng Bạt Hổ,"TT Bồng Sơn, H. Hoài Nhơn",KV2-NT,
4121,37,Bình Định,04,Huyện Hoài Nhơn (đến 01/6/2020),037,THPT Nguyễn Trân,"TT Tam Quan, H. Hoài Nhơn",KV2-NT,
4122,37,Bình Định,04,Huyện Hoài Nhơn (đến 01/6/2020),038,THPT Nguyễn Du,"Xã Hoài Hương, H. Hoài Nhơn",KV1,
4123,37,Bình Định,04,Huyện Hoài Nhơn (đến 01/6/2020),039,THPT Lý Tự Trọng,"Xã Hoài Châu Bắc, H. Hoài Nhơn",KV2-NT,
4124,37,Bình Định,04,Huyện Hoài Nhơn (đến 01/6/2020),040,THPT Phan Bội Châu,"TT Bồng Sơn, H. Hoài Nhơn",KV2-NT,
4125,37,Bình Định,04,Huyện Hoài Nhơn (đến 01/6/2020),041,THPT Tam Quan,"TT Tam Quan, H. Hoài Nhơn",KV2-NT,
4126,37,Bình Định,04,Huyện Hoài Nhơn (đến 01/6/2020),058,TT GDTX-HN Hoài Nhơn,"Xã Hoài Tân, H. Hoài Nhơn",KV2-NT,
4127,37,Bình Định,04,Huyện Hoài Nhơn (đến 01/6/2020),071,TT GDNN-GDTX Hoài Nhơn,"Xã Hoài Tân, H. Hoài Nhơn",KV2-NT,
4128,37,Bình Định,04,Huyện Hoài Nhơn (đến 01/6/2020),079,THPT Nguyễn Du (từ 2018),Xã Hoài Hương,KV2-NT,
4129,37,Bình Định,04,Huyện Hoài Nhơn (đến 01/6/2020),080,Trường Trung cấp Kỹ thuật công nghệ Hoài Nhơn,"Thị trấn Bồng Sơn, huyện Hoài Nhơn, tỉnh Bình Địnhh",KV2-NT,
4130,37,Bình Định,04,Huyện Hoài Nhơn (đến 01/6/2020),081,THPT chuyên Chu Văn An,"Khối 5, Phường Bồng sơn, Thị xã Hoài Nhơn",KV2-NT,
4131,37,Bình Định,05,Huyện Phù Mỹ (trước ngày 15/3/2022),031,THPT Số 1 Phù Mỹ,"TT Phù Mỹ, H. Phù Mỹ",KV2-NT,
4132,37,Bình Định,05,Huyện Phù Mỹ (trước ngày 15/3/2022),032,THPT Số 2 Phù Mỹ,"TT Bình Dương, H. Phù Mỹ",KV2-NT,
4133,37,Bình Định,05,Huyện Phù Mỹ (trước ngày 15/3/2022),033,THPT An Lương,"Xã Mỹ Chánh, H. Phù Mỹ",KV2-NT,
4134,37,Bình Định,05,Huyện Phù Mỹ (trước ngày 15/3/2022),034,THPT Nguyễn Trung Trực,"TT Phù Mỹ, H. Phù Mỹ",KV2-NT,
4135,37,Bình Định,05,Huyện Phù Mỹ (trước ngày 15/3/2022),035,THPT Bình Dương,"TT Bình Dương, H. Phù Mỹ",KV2-NT,
4136,37,Bình Định,05,Huyện Phù Mỹ (trước ngày 15/3/2022),051,THPT Mỹ Thọ (trước ngày 01/01/2020),"Xã Mỹ Thọ, H. Phù Mỹ",KV1,
4137,37,Bình Định,05,Huyện Phù Mỹ (trước ngày 15/3/2022),062,TT GDTX-HN Phù Mỹ,"TT Phù Mỹ, H. Phù Mỹ",KV2-NT,
4138,37,Bình Định,05,Huyện Phù Mỹ (trước ngày 15/3/2022),075,TT GDNN-GDTX Phù Mỹ,"TT Phù Mỹ, H. Phù Mỹ",KV2-NT,
4139,37,Bình Định,05,Huyện Phù Mỹ (trước ngày 15/3/2022),084,THPT Mỹ Thọ (Từ năm 2020),"Xã Mỹ Thọ, H. Phù Mỹ",KV2-NT,
4140,37,Bình Định,06,Huyện Phù Cát (trước ngày 15/3/2022),026,THPT Số 1 Phù Cát,"TT Ngô Mây, H. Phù Cát",KV2-NT,
4141,37,Bình Định,06,Huyện Phù Cát (trước ngày 15/3/2022),027,THPT Số 2 Phù Cát (trước ngày 01/01/2020),"Xã Cát Minh, H. Phù Cát",KV1,
4142,37,Bình Định,06,Huyện Phù Cát (trước ngày 15/3/2022),028,THPT Số 3 Phù Cát (trước 04/6/2021),"Xã Cát Hưng, H. Phù Cát",KV1,
4143,37,Bình Định,06,Huyện Phù Cát (trước ngày 15/3/2022),029,THPT Ngô Mây,"TT Ngô Mây, H. Phù Cát",KV2-NT,
4144,37,Bình Định,06,Huyện Phù Cát (trước ngày 15/3/2022),030,THPT Nguyễn Hữu Quang (trước ngày 04/6/2021),"Xã Cát Hưng, H. Phù Cát",KV1,
4145,37,Bình Định,06,Huyện Phù Cát (trước ngày 15/3/2022),050,THPT Nguyễn Hồng Đạo,"Xã Cát Hanh, H. Phù Cát",KV2-NT,
4146,37,Bình Định,06,Huyện Phù Cát (trước ngày 15/3/2022),055,TT GDTX-HN Phù Cát,"TTr. Ngô Mây, H. Phù Cát",KV2-NT,
4147,37,Bình Định,06,Huyện Phù Cát (trước ngày 15/3/2022),070,TT GDNN-GDTX Phù Cát,"TTr. Ngô Mây, H. Phù Cát",KV2-NT,
4148,37,Bình Định,06,Huyện Phù Cát (trước ngày 15/3/2022),078,THPT Ngô Lê Tân (trước ngày 01/01/2020),"Xã Cát Thành, H.Phù Cát",KV1,
4149,37,Bình Định,06,Huyện Phù Cát (trước ngày 15/3/2022),082,THPT số 2 Phù Cát (Từ năm 2020),"Xã Cát Minh, H. Phù Cát",KV2-NT,
4150,37,Bình Định,06,Huyện Phù Cát (trước ngày 15/3/2022),083,THPT Ngô Lê Tân (từ năm 2020),"Xã Cát Thành, H. Phù Cát",KV2-NT,
4151,37,Bình Định,06,Huyện Phù Cát (trước ngày 15/3/2022),094,THPT số 3 Phù Cát (từ ngày 04/6/2021),"xã Cát Hưng, huyện Phù Cát",KV2-NT,
4152,37,Bình Định,06,Huyện Phù Cát (trước ngày 15/3/2022),095,THPT Nguyễn Hữu Quang (từ ngày 04/6/2021),"xã Cát Hưng, huyện Phù Cát",KV2-NT,
4153,37,Bình Định,07,Huyện Vĩnh Thạnh,025,THPT Vĩnh Thạnh,"Thị trấn Vĩnh Thạnh, H. Vĩnh Thạnh",KV1,
4154,37,Bình Định,07,Huyện Vĩnh Thạnh,048,PTDTNT THCS & THPT Vĩnh Thạnh,"Xã Vĩnh Hảo, H. Vĩnh Thạnh",KV1,
4155,37,Bình Định,07,Huyện Vĩnh Thạnh,066,TT GDTX-HN Vĩnh Thạnh,"TT Vĩnh Thạnh, H. Vĩnh Thạnh",KV1,
4156,37,Bình Định,07,Huyện Vĩnh Thạnh,077,TT GDNN-GDTX Vĩnh Thạnh,"TT Vĩnh Thạnh, H. Vĩnh Thạnh",KV1,
4157,37,Bình Định,08,Huyện Tây Sơn,021,THPT Quang Trung,"TT Phú Phong, H. Tây Sơn",KV2-NT,
4158,37,Bình Định,08,Huyện Tây Sơn,022,THPT Tây Sơn,"Xã Tây Bình, H. Tây Sơn",KV2-NT,
4159,37,Bình Định,08,Huyện Tây Sơn,023,THPT Võ Lai (trước ngày 04/6/2021),"Xã Tây Giang, H. Tây Sơn",KV1,
4160,37,Bình Định,08,Huyện Tây Sơn,024,THPT Nguyễn Huệ,"TT Phú Phong, H. Tây Sơn",KV2-NT,
4161,37,Bình Định,08,Huyện Tây Sơn,060,TT GDTX-HN Tây Sơn,"Xã Tây Xuân, H. Tây Sơn",KV1,
4162,37,Bình Định,08,Huyện Tây Sơn,073,TT GDNN-GDTX Tây Sơn,"Xã Tây Xuân, H. Tây Sơn",KV1,
4163,37,Bình Định,08,Huyện Tây Sơn,096,THPT Võ Lai (từ ngày 04/6/2021),"Xã Tây Giang, huyệnTây Sơn",KV2-NT,
4164,37,Bình Định,09,Huyện Vân Canh,014,PTDTNT THCS & THPT Vân Canh,"Thị trấn Vân Canh, H. Vân Canh",KV1,
4165,37,Bình Định,09,Huyện Vân Canh,049,THPT Vân Canh (trước ngày 04/6/2021),"Xã Canh Vinh, H. Vân Canh",KV1,
4166,37,Bình Định,09,Huyện Vân Canh,061,TT GDTX-HN Vân Canh,"TT Vân Canh, H. Vân Canh",KV1,
4167,37,Bình Định,09,Huyện Vân Canh,074,TT GDNN-GDTX Vân Canh,"TT Vân Canh, H. Vân Canh",KV1,
4168,37,Bình Định,09,Huyện Vân Canh,097,THPT Vân Canh (từ ngày 04/6/2021),"Xã Canh Vinh, H. Vân Canh",KV2-NT,
4169,37,Bình Định,10,Thị xã An Nhơn,015,THPT Số 1 An Nhơn,"89 Lê Hồng Phong, Ph. Bình Định, thị xã An Nhơn",KV2,
4170,37,Bình Định,10,Thị xã An Nhơn,016,THPT Số 2 An Nhơn,"02 Trần Quang Diệu, Ph. Đập Đá, thị xã An Nhơn",KV2,
4171,37,Bình Định,10,Thị xã An Nhơn,017,THPT Số 3 An Nhơn,"Thôn Thọ Lộc 1, xã Nhơn Thọ, thị xã An Nhơn",KV2,
4172,37,Bình Định,10,Thị xã An Nhơn,018,THPT Hòa Bình,"Xã Nhơn Phong, thị xã An Nhơn",KV2,
4173,37,Bình Định,10,Thị xã An Nhơn,019,THPT Nguyễn Đình Chiểu,"108 Nguyễn Đình Chiểu, Ph. Bình Định, thị xã An Nhơn",KV2,
4174,37,Bình Định,10,Thị xã An Nhơn,020,THPT Nguyễn Trường Tộ,"Đường Lê Duẩn, Ph. Đập Đá, thị xã An Nhơn",KV2,
4175,37,Bình Định,10,Thị xã An Nhơn,054,TT GDTX-HN An Nhơn,"599 Ngô Gia Tự, Ph. Bình Định, thị xã An Nhơn",KV2,
4176,37,Bình Định,10,Thị xã An Nhơn,069,TT GDNN-GDTX An Nhơn,"599 Ngô Gia Tự, Ph. Bình Định, thị xã An Nhơn",KV2,
4177,37,Bình Định,11,Huyện Tuy Phước (trước ngày 01/01/2021),010,THPT Số 1 Tuy phước,"TT Tuy Phước, H. Tuy Phước",KV2-NT,
4178,37,Bình Định,11,Huyện Tuy Phước (trước ngày 01/01/2021),011,THPT Số 2 Tuy phước,"Xã Phước Quang, H. Tuy Phước",KV2-NT,
4179,37,Bình Định,11,Huyện Tuy Phước (trước ngày 01/01/2021),012,THPT Nguyễn Diêu,"Xã Phước Sơn, H. Tuy Phước",KV2-NT,
4180,37,Bình Định,11,Huyện Tuy Phước (trước ngày 01/01/2021),013,THPT Xuân Diệu,"TT Tuy Phước, H. Tuy Phước",KV2-NT,
4181,37,Bình Định,11,Huyện Tuy Phước (trước ngày 01/01/2021),053,TT GDTX-HN Tuy Phước,"TTr. Tuy Phước, H. Tuy Phước",KV2-NT,
4182,37,Bình Định,11,Huyện Tuy Phước (trước ngày 01/01/2021),065,THPT Số 3 Tuy Phước,"Xã Phước Hòa, H. Tuy Phước",KV2-NT,
4183,37,Bình Định,11,Huyện Tuy Phước (trước ngày 01/01/2021),068,TT GDNN-GDTX Tuy Phước,"TTr. Tuy Phước, H. Tuy Phước",KV2-NT,
4184,37,Bình Định,12,Thị xã Hoài Nhơn,085,THPT Tăng Bạt Hổ (từ tháng 6/2020),Phường Bồng Sơn,KV2,
4185,37,Bình Định,12,Thị xã Hoài Nhơn,086,THPT Nguyễn Trân (từ tháng 6/2020),Phường Tam Quan,KV2,
4186,37,Bình Định,12,Thị xã Hoài Nhơn,087,THPT Nguyễn Du (từ tháng 6/2020),Phường Hoài Hương,KV2,
4187,37,Bình Định,12,Thị xã Hoài Nhơn,088,THPT Lý Tự Trọng (từ tháng 6/2020),Xã Hoài Châu Bắc,KV2,
4188,37,Bình Định,12,Thị xã Hoài Nhơn,089,THPT Phan Bội Châu (từ tháng 6/2020),Phường Bồng Sơn,KV2,
4189,37,Bình Định,12,Thị xã Hoài Nhơn,090,THPT Tam Quan (từ tháng 6/2020),Phường Tam Quan,KV2,
4190,37,Bình Định,12,Thị xã Hoài Nhơn,091,THPT chuyên Chu Văn An (từ tháng 6/2020),Phường Bồng Sơn,KV2,
4191,37,Bình Định,12,Thị xã Hoài Nhơn,092,TT GDNN-GDTX Hoài Nhơn (từ tháng 6/2020),Phường Hoài Tân,KV2,
4192,37,Bình Định,13,Huyện Phù Cát (Từ ngày 15/3/2022),103,THPT số 1 Phù Cát (từ ngày 15/3/2022),"Thị Trấn Ngô Mây, huyện Phù Cát",KV2-NT,
4193,37,Bình Định,13,Huyện Phù Cát (Từ ngày 15/3/2022),104,THPT Nguyễn Hồng Đạo (Từ ngày 15/3/2022),"Xã Cát Hanh, huyện Phù Cát, tỉnh Bình Định",KV2-NT,
4194,37,Bình Định,13,Huyện Phù Cát (Từ ngày 15/3/2022),105,Trung tâm GDNN-GDTX Phù Cát (Từ ngày 15/3/2022),"Thị Trấn Ngô Mây, huyện Phù Cát",KV2-NT,
4195,37,Bình Định,13,Huyện Phù Cát (Từ ngày 15/3/2022),109,THPT số 2 Phù Cát (từ ngày 15/3/2022),xã Cát Minh,KV2-NT,
4196,37,Bình Định,13,Huyện Phù Cát (Từ ngày 15/3/2022),110,THPT số 3 Phù Cát (từ ngày 15/3/2022),xã Cát Hưng,KV2-NT,
4197,37,Bình Định,13,Huyện Phù Cát (Từ ngày 15/3/2022),111,THPT Nguyễn Hữu Quang (từ ngày 15/3/2022),Thị trấn Cát Tiến,KV2-NT,
4198,37,Bình Định,13,Huyện Phù Cát (Từ ngày 15/3/2022),112,THPT Ngô Lê Tân (từ ngày 15/3/2022),xã Cát Thành,KV2-NT,
4199,37,Bình Định,13,Huyện Phù Cát (Từ ngày 15/3/2022),113,THPT Ngô Mây (từ ngày 15/3/2022),Thị Trấn Ngô Mây,KV2-NT,
4200,37,Bình Định,14,Huyện Phù Mỹ (Từ ngày 15/3/2022),106,THPT số 1 Phù Mỹ (từ ngày 15/3/2022),"Thị trấn Phù Mỹ, huyện Phù Mỹ, tỉnh Bình Định",KV2-NT,
4201,37,Bình Định,14,Huyện Phù Mỹ (Từ ngày 15/3/2022),114,THPT số 2 Phù Mỹ (từ ngày 15/3/2022),Thị trấn Bình Dương,KV2-NT,
4202,37,Bình Định,14,Huyện Phù Mỹ (Từ ngày 15/3/2022),115,THPT An Lương (từ ngày 15/3/2022),xã Mỹ Chánh,KV2-NT,
4203,37,Bình Định,14,Huyện Phù Mỹ (Từ ngày 15/3/2022),116,THPT Mỹ Thọ (từ ngày 15/3/2022),xã Mỹ Thọ,KV2-NT,
4204,37,Bình Định,14,Huyện Phù Mỹ (Từ ngày 15/3/2022),117,THPT Nguyễn Trung Trực (từ ngày 15/3/2022),Thị trấn Phù Mỹ,KV2-NT,
4205,37,Bình Định,14,Huyện Phù Mỹ (Từ ngày 15/3/2022),118,THPT Bình Dương (từ ngày 15/3/2022),Thị trấn Bình Dương,KV2-NT,
4206,37,Bình Định,14,Huyện Phù Mỹ (Từ ngày 15/3/2022),119,Trung tâm GDNN-GDTX Phù Mỹ (từ ngày 15/3/2022),Thị trấn Phù Mỹ,KV2-NT,
4207,37,Bình Định,15,Huyện Tuy Phước (Từ ngày 01/01/2021),107,THPT số 1 Tuy Phước (từ ngày 01/01/2021),"TT Tuy Phước, H. Tuy Phước",KV2-NT,
4208,37,Bình Định,15,Huyện Tuy Phước (Từ ngày 01/01/2021),108,THPT Xuân Diệu (từ ngày 01/01/2021),"TT Tuy Phước, H. Tuy Phước",KV2-NT,
4209,37,Bình Định,15,Huyện Tuy Phước (Từ ngày 01/01/2021),120,THPT số 2 Tuy Phước (từ ngày 01/01/2021),xã Phước Quang,KV2-NT,
4210,37,Bình Định,15,Huyện Tuy Phước (Từ ngày 01/01/2021),121,THPT số 3 Tuy Phước (từ ngày 01/01/2021),xã Phước Hoà,KV2-NT,
4211,37,Bình Định,15,Huyện Tuy Phước (Từ ngày 01/01/2021),122,THPT Nguyễn Diêu (từ ngày 01/01/2021),xã Phước Sơn,KV2-NT,
4212,37,Bình Định,15,Huyện Tuy Phước (Từ ngày 01/01/2021),123,Trung tâm GDNN-GDTX Tuy Phước (từ ngày 01/01/2021),Thị trấn Tuy Phước,KV2-NT,
4213,38,Gia Lai,00,Sở Giáo dục và Đào tạo,800,Học ở nước ngoài_38,Thành phố Pleiku,KV2,
4214,38,Gia Lai,00,Sở Giáo dục và Đào tạo,900,"Quân nhân, Công an tại ngũ_38",Thành phố Pleiku,KV2,
4215,38,Gia Lai,01,Thành phố Pleiku,001,Trường THPT Pleiku (trước 04/6/2021),"90 Tô Vĩnh Diện,Ph. Hoa Lư, thành phố Pleiku, Gia Lai",KV1,
4216,38,Gia Lai,01,Thành phố Pleiku,002,Trường THPT Phan Bội Châu (trước 04/6/2021),"Ph. Ia Kring, thành phố Pleiku, Gia Lai",KV1,
4217,38,Gia Lai,01,Thành phố Pleiku,003,Trường PT Dân tộc Nội trú tỉnh (trước 04/6/2021),"Ph. Yên Thế, thành phố Pleiku, Gia Lai",KV1,DTNT
4218,38,Gia Lai,01,Thành phố Pleiku,004,Trường THPT Lê Lợi (trước 04/6/2021),"Ph. Hội Thương, thành phố Pleiku, Gia Lai",KV1,
4219,38,Gia Lai,01,Thành phố Pleiku,005,Trường THPT Chuyên Hùng Vương (trước 04/6/2021),"48 Hùng Vương, thành phố Pleiku, Gia Lai",KV1,
4220,38,Gia Lai,01,Thành phố Pleiku,006,Trường THPT Hoàng Hoa Thám (trước 04/6/2021),"Ph. Yên Thế, thành phố Pleiku, Gia Lai",KV1,
4221,38,Gia Lai,01,Thành phố Pleiku,023,TT GDTX tỉnh (trước 04/6/2021),"61 Lý Thái Tổ, Ph. Yên Đỗ, thành phố Pleiku, Gia Lai",KV1,
4222,38,Gia Lai,01,Thành phố Pleiku,025,Trường Cao đẳng nghề Gia Lai (trước 04/6/2021),"Xã Diên Phú, thành phố Pleiku, Gia Lai",KV1,
4223,38,Gia Lai,01,Thành phố Pleiku,026,TT Kỹ thuật - Tổng hợp - Hướng nghiệp (trước 04/6/2021),"Ph. Ia Kring, thành phố Pleiku, Gia Lai",KV1,
4224,38,Gia Lai,01,Thành phố Pleiku,034,Trường THPT Nguyễn Chí Thanh,"138-Nguyễn Chí Thanh. P.Chi Lăng, TP Pleiku, Gia Lai",KV1,
4225,38,Gia Lai,01,Thành phố Pleiku,042,Trường Quốc tế Châu Á Thái Bình Dương - Gia Lai (trước 04/6/2021),"Xã Diên Phú, thành phố Pleiku, Gia Lai",KV1,
4226,38,Gia Lai,01,Thành phố Pleiku,060,Trường TC nghề số 15 (trước 04/6/2021),"Ph. Yên Thế, thành phố Pleiku, Gia Lai.",KV1,
4227,38,Gia Lai,01,Thành phố Pleiku,061,Trường TC nghề số 21 (trước 04/6/2021),"Ph. Thống Nhất, thành phố Pleiku, Gia Lai.",KV1,
4228,38,Gia Lai,01,Thành phố Pleiku,062,Trường CĐ nghề số 05 Chi nhánh Gia Lai (trước 04/6/2021),"Ph. Thắng Lợi, thành phố Pleiku, Gia Lai.",KV1,
4229,38,Gia Lai,01,Thành phố Pleiku,069,Trường TC Y tế Gia Lai (trước 04/6/2021),"Xã Trà Đa, thành phố Pleiku, Gia Lai",KV1,
4230,38,Gia Lai,01,Thành phố Pleiku,070,Trường TC VH-NT Gia Lai,"P. Chi Lăng, thành phố Pleiku, Gia Lai",KV1,
4231,38,Gia Lai,01,Thành phố Pleiku,071,Trường Thiếu sinh quân-Quân khu V (trước 04/6/2021),"Ph. Thống nhất, thành phố Pleiku, Gia Lai",KV1,
4232,38,Gia Lai,01,Thành phố Pleiku,072,"Trường TH, THCS, THPT Nguyễn văn Linh (trước 04/6/2021)","Xã Diên Phú, thành phố Pleiku, Gia Lai",KV1,
4233,38,Gia Lai,01,Thành phố Pleiku,073,Trường Bổ túc văn hóa Gia Lai Kon Tum (trước 04/6/2021),Thành phố Kon Tum,KV1,
4234,38,Gia Lai,01,Thành phố Pleiku,076,Trường Trung học lâm nghiệp Tây Nguyên,"Phường Chi Lăng, Tp. Pleiku",KV1,
4235,38,Gia Lai,01,Thành phố Pleiku,094,Trường CĐSP Gia Lai (trước 04/6/2021),"Ph. Ia Kring, thành phố Pleiku, Gia Lai",KV1,
4236,38,Gia Lai,01,Thành phố Pleiku,095,Trường THPT Chi Lăng,"Số 655 đường Trường Chinh, Tổ 2, phường Chi Lăng, Tp. Pleiku, tỉnh Gia Laig",KV1,
4237,38,Gia Lai,01,Thành phố Pleiku,098,"Trường Tiểu học, Trung học cơ sở và Trung học phổ thông Sao Việt (trước 04/6/2021)","18 Hoàng Đạo Thúy, Tp. Pleiku, tỉnh Gia Lai",KV1,
4238,38,Gia Lai,01,Thành phố Pleiku,101,Trường THPT Pleiku (từ 04/6/2021),"90 Tô Vĩnh Diện,Ph. Hoa Lư, thành phố Pleiku, Gia Lai",KV2,
4239,38,Gia Lai,01,Thành phố Pleiku,102,Trường THPT Phan Bội Châu (từ 04/6/2021),"Ph. Ia Kring, thành phố Pleiku, Gia Lai",KV2,
4240,38,Gia Lai,01,Thành phố Pleiku,104,Trường THPT Lê Lợi (từ 04/6/2021),"Ph. Hội Thương, thành phố Pleiku, Gia Lai",KV2,
4241,38,Gia Lai,01,Thành phố Pleiku,105,Trường THPT Chuyên Hùng Vương (từ 04/6/2021),"48 Hùng Vương, thành phố Pleiku, Gia Lai",KV2,
4242,38,Gia Lai,01,Thành phố Pleiku,106,Trường THPT Hoàng Hoa Thám (từ 04/6/2021),"Ph. Yên Thế, thành phố Pleiku, Gia Lai",KV2,
4243,38,Gia Lai,01,Thành phố Pleiku,108,Trường PT Dân tộc Nội trú tỉnh (từ 04/6/2021),"Ph. Yên Thế, thành phố Pleiku, Gia Lai",KV2,DTNT
4244,38,Gia Lai,01,Thành phố Pleiku,123,TT GDTX tỉnh (từ 04/6/2021),"61 Lý Thái Tổ, Ph. Yên Đỗ, thành phố Pleiku, Gia Lai",KV2,
4245,38,Gia Lai,01,Thành phố Pleiku,142,Trường Quốc tế Châu Á Thái Bình Dương - Gia Lai (từ 04/6/2021),"Xã Diên Phú, TP Pleiku, Gia Lai",KV2,
4246,38,Gia Lai,01,Thành phố Pleiku,198,"Trường Tiểu học, Trung học cơ sở và Trung học phổ thông Sao Việt (từ 04/6/2021)","Phường Tây Sơn, TP Pleiku, Gia Lai",KV2,
4247,38,Gia Lai,01,Thành phố Pleiku,199,"Trường Tiểu học, THCS và THPT UKA Gia Lai","39 Hàn Mạc Tử, phường Trà bá, thành phố Pleiku, tỉnh Gia Lai",KV2,
4248,38,Gia Lai,01,Thành phố Pleiku,801,Trường THPT - Khu vực 1,,KV1,
4249,38,Gia Lai,01,Thành phố Pleiku,802,Trường THPT - KV2NT,,KV2-NT,
4250,38,Gia Lai,01,Thành phố Pleiku,803,Trường THPT - KV2,,KV2,
4251,38,Gia Lai,01,Thành phố Pleiku,804,Trường THPT - Khu vực 3,,KV3,
4252,38,Gia Lai,02,Huyện Chư Păh,007,Trường THPT Mạc Đĩnh Chi (trước 04/6/2021),"21 Quang Trung, TTr. Phú Hòa, H. Chư Păh, Gia Lai",KV1,
4253,38,Gia Lai,02,Huyện Chư Păh,008,Trường THPT Ya Ly,"TTr. Ia Ly, H. Chư Păh, Gia Lai",KV1,
4254,38,Gia Lai,02,Huyện Chư Păh,043,Trường THCS và THPT Phạm Hồng Thái,"Xã Ia Khươl, H. Chư Păh, Gia Lai",KV1,
4255,38,Gia Lai,02,Huyện Chư Păh,047,TT GDTX Chư Păh (trước 04/6/2021),"TTr. Phú Hoà, H. Chư Păh, Gia Lai",KV1,
4256,38,Gia Lai,02,Huyện Chư Păh,080,TT GDNN-GDTX Chư Păh (trước 04/6/2021),"TTr. Phú Hoà, H. Chư Păh, Gia Lai",KV1,
4257,38,Gia Lai,02,Huyện Chư Păh,107,Trường THPT Mạc Đĩnh Chi (từ 04/6/2021),"21 Quang Trung, TTr. Phú Hòa, H. Chư Păh, Gia Lai",KV2-NT,
4258,38,Gia Lai,02,Huyện Chư Păh,180,TT GDNN-GDTX Chư Păh (từ 04/6/2021),"TTr. Phú Hoà, H. Chư Păh, Gia Lai",KV2-NT,
4259,38,Gia Lai,03,Huyện Mang Yang,009,Trường THPT Trần Hưng Đạo,"Đường Trần Phú, thị trấn Kon Dơng, H. Mang Yang, Gia Lai",KV1,
4260,38,Gia Lai,03,Huyện Mang Yang,041,Trường THCS&THPT Kpă Klơng,"Xã Kon Thụp, H. Mang Yang,Gia Lai",KV1,
4261,38,Gia Lai,03,Huyện Mang Yang,067,TT DN&GDTX Mang Yang,"TTr. Kon Dơng, H. Mang Yang, Gia Lai",KV1,
4262,38,Gia Lai,03,Huyện Mang Yang,092,TT GDNN-GDTX Mang Yang,"TTr. Kon Dơng, H. Mang Yang, Gia Lai",KV1,
4263,38,Gia Lai,04,Huyện Kbang,010,Trường THPT Lương Thế Vinh,"TTr. KBang, H. KBang , Gia Lai",KV1,
4264,38,Gia Lai,04,Huyện Kbang,040,Trường THPT Anh hùng Núp,"Xã Kông Lơng Khơng, KBang, Gia Lai",KV1,
4265,38,Gia Lai,04,Huyện Kbang,048,TT DN&GDTX KBang,"TTr. KBang, H. KBang , Gia Lai",KV1,
4266,38,Gia Lai,04,Huyện Kbang,079,TT GDNN-GDTX KBang,"TTr. KBang, H. KBang , Gia Lai",KV1,
4267,38,Gia Lai,04,Huyện Kbang,097,Trường THCS và THPT Kon Hà Nừng,"Xã Sơn Lang, huyện Kbang, tỉnh Gia Lai",KV1,
4268,38,Gia Lai,05,Thị xã An Khê,011,Trường THPT Quang Trung (trước 04/6/2021),"27 Chu Văn An, Ph. An Phú, thị xã An Khê, Gia Lai",KV1,
4269,38,Gia Lai,05,Thị xã An Khê,012,Trường THPT Nguyễn Khuyến (trước 04/6/2021),"194 Quang Trung, Ph. An Phú, thị xã An Khê, Gia Lai",KV1,
4270,38,Gia Lai,05,Thị xã An Khê,028,TT GDTX An Khê (trước 04/6/2021),"Ph. Tây Sơn, thị xã An Khê, Gia Lai",KV1,
4271,38,Gia Lai,05,Thị xã An Khê,031,Trường THPT Nguyễn Trãi (trước 04/6/2021),"Đường Lê Thị Hồng Gấm, Ph. An Bình, thị xã An Khê, Gia Lai",KV1,
4272,38,Gia Lai,05,Thị xã An Khê,058,Trường TC nghề An Khê (trước 04/6/2021),"Ph. An Phú, thị xã An Khê, Gia Lai.",KV1,
4273,38,Gia Lai,05,Thị xã An Khê,074,Trường THPT Dân Tộc Nội Trú Đông Gia Lai (trước 04/6/2021),"Ph. An Tân, TX An Khê, Gia Lai",KV1,DTNT
4274,38,Gia Lai,05,Thị xã An Khê,093,TT GDNN-GDTX An Khê (trước 04/6/2021),"39 Hoàng Hoa Thám, Ph. Tây Sơn, thị xã An Khê, Gia Lai",KV1,
4275,38,Gia Lai,05,Thị xã An Khê,109,Trường THPT Dân Tộc Nội Trú Đông Gia Lai (từ 04/6/2021),"Ph. An Tân, TX An Khê, Gia Lai",KV2,DTNT
4276,38,Gia Lai,05,Thị xã An Khê,111,Trường THPT Quang Trung (từ 04/6/2021),"27 Chu Văn An, Ph. An Phú, thị xã An Khê, Gia Lai",KV2,
4277,38,Gia Lai,05,Thị xã An Khê,112,Trường THPT Nguyễn Khuyến (từ 04/6/2021),"Đường Trần Quý Cáp, Ph. An Phước, thị xã An Khê, Gia Lai",KV2,
4278,38,Gia Lai,05,Thị xã An Khê,131,Trường THPT Nguyễn Trãi (từ 04/6/2021),"Đường Lê Thị Hồng Gấm, Ph. An Bình, thị xã An Khê, Gia Lai",KV2,
4279,38,Gia Lai,06,Huyện Kông Chro,013,Trường THPT Hà Huy Tập,"TTr. Kông Chro, H. Kông Chro, Gia Lai",KV1,
4280,38,Gia Lai,06,Huyện Kông Chro,049,TT GDTX Kông Chro,"TTr. Kông Chro, H. Kông Chro, Gia Lai",KV1,
4281,38,Gia Lai,06,Huyện Kông Chro,089,TT GDNN-GDTX Kông Chro,"TTr. Kông Chro, H. Kông Chro, Gia Lai",KV1,
4282,38,Gia Lai,07,Huyện Đức Cơ,014,Trường THPT Lê Hoàn (trước 04/6/2021),"TTr. Chư Ty, H. Đức Cơ, Gia Lai",KV1,
4283,38,Gia Lai,07,Huyện Đức Cơ,038,Trường THPT Nguyễn Trường Tộ,"Xã Ia Nan, H. Đức Cơ, Gia Lai",KV1,
4284,38,Gia Lai,07,Huyện Đức Cơ,050,TT GDTX Đức Cơ (trước 04/6/2021),"Số 04 Hai Bà Trưng, TTr. Chư Ty, H. Đức Cơ, Gia Lai",KV1,
4285,38,Gia Lai,07,Huyện Đức Cơ,063,Trường THPT Tôn Đức Thắng,"Xã Ia Din, H. Đức Cơ, Gia Lai",KV1,
4286,38,Gia Lai,07,Huyện Đức Cơ,078,TT GDNN-GDTX Đức Cơ (trước 04/6/2021),"Số 04 Hai Bà Trưng, TTr. Chư Ty, H. Đức Cơ, Gia Lai",KV1,
4287,38,Gia Lai,07,Huyện Đức Cơ,114,Trường THPT Lê Hoàn (từ 04/6/2021),"TTr. Chư Ty, H. Đức Cơ, Gia Lai",KV2-NT,
4288,38,Gia Lai,07,Huyện Đức Cơ,178,TT GDNN-GDTX Đức Cơ (từ 04/6/2021),"Số 04 Hai Bà Trưng, TTr. Chư Ty, H. Đức Cơ, Gia Lai",KV2-NT,
4289,38,Gia Lai,08,Huyện Chư Prông,015,Trường THPT Lê Quý Đôn (trước 04/6/2021),"TTr. Chư Prông, H. Chư Prông , Gia Lai",KV1,
4290,38,Gia Lai,08,Huyện Chư Prông,030,Trường THPT Trần Phú,"Xã Thăng Hưng, H. Chư Prông, Gia Lai.",KV1,
4291,38,Gia Lai,08,Huyện Chư Prông,051,TT DN&GDTX Chư Prông (trước 04/6/2021),"TTr. Chư Prông, H. Chư Prông, Gia Lai",KV1,
4292,38,Gia Lai,08,Huyện Chư Prông,065,Trường THPT Pleime,"Xã Ia Ga, H. Chư Prông, Gia Lai",KV1,
4293,38,Gia Lai,08,Huyện Chư Prông,084,TT GDNN-GDTX Chư Prông (trước 04/6/2021),"TTr. Chư Prông, H. Chư Prông, Gia Lai",KV1,
4294,38,Gia Lai,08,Huyện Chư Prông,115,Trường THPT Lê Quý Đôn (từ 04/6/2021),"TTr. Chư Prông, H. Chư Prông , Gia Lai",KV2-NT,
4295,38,Gia Lai,08,Huyện Chư Prông,184,TT GDNN-GDTX Chư Prông (từ 04/6/2021),"TTr. Chư Prông, H. Chư Prông, Gia Lai",KV2-NT,
4296,38,Gia Lai,09,Huyện Chư Sê,016,Trường THPT Nguyễn Bỉnh Khiêm (trước 04/6/2021),"Tổ 6, TTr. Chư Sê, H. Chư Sê, Gia Lai",KV1,
4297,38,Gia Lai,09,Huyện Chư Sê,024,TT GDTX Chư Sê,"Xã Ia Pal, H. Chư Sê, Gia Lai",KV1,
4298,38,Gia Lai,09,Huyện Chư Sê,039,Trường THPT Trường Chinh (trước 04/6/2021),"Thôn Thanh Bình, TTr. Chư Sê, Gia Lai",KV1,
4299,38,Gia Lai,09,Huyện Chư Sê,044,"Trường THCS, THPT Nguyễn Văn Cừ","Xã Bờ Ngoong, H. Chư Sê, Gia Lai",KV1,
4300,38,Gia Lai,09,Huyện Chư Sê,077,Trường THPT Trần Cao Vân,"Xã Ia Hlốp, H. Chư Sê, Gia Lai",KV1,
4301,38,Gia Lai,09,Huyện Chư Sê,085,TT GDNN-GDTX Chư Sê,"Xã Ia Pal, H. Chư Sê, Gia Lai",KV1,
4302,38,Gia Lai,09,Huyện Chư Sê,116,Trường THPT Nguyễn Bỉnh Khiêm (từ 04/6/2021),"Đường Hai Bà Trưng, tổ dân phố 5,Tr. Chư Sê, H. Chư Sê, Gia Lai",KV2-NT,
4303,38,Gia Lai,09,Huyện Chư Sê,139,Trường THPT Trường Chinh (từ 04/6/2021),"Thôn Thanh Bình, TTr. Chư Sê, Gia Lai",KV2-NT,
4304,38,Gia Lai,10,Thị xã Ayun Pa,017,Trường THPT Lê Thánh Tông (trước 04/6/2021),"70 Nguyễn Huệ, thị xã Ayun Pa, Gia Lai",KV1,
4305,38,Gia Lai,10,Thị xã Ayun Pa,027,TT GDTX Ayun Pa,"71Nguyễn Huệ, Ph. Đoàn Kết, thị xã Ayun Pa, Gia Lai",KV1,
4306,38,Gia Lai,10,Thị xã Ayun Pa,037,Trường THPT Lý Thường Kiệt (trước 04/6/2021),"48 Nguyễn Viết Xuân, phường Hòa Bình, thị xã Ayun Pa, Gia Lai",KV1,
4307,38,Gia Lai,10,Thị xã Ayun Pa,059,Trường TC nghề Ayun Pa,"Ph. Đoàn kết, thị xã Ayun Pa, Gia Lai.",KV1,
4308,38,Gia Lai,10,Thị xã Ayun Pa,081,TT GDNN-GDTX Ayun Pa,"71B Nguyễn Huệ, Ph. Đoàn Kết, thị xã Ayun Pa, Gia Lai",KV1,
4309,38,Gia Lai,10,Thị xã Ayun Pa,117,Trường THPT Lê Thánh Tông (từ 04/6/2021),"70 Nguyễn Huệ, thị xã Ayun Pa, Gia Lai",KV2,
4310,38,Gia Lai,10,Thị xã Ayun Pa,137,Trường THPT Lý Thường Kiệt (từ 04/6/2021),"48 Nguyễn Viết Xuân, phường Hòa Bình, thị xã Ayun Pa, Gia Lai",KV2,
4311,38,Gia Lai,11,Huyện Krông Pa,019,Trường THPT Chu Văn An,"TTr. Phú Túc, H. Krông Pa, Gia Lai",KV1,
4312,38,Gia Lai,11,Huyện Krông Pa,029,Trường THPT Nguyễn Du,"Xã Ia Sươm, H. Krông Pa, Gia Lai",KV1,
4313,38,Gia Lai,11,Huyện Krông Pa,046,Trường THPT Đinh Tiên Hoàng,"Xã Ia Dreh, H. Krông Pa, Gia Lai",KV1,
4314,38,Gia Lai,11,Huyện Krông Pa,052,TT GDTX Krông Pa,"TTr. Phú Túc, H. Krông Pa, Gia Lai",KV1,
4315,38,Gia Lai,11,Huyện Krông Pa,088,TT GDNN-GDTX Krông Pa,"TTr. Phú Túc, H. Krông Pa, Gia Lai",KV1,
4316,38,Gia Lai,12,Huyện Ia Grai,020,Trường THPT Huỳnh Thúc Kháng,"TTr. Ia Kha, H. Ia Grai, Gia Lai",KV1,
4317,38,Gia Lai,12,Huyện Ia Grai,021,Trường THPT Phạm Văn Đồng,"Xã Ia Sao, H. Ia Grai, Gia Lai",KV1,
4318,38,Gia Lai,12,Huyện Ia Grai,068,TT DN&GDTX Ia Grai,"01 Hùng Vương, TTr. Ia Kha, H. Ia Grai, Gia Lai",KV1,
4319,38,Gia Lai,12,Huyện Ia Grai,075,Trường THPT A Sanh,"Xã Ia Krăi, H. Ia Grai, Gia Lai",KV1,
4320,38,Gia Lai,12,Huyện Ia Grai,091,TT GDNN-GDTX Ia Grai,"01 Hùng Vương, TTr. Ia Kha, H. Ia Grai, Gia Lai",KV1,
4321,38,Gia Lai,13,Huyện Đak Đoa,022,Trường THPT Nguyễn Huệ,"154 Nguyễn Huệ, TTr. Đak Đoa, H. Đak Đoa, Gia Lai",KV1,
4322,38,Gia Lai,13,Huyện Đak Đoa,035,Trường THPT Lê Hồng Phong,"Xã Hà Bầu, H. Đak Đoa, Gia Lai",KV1,
4323,38,Gia Lai,13,Huyện Đak Đoa,053,TT GDTX Đak Đoa,"TTr. Đak Đoa, H. Đak Đoa, Gia Lai",KV1,
4324,38,Gia Lai,13,Huyện Đak Đoa,064,Trường THPT Nguyễn Thị Minh Khai,"Xã A Dơk, H. Đak Đoa, Gia Lai",KV1,
4325,38,Gia Lai,13,Huyện Đak Đoa,082,TT GDNN-GDTX Đak Đoa,"TTr. Đak Đoa, H. Đak Đoa, Gia Lai",KV1,
4326,38,Gia Lai,14,Huyện Ia Pa,033,Trường THPT Nguyễn Tất Thành,"Xã Ia Mrơn, H. Ia Pa, Gia Lai.",KV1,
4327,38,Gia Lai,14,Huyện Ia Pa,036,Trường THPT Phan Chu Trinh,"Xã Ia Tul, H. Ia Pa, Gia Lai",KV1,
4328,38,Gia Lai,14,Huyện Ia Pa,056,TT GDTX-HN Ia Pa,"TTr. Ia Pa, H. Ia Pa, Gia Lai",KV1,
4329,38,Gia Lai,14,Huyện Ia Pa,083,TT GDNN-GDTX Ia Pa,"TTr. Ia Pa, H. Ia Pa, Gia Lai",KV1,
4330,38,Gia Lai,15,Huyện Đak Pơ,045,Trường THPT Y Đôn,"TTr. Đak Pơ, H. Đak Pơ, Gia Lai",KV1,
4331,38,Gia Lai,15,Huyện Đak Pơ,054,TT GDTX Đak Pơ,"TTr. Đak Pơ, H. Đak Pơ, Gia Lai",KV1,
4332,38,Gia Lai,15,Huyện Đak Pơ,090,TT GDNN-GDTX Đak Pơ,"TTr. Đak Pơ, H. Đak Pơ, Gia Lai",KV1,
4333,38,Gia Lai,15,Huyện Đak Pơ,096,Trường THCS và THPT Y Đôn,"Số 94 đường Nguyễn Tất Thành, thị trấn Đak Pơ, huyện Đak Pơ",KV1,
4334,38,Gia Lai,16,Huyện Phú Thiện,018,Trường THPT Trần Quốc Tuấn,"TTr. Phú Thiện, H. Phú Thiện, Gia Lai",KV1,
4335,38,Gia Lai,16,Huyện Phú Thiện,055,TT GDTX Phú Thiện,"TTr. Phú Thiện, H. Phú Thiện, Gia Lai",KV1,
4336,38,Gia Lai,16,Huyện Phú Thiện,057,Trường THPT Võ Văn Kiệt,"Xã Ia Piar, H. Phú Thiện, Gia Lai.",KV1,
4337,38,Gia Lai,16,Huyện Phú Thiện,087,TT GDNN-GDTX Phú Thiện,"TTr. Phú Thiện, H. Phú Thiện, Gia Lai",KV1,
4338,38,Gia Lai,17,Huyện Chư Pưh,032,Trường THPT Nguyễn Thái Học,"TTr. Nhơn Hòa, H. Chư Pưh, Gia Lai.",KV1,
4339,38,Gia Lai,17,Huyện Chư Pưh,066,TT GDTX-HN Chư Pưh,"TTr. Nhơn Hòa, H. Chư Pưh, Gia Lai",KV1,
4340,38,Gia Lai,17,Huyện Chư Pưh,086,TT GDNN-GDTX Chư Pưh,"TTr. Nhơn Hòa, H. Chư Pưh, Gia Lai",KV1,
4341,39,Phú Yên,00,Sở Giáo dục và Đào tạo,800,Học ở nước ngoài_39,56 Lê Duẩn-Tuy Hòa-Phú Yên,KV3,
4342,39,Phú Yên,00,Sở Giáo dục và Đào tạo,801,Trường THPT - Khu vực 1,56 Lê Duẩn-Tuy Hòa-Phú Yên,KV1,
4343,39,Phú Yên,00,Sở Giáo dục và Đào tạo,802,Trường THPT - KV2NT,56 Lê Duẩn-Tuy Hòa-Phú Yên,KV2-NT,
4344,39,Phú Yên,00,Sở Giáo dục và Đào tạo,803,Trường THPT - KV2,56 Lê Duẩn-Tuy Hòa-Phú Yên,KV2,
4345,39,Phú Yên,00,Sở Giáo dục và Đào tạo,804,Trường THPT - Khu vực 3,56 Lê Duẩn-Tuy Hòa-Phú Yên,KV3,
4346,39,Phú Yên,00,Sở Giáo dục và Đào tạo,900,"Quân nhân, Công an tại ngũ_39",56 Lê Duẩn-Tuy Hòa-Phú Yên,KV3,
4347,39,Phú Yên,01,Thành phố Tuy Hòa (Trước 25/1/2017),001,THPT Nguyễn Huệ (Trước 25/1/2017),Thành phố Tuy Hòa,KV2,
4348,39,Phú Yên,01,Thành phố Tuy Hòa (Trước 25/1/2017),003,Phổ thông Dân tộc nội trú tỉnh(Trước 25/1/2017),Thành phố Tuy Hòa,KV1,DTNT
4349,39,Phú Yên,01,Thành phố Tuy Hòa (Trước 25/1/2017),004,Phổ thông Duy Tân (Trước 25/1/2017),Thành phố Tuy Hòa,KV2,
4350,39,Phú Yên,01,Thành phố Tuy Hòa (Trước 25/1/2017),005,THPT Chuyên Lương Văn Chánh (Trước 25/1/2017),Thành phố Tuy Hòa,KV2,
4351,39,Phú Yên,01,Thành phố Tuy Hòa (Trước 25/1/2017),007,THPT Ngô Gia Tự (Trước 25/1/2017),Thành phố Tuy Hòa,KV2,
4352,39,Phú Yên,01,Thành phố Tuy Hòa (Trước 25/1/2017),017,THPT Nguyễn Trãi (Trước 25/1/2017),Thành phố Tuy Hòa,KV2,
4353,39,Phú Yên,01,Thành phố Tuy Hòa (Trước 25/1/2017),018,THPT Nguyễn Trường Tộ (Trước 25/1/2017),Thành phố Tuy Hòa,KV2,
4354,39,Phú Yên,01,Thành phố Tuy Hòa (Trước 25/1/2017),019,THPT tư thục Nguyễn Bỉnh Khiêm (Trước 25/1/2017),Thành phố Tuy Hòa,KV2,
4355,39,Phú Yên,01,Thành phố Tuy Hòa (Trước 25/1/2017),022,Trung tâm GDTX tỉnh (Trước 25/1/2017),Thành phố Tuy Hòa,KV2,
4356,39,Phú Yên,01,Thành phố Tuy Hòa (Trước 25/1/2017),032,Cao đẳng nghề Phú Yên (Trước 25/1/2017),Thành phố Tuy Hòa,KV2,
4357,39,Phú Yên,02,Huyện Đồng Xuân,014,THPT Lê Lợi,"Thị trấn La Hai, Đồng Xuân",KV2-NT,
4358,39,Phú Yên,02,Huyện Đồng Xuân,027,THPT Nguyễn Thái Bình,"Xã Xuân Phước, H. Đồng Xuân",KV2-NT,
4359,39,Phú Yên,02,Huyện Đồng Xuân,028,Trung tâm GDNN-GDTX Huyện Đồng Xuân,"Thị trấn La Hai, H. Đồng Xuân",KV2-NT,
4360,39,Phú Yên,02,Huyện Đồng Xuân,042,THCS và THPT Chu Văn An,"Xã Xuân Lãnh, H. Đồng Xuân",KV1,
4361,39,Phú Yên,02,Huyện Đồng Xuân,048,THPT Lê Lợi (Trước 04/6/2021),"Thị trấn La Hai, H. Đồng Xuân",KV1,
4362,39,Phú Yên,02,Huyện Đồng Xuân,060,Trung tâm GDNN-GDTX Huyện Đồng Xuân (Trước 04/6/2021),"Thị trấn La Hai, Huyện Đồng Xuân",KV1,
4363,39,Phú Yên,02,Huyện Đồng Xuân,064,THPT Nguyễn Thái Bình (Trước 04/6/2021),"Xã Xuân Phước, Huyện Đồng Xuân",KV1,
4364,39,Phú Yên,03,Thị xã Sông Cầu (Trước 15/3/2022),012,THPT Phan Đình Phùng(Trước 15/3/2022),"Phường Xuân Phú , thị xã Sông Cầu",KV2,
4365,39,Phú Yên,03,Thị xã Sông Cầu (Trước 15/3/2022),013,THPT Phan Chu Trinh(Trước 25/01/2017),"Xã Xuân Bình, thị xã Sông Cầu",KV2,
4366,39,Phú Yên,03,Thị xã Sông Cầu (Trước 15/3/2022),035,THCS và THPT Nguyễn Khuyến(Trước 15/3/2022),"Phường Xuân Đài, thị xã Sông Cầu",KV2,
4367,39,Phú Yên,03,Thị xã Sông Cầu (Trước 15/3/2022),039,Trung tâm GDNN-GDTX Thị xã Sông Cầu(Trước 25/01/2017),"Xã Xuân Phương , thị xã Sông Cầu",KV2,
4368,39,Phú Yên,03,Thị xã Sông Cầu (Trước 15/3/2022),046,THCS và THPT Võ Nguyên Giáp(Từ 01/1/2022 đến 14/3/2022),"Xuân Cảnh, Tx Sông Cầu",KV2,
4369,39,Phú Yên,03,Thị xã Sông Cầu (Trước 15/3/2022),050,THCS và THPT Võ Nguyên Giáp (Trước tháng 01/2017),"Xã Xuân Cảnh, Thị xã Sông Cầu",KV1,
4370,39,Phú Yên,03,Thị xã Sông Cầu (Trước 15/3/2022),054,THPT Phan Chu Trinh (Từ 25/01/2017 đến trước 15/3/2022),"Xã Xuân Bình, thị xã Sông Cầu",KV1,
4371,39,Phú Yên,03,Thị xã Sông Cầu (Trước 15/3/2022),055,THCS và THPT Võ Nguyên Giáp (Từ tháng 01/2017 đến tháng 12/2019),"Xã Xuân Cảnh, Thị xã Sông Cầu",KV2,
4372,39,Phú Yên,03,Thị xã Sông Cầu (Trước 15/3/2022),061,Trung tâm GDNN-GDTX Thị xã Sông Cầu (Trước 15/3/2022),"Xã Xuân Phương, Thị xã Sông Cầu",KV1,
4373,39,Phú Yên,03,Thị xã Sông Cầu (Trước 15/3/2022),063,THCS và THPT Võ Nguyên Giáp (Từ 01/1/2020 đến trước 31/12/2021),"Xuân Cảnh, Thị xã Sông Cầu",KV1,
4374,39,Phú Yên,04,Huyện Tuy An (Trước 15/3/2022),010,THPT Lê Thành Phương(Từ 25/01/2017 đến 14/3/2022),"An Mỹ, Tuy An",KV2-NT,
4375,39,Phú Yên,04,Huyện Tuy An (Trước 15/3/2022),011,THPT Trần Phú(Trước 15/3/2022),"Thị Trấn Chí Thạnh, H. Tuy An",KV2-NT,
4376,39,Phú Yên,04,Huyện Tuy An (Trước 15/3/2022),025,THCS và THPT Võ Thị Sáu(Từ 01/01/2021 đến 14/3/2022),"Xã An Ninh Tây, H. Tuy An",KV2-NT,
4377,39,Phú Yên,04,Huyện Tuy An (Trước 15/3/2022),034,Trung tâm GDNN-GDTX Huyện Tuy An(Trước 15/3/2022),"Thị trấn Chí Thạnh, Huyện Tuy An",KV2-NT,
4378,39,Phú Yên,04,Huyện Tuy An (Trước 15/3/2022),041,THCS và THPT Nguyễn Viết Xuân(Trước 15/3/2022),"Xã An Định, H. Tuy An",KV2-NT,
4379,39,Phú Yên,04,Huyện Tuy An (Trước 15/3/2022),051,THPT Lê Thành Phương (THPT Lê Thành Phương (Trước 25/01/2017)),"Xã An Mỹ, H. Tuy An",KV1,
4380,39,Phú Yên,04,Huyện Tuy An (Trước 15/3/2022),065,THCS và THPT Võ Thị Sáu (THCS và THPT Võ Thị Sáu (Trước 01/01/2021)),"Xã An Ninh Tây, Huyện Tuy An",KV1,
4381,39,Phú Yên,05,Huyện Sơn Hòa,015,THPT Phan Bội Châu,"Thị trấn Củng Sơn, H. Sơn Hòa",KV2-NT,
4382,39,Phú Yên,05,Huyện Sơn Hòa,026,Trường Trung cấp nghề thanh niên dân tộc Phú Yên,"Xã Suối Bạc, H. Sơn Hòa",KV1,
4383,39,Phú Yên,05,Huyện Sơn Hòa,040,THCS và THPT Nguyễn Bá Ngọc,"Xã Sơn Long, H. Sơn Hòa",KV2-NT,
4384,39,Phú Yên,05,Huyện Sơn Hòa,049,Trung tâm GDTX-HN Huyện Sơn Hòa,"Thị trấn Củng Sơn, Huyện Sơn Hòa",KV1,
4385,39,Phú Yên,05,Huyện Sơn Hòa,062,THCS và THPT Nguyễn Bá Ngọc (Trước 04/6/2021),"Xã Sơn Long, Huyện Sơn Hòa",KV1,
4386,39,Phú Yên,05,Huyện Sơn Hòa,066,THPT Phan Bội Châu (Trước 04/6/2021),"Thị trấn Củng Sơn, Huyện Sơn Hòa",KV1,
4387,39,Phú Yên,06,Huyện Sông Hinh,016,THPT Nguyễn Du,"Thị trấn Hai Riêng, H. Sông Hinh",KV1,
4388,39,Phú Yên,06,Huyện Sông Hinh,033,Trung tâm GDNN-GDTX Huyện Sông Hinh,"Thị trấn Hai Riêng, Huyện Sông Hinh",KV1,
4389,39,Phú Yên,06,Huyện Sông Hinh,038,THPT Tôn Đức Thắng,"Xã Eabar, H. Sông Hinh",KV1,
4390,39,Phú Yên,06,Huyện Sông Hinh,045,THCS và THPT Võ Văn Kiệt,"Xã Sơn Giang, H. Sông Hinh",KV1,
4391,39,Phú Yên,07,Huyện Đông Hòa (Trước 06/2020),030,THPT DL Lê Thánh Tôn,"Xã Hòa Xuân Đông, H. Đông Hòa",KV2-NT,
4392,39,Phú Yên,07,Huyện Đông Hòa (Trước 06/2020),052,THPT Nguyễn Văn Linh (Trước 01/2017),"Xã Hòa Hiệp Nam, H.. Đông Hoà",KV1,
4393,39,Phú Yên,07,Huyện Đông Hòa (Trước 06/2020),056,THPT Lê Trung Kiên (Trước 06/2020),"Thị trấn Hòa Vinh, H. Đông Hòa",KV2-NT,
4394,39,Phú Yên,07,Huyện Đông Hòa (Trước 06/2020),057,THPT Nguyễn Công Trứ (Trước 06/2020),"Thị trấn Hòa Vinh, H. Đông Hòa",KV2-NT,
4395,39,Phú Yên,07,Huyện Đông Hòa (Trước 06/2020),058,THPT Nguyễn Văn Linh (Từ 01/2017 đến 06/2020),"Xã Hòa Hiệp Trung, H. Đông Hoà",KV2-NT,
4396,39,Phú Yên,07,Huyện Đông Hòa (Trước 06/2020),059,Trung tâm GDNN-GDTX Huyện Đông Hòa (Trước 06/2020),"Thị trấn Hòa Vinh, Huyện Đông Hòa",KV2-NT,
4397,39,Phú Yên,08,Huyện Phú Hòa (Trước 04/6/2021),002,THPT Trần Quốc Tuấn(Trước 04/6/2021),"Xã Hòa Định Đông, H. Phú Hòa",KV2-NT,
4398,39,Phú Yên,08,Huyện Phú Hòa (Trước 04/6/2021),024,THPT Trần Bình Trọng(Trước 04/6/2021),"Xã Hòa Thắng , H. Phú Hòa",KV2-NT,
4399,39,Phú Yên,08,Huyện Phú Hòa (Trước 04/6/2021),029,THPT Trần Suyền(Trước 04/6/2021),"Xã Hòa Trị , H. Phú Hòa",KV2-NT,
4400,39,Phú Yên,08,Huyện Phú Hòa (Trước 04/6/2021),044,Trung tâm GDNN-GDTX Huyện Phú Hòa(Trước 04/6/2021),"Xã Hòa Thắng, Huyện Phú Hòa",KV2-NT,
4401,39,Phú Yên,09,Huyện Tây Hòa,008,THPT Lê Hồng Phong,"Thị trấn Phú Thứ, H. Tây Hòa",KV2-NT,
4402,39,Phú Yên,09,Huyện Tây Hòa,009,THPT Phạm Văn Đồng,"Xã Hòa Phú, H. Tây Hòa",KV2-NT,
4403,39,Phú Yên,09,Huyện Tây Hòa,021,THPT Nguyễn Thị Minh Khai,"xã Hòa Mỹ Đông, H. Tây Hòa",KV2-NT,
4404,39,Phú Yên,09,Huyện Tây Hòa,047,Trung tâm GDNN-GDTX Huyện Tây Hòa,"Thị trấn Phú Thứ, Huyện Tây Hòa",KV2-NT,
4405,39,Phú Yên,09,Huyện Tây Hòa,053,Cấp 2-3 Sơn Thành,"Sơn Thành Tây, H. Tây Hòa",KV1,
4406,39,Phú Yên,10,Thị xã Đông Hòa (Trước 15/3/2021),006,THPT Lê Trung Kiên(Từ 01/06/2020 đến 14/3/2022),"Phường Hòa Vinh, TX. Đông Hòa",KV2,
4407,39,Phú Yên,10,Thị xã Đông Hòa (Trước 15/3/2021),020,THPT Nguyễn Công Trứ(Từ 01/06/2020 đến 14/3/2022),"Phường Hòa Vinh, TX. Đông Hòa",KV2,
4408,39,Phú Yên,10,Thị xã Đông Hòa (Trước 15/3/2021),023,Trung tâm GDNN-GDTX Thị xã Đông Hòa,"Phường Hòa Vinh, Thị xã. Đông Hòa",KV2,
4409,39,Phú Yên,10,Thị xã Đông Hòa (Trước 15/3/2021),037,THPT Nguyễn Văn Linh(Từ 01/06/2020 đến 14/3/2022),"P. Hòa Hiệp Trung, TX. Đông Hòa",KV2,
4410,39,Phú Yên,11,Thành phố Tuy Hòa (Từ 25/1/2017 không còn xã ĐBKK),067,THPT Nguyễn Huệ,Thành phố Tuy Hòa,KV2,
4411,39,Phú Yên,11,Thành phố Tuy Hòa (Từ 25/1/2017 không còn xã ĐBKK),068,Phổ thông Dân tộc nội trú trung học phổ thông tỉnh Phú Yên,Thành phố Tuy Hòa,KV1,DTNT
4412,39,Phú Yên,11,Thành phố Tuy Hòa (Từ 25/1/2017 không còn xã ĐBKK),069,Phổ thông Duy Tân,Thành phố Tuy Hòa,KV2,
4413,39,Phú Yên,11,Thành phố Tuy Hòa (Từ 25/1/2017 không còn xã ĐBKK),070,THPT Chuyên Lương Văn Chánh,Thành phố Tuy Hòa,KV2,
4414,39,Phú Yên,11,Thành phố Tuy Hòa (Từ 25/1/2017 không còn xã ĐBKK),071,THPT Ngô Gia Tự,Thành phố Tuy Hòa,KV2,
4415,39,Phú Yên,11,Thành phố Tuy Hòa (Từ 25/1/2017 không còn xã ĐBKK),072,THPT Nguyễn Trãi,Thành phố Tuy Hòa,KV2,
4416,39,Phú Yên,11,Thành phố Tuy Hòa (Từ 25/1/2017 không còn xã ĐBKK),073,THPT Nguyễn Trường Tộ,Thành phố Tuy Hòa,KV2,
4417,39,Phú Yên,11,Thành phố Tuy Hòa (Từ 25/1/2017 không còn xã ĐBKK),074,THPT Nguyễn Bỉnh Khiêm,Thành phố Tuy Hòa,KV2,
4418,39,Phú Yên,11,Thành phố Tuy Hòa (Từ 25/1/2017 không còn xã ĐBKK),075,Trung tâm GDNN-GDTX Phú Yên,Thành phố Tuy Hòa,KV2,
4419,39,Phú Yên,11,Thành phố Tuy Hòa (Từ 25/1/2017 không còn xã ĐBKK),076,Cao đẳng nghề Phú Yên,Thành phố Tuy Hòa,KV2,
4420,39,Phú Yên,12,Thị xã Sông Cầu (Từ 15/3/2022 không còn xã ĐBKK),077,THPT Phan Đình Phùng,"Phường Xuân Phú , thị xã Sông Cầu",KV2,
4421,39,Phú Yên,12,Thị xã Sông Cầu (Từ 15/3/2022 không còn xã ĐBKK),078,THPT Phan Chu Trinh,"Xã Xuân Bình, thị xã Sông Cầu",KV2,
4422,39,Phú Yên,12,Thị xã Sông Cầu (Từ 15/3/2022 không còn xã ĐBKK),079,THCS và THPT Nguyễn Khuyến,"Phường Xuân Đài, thị xã Sông Cầu",KV2,
4423,39,Phú Yên,12,Thị xã Sông Cầu (Từ 15/3/2022 không còn xã ĐBKK),080,THCS và THPT Võ Nguyên Giáp,"Xuân Cảnh, Tx Sông Cầu",KV2,
4424,39,Phú Yên,12,Thị xã Sông Cầu (Từ 15/3/2022 không còn xã ĐBKK),091,Trung tâm GDNN-GDTX Thị xã Sông Cầu,"Xã Xuân Phương , thị xã Sông Cầu",KV2,
4425,39,Phú Yên,13,Thị xã Đông Hòa (Từ 15/3/2022 không còn xã ĐBKK),081,THPT Lê Trung Kiên,"Phường Hòa Vinh, TX. Đông Hòa",KV2,
4426,39,Phú Yên,13,Thị xã Đông Hòa (Từ 15/3/2022 không còn xã ĐBKK),082,THPT Nguyễn Công Trứ,"Phường Hòa Vinh, TX. Đông Hòa",KV2,
4427,39,Phú Yên,13,Thị xã Đông Hòa (Từ 15/3/2022 không còn xã ĐBKK),083,THPT Nguyễn Văn Linh,"P. Hòa Hiệp Trung, TX. Đông Hòa",KV2,
4428,39,Phú Yên,13,Thị xã Đông Hòa (Từ 15/3/2022 không còn xã ĐBKK),092,Trung tâm GDNN-GDTX Thị xã Đông Hòa,"Phường Hòa Vinh, Thị xã. Đông Hòa",KV2,
4429,39,Phú Yên,14,Huyện Tuy An (Từ 15/3/2022 không còn xã ĐBKK),084,THPT Lê Thành Phương,"An Mỹ, Tuy An",KV2-NT,
4430,39,Phú Yên,14,Huyện Tuy An (Từ 15/3/2022 không còn xã ĐBKK),085,THPT Trần Phú,"Thị Trấn Chí Thạnh, H. Tuy An",KV2-NT,
4431,39,Phú Yên,14,Huyện Tuy An (Từ 15/3/2022 không còn xã ĐBKK),086,THPT Võ Thị Sáu,"Xã An Ninh Tây, H. Tuy An",KV2-NT,
4432,39,Phú Yên,14,Huyện Tuy An (Từ 15/3/2022 không còn xã ĐBKK),087,THCS và THPT Nguyễn Viết Xuân,"Xã An Định, H. Tuy An",KV2-NT,
4433,39,Phú Yên,14,Huyện Tuy An (Từ 15/3/2022 không còn xã ĐBKK),093,Trung tâm GDNN-GDTX Huyện Tuy An,"Thị trấn Chí Thạnh, Huyện Tuy An",KV2-NT,
4434,39,Phú Yên,15,Huyện Phú Hòa (Từ 04/6/2021 không còn xã ĐBKK),088,THPT Trần Quốc Tuấn,"Xã Hòa Định Đông, H. Phú Hòa",KV2-NT,
4435,39,Phú Yên,15,Huyện Phú Hòa (Từ 04/6/2021 không còn xã ĐBKK),089,THPT Trần Bình Trọng,"Xã Hòa Thắng , H. Phú Hòa",KV2-NT,
4436,39,Phú Yên,15,Huyện Phú Hòa (Từ 04/6/2021 không còn xã ĐBKK),090,THPT Trần Suyền,"Xã Hòa Trị , H. Phú Hòa",KV2-NT,
4437,39,Phú Yên,15,Huyện Phú Hòa (Từ 04/6/2021 không còn xã ĐBKK),094,Trung tâm GDNN-GDTX Huyện Phú Hòa,"Xã Hòa Thắng, Huyện Phú Hòa",KV2-NT,
4438,40,Đắk Lắk,00,Sở Giáo dục và Đào tạo,800,Học ở nước ngoài_40,,KV3,
4439,40,Đắk Lắk,00,Sở Giáo dục và Đào tạo,900,"Quân nhân, Công an tại ngũ_40",,KV3,
4440,40,Đắk Lắk,01,Thành phố Buôn Ma Thuột,000,Sở GDĐT Đắk Lắk,"Số 8, Nguyễn Tất Thành, Tp. Buôn Ma Thuột",KV1,
4441,40,Đắk Lắk,01,Thành phố Buôn Ma Thuột,002,THPT Buôn Ma Thuột,"Số 57, Bà Triệu, Tp. Buôn Ma Thuột",KV1,
4442,40,Đắk Lắk,01,Thành phố Buôn Ma Thuột,003,THPT Chu Văn An,"Số 249, Phan Bội Châu, Tp. Buôn Ma Thuột",KV1,
4443,40,Đắk Lắk,01,Thành phố Buôn Ma Thuột,005,THPT Trần Phú,"Km12, QL14, xã Hòa Phú, Tp Buôn Ma Thuột",KV1,
4444,40,Đắk Lắk,01,Thành phố Buôn Ma Thuột,006,THPT DTNT Nơ Trang Lơng,"Số 694/26 Võ Văn Kiệt, phường Khánh Xuân, Tp. Buôn Ma Thuột",KV1,DTNT
4445,40,Đắk Lắk,01,Thành phố Buôn Ma Thuột,007,TT GDTX tỉnh Đắk Lắk,"Số 1A, Lê Hồng Phong, Tp. Buôn Ma Thuột",KV1,
4446,40,Đắk Lắk,01,Thành phố Buôn Ma Thuột,022,THPT Hồng Đức,"Số 3, Lê Hồng Phong, Tp. Buôn Ma Thuột",KV1,
4447,40,Đắk Lắk,01,Thành phố Buôn Ma Thuột,024,THPT Chuyên Nguyễn Du,"Đường Trương Quang Giao, phường Tân An, tp Buôn Ma Thuột",KV1,
4448,40,Đắk Lắk,01,Thành phố Buôn Ma Thuột,025,THPT Cao Bá Quát,"Km 9, Quốc lộ 14, Ea Tu, Tp Buôn Ma Thuột",KV1,
4449,40,Đắk Lắk,01,Thành phố Buôn Ma Thuột,040,THPT Lê Quý Đôn,"Số 27, Trần Nhật Duật, Tp. Buôn Ma Thuột",KV1,
4450,40,Đắk Lắk,01,Thành phố Buôn Ma Thuột,045,TT GDNN - GDTX Buôn Ma Thuột,"Số 1, Tôn Đức Thắng, Tp. Buôn Ma Thuột",KV1,
4451,40,Đắk Lắk,01,Thành phố Buôn Ma Thuột,047,CĐ Kỹ thuật Đắk Lắk,TP Buôn Ma Thuột,KV1,
4452,40,Đắk Lắk,01,Thành phố Buôn Ma Thuột,048,CĐ Công nghệ Tây Nguyên,TP Buôn Ma Thuột,KV1,
4453,40,Đắk Lắk,01,Thành phố Buôn Ma Thuột,049,THPT Phú Xuân,"Số 8, Nguyễn Hữu Thọ, Tp. Buôn Ma Thuột",KV1,
4454,40,Đắk Lắk,01,Thành phố Buôn Ma Thuột,055,TC Kinh tế Kỹ thuật Đắk lắk,TP Buôn Ma Thuột,KV1,
4455,40,Đắk Lắk,01,Thành phố Buôn Ma Thuột,056,Trường VHNT Đắk Lắk,TP Buôn Ma Thuột,KV1,
4456,40,Đắk Lắk,01,Thành phố Buôn Ma Thuột,057,Trường Văn Hóa III,"Km 6, Quốc lộ 26, Tp Buôn Ma Thuột",KV1,
4457,40,Đắk Lắk,01,Thành phố Buôn Ma Thuột,058,Phổ thông Dân tộc nội trú Tây Nguyên,"Đường Thủ Khoa Huân, Tổ 38, Khối 4, phường Thành Nhất, tp Buôn Ma Thuột",KV1,DTNT
4458,40,Đắk Lắk,01,Thành phố Buôn Ma Thuột,059,THPT Thực hành Cao Nguyên,"Số 567 Lê Duẩn, thành phố Buôn Ma Thuột",KV1,
4459,40,Đắk Lắk,01,Thành phố Buôn Ma Thuột,062,THPT Lê Duẩn,"Số 129, Phan Huy Chú, Tp. Buôn Ma Thuột",KV1,
4460,40,Đắk Lắk,01,Thành phố Buôn Ma Thuột,064,"Trung tâm Đào tạo, Huấn luyện và thi đấu Thể dục thể thao",Thành phố Buôn Ma Thuột,KV1,
4461,40,Đắk Lắk,01,Thành phố Buôn Ma Thuột,074,THCS và THPT Đông Du,"Hẻm 32 Phạm Hùng, phường Tân An, tp Buôn Ma Thuột",KV1,
4462,40,Đắk Lắk,01,Thành phố Buôn Ma Thuột,076,Trường TCSP Mầm non Đắk Lắk,"Số 10 Nguyễn Tất Thành, Tp. Buôn Ma Thuột",KV1,
4463,40,Đắk Lắk,01,Thành phố Buôn Ma Thuột,077,Trường Trung cấp Đam San,"Số 300 Hà Huy Tập, phường Tân An, Thành phố Buôn Ma Thuột",KV1,
4464,40,Đắk Lắk,01,Thành phố Buôn Ma Thuột,078,Trường Trung cấp Đắk Lắk,"Số 01 Đinh Tiên Hoàng, phường Tự An, Thành phố Buôn Ma Thuột",KV1,
4465,40,Đắk Lắk,01,Thành phố Buôn Ma Thuột,079,Trường Trung cấp Tây Nguyên,"Số 298 Phan Chu Trinh, phường Tân An, Thành phố Buôn Ma Thuột",KV1,
4466,40,Đắk Lắk,01,Thành phố Buôn Ma Thuột,080,Trường Trung cấp Kinh tế - Kỹ thuật Đắk Lắk,"144 Phan Chu Trinh, phường Tân Lợi, Thành phố Buôn Ma Thuột",KV1,
4467,40,Đắk Lắk,01,Thành phố Buôn Ma Thuột,081,Trường Trung cấp Trường Sơn,"Phan Chu Trinh, phường Thắng Lợi, Thành phố Buôn Ma Thuột",KV1,
4468,40,Đắk Lắk,01,Thành phố Buôn Ma Thuột,082,Trường Trung cấp Luật Buôn Ma Thuột,"Tổ Dân phố 8, phường Tân An, Thành phố Buôn Ma Thuột",KV1,
4469,40,Đắk Lắk,01,Thành phố Buôn Ma Thuột,085,"Trường TH, THCS và THPT Hoàng Việt","Số 42 Phạm Hùng, Phường Tân An, TP. Buôn Ma Thuột",KV1,
4470,40,Đắk Lắk,01,Thành phố Buôn Ma Thuột,086,"Trường TH, THCS và THPT Victory","Số 01, Lê Hồng Phong, Tp. Buôn Ma Thuột",KV1,
4471,40,Đắk Lắk,01,Thành phố Buôn Ma Thuột,090,THPT Buôn Ma Thuột,"Số 57 Bà Triệu, phường Tự An",KV2,
4472,40,Đắk Lắk,01,Thành phố Buôn Ma Thuột,091,THPT Chu Văn An,"Số 249 Phan Bội Châu, phường Thống Nhất",KV2,
4473,40,Đắk Lắk,01,Thành phố Buôn Ma Thuột,092,THPT DTNT N'Trang Lơng,"Số 694/26 Võ Văn Kiệt, phường Khánh Xuân",KV2,DTNT
4474,40,Đắk Lắk,01,Thành phố Buôn Ma Thuột,093,TT GDTX tỉnh Đắk Lắk,"Số 01A Lê Hồng Phong, phường Tân Tiến",KV2,
4475,40,Đắk Lắk,01,Thành phố Buôn Ma Thuột,094,THPT Hồng Đức,"Số 03 Lê Hồng Phong, phường Tân Tiến",KV2,
4476,40,Đắk Lắk,01,Thành phố Buôn Ma Thuột,095,THPT Chuyên Nguyễn Du,"Đường Trương Quang Giao, phường Tân An",KV2,
4477,40,Đắk Lắk,01,Thành phố Buôn Ma Thuột,096,THPT Lê Quý Đôn,"Số 27 Trần Nhật Duật, phường Tân Lợi",KV2,
4478,40,Đắk Lắk,01,Thành phố Buôn Ma Thuột,097,TT GDNN-GDTX Buôn Ma Thuột,"Số 01 Tôn Đức Thắng, phường Tân An",KV2,
4479,40,Đắk Lắk,01,Thành phố Buôn Ma Thuột,098,THPT Phú Xuân,"Số 08 Nguyễn Hữu Thọ, phường Tân An",KV2,
4480,40,Đắk Lắk,01,Thành phố Buôn Ma Thuột,099,Phổ thông Dân tộc nội trú Tây Nguyên,"Đường Thủ Khoa Huân, phường Thành Nhất",KV2,
4481,40,Đắk Lắk,01,Thành phố Buôn Ma Thuột,100,THPT Lê Duẩn,"Số 129 Phan Huy Chú, phường Khánh Xuân",KV2,
4482,40,Đắk Lắk,01,Thành phố Buôn Ma Thuột,101,THCS và THPT Đông Du,"Hẻm 32 Phạm Hùng, phường Tân An",KV2,
4483,40,Đắk Lắk,01,Thành phố Buôn Ma Thuột,102,"Trường TH, THCS và THPT Hoàng Việt","Số 42 Phạm Hùng, phường Tân An",KV2,
4484,40,Đắk Lắk,01,Thành phố Buôn Ma Thuột,103,"Trường TH, THCS và THPT Victory","Số 01 Lê Hồng Phong, thành phố Buôn Ma Thuột",KV2,
4485,40,Đắk Lắk,01,Thành phố Buôn Ma Thuột,121,"Trung tâm Đào tạo, Huấn luyện và thi đấu Thể dục thể thao","Số 23 Trần Quý Cáp, phường Tân Lập",KV2,
4486,40,Đắk Lắk,01,Thành phố Buôn Ma Thuột,801,Trường THPT - Khu vực 1,,KV1,
4487,40,Đắk Lắk,01,Thành phố Buôn Ma Thuột,802,Trường THPT - KV2NT,,KV2-NT,
4488,40,Đắk Lắk,01,Thành phố Buôn Ma Thuột,803,Trường THPT - KV2,,KV2,
4489,40,Đắk Lắk,01,Thành phố Buôn Ma Thuột,804,Trường THPT - Khu vực 3,,KV3,
4490,40,Đắk Lắk,02,Huyện Ea H'Leo,019,THPT Ea H'leo (Trước 04/6/2021),"Số 31, Điện Biên Phủ, thị trấn Ea Drăng, huyện Ea H'Leo",KV1,
4491,40,Đắk Lắk,02,Huyện Ea H'Leo,033,TT GDNN - GDTX Ea H'Leo (Trước 04/6/2021),"Số 02 Lý Thường Kiệt, thị trấn Ea Drăng, huyện Ea H'Leo",KV1,
4492,40,Đắk Lắk,02,Huyện Ea H'Leo,050,THPT Phan Chu Trinh,"Km 92, Quốc lộ 14, xã Ea Ral, huyện Ea H'Leo",KV1,
4493,40,Đắk Lắk,02,Huyện Ea H'Leo,066,THPT Trường Chinh,"Thôn 2, xã Dlie Yang, huyện Ea H'Leo",KV1,
4494,40,Đắk Lắk,02,Huyện Ea H'Leo,084,THPT Võ Văn Kiệt,"Xã Ea Khăl, huyện Ea H'leo",KV1,
4495,40,Đắk Lắk,02,Huyện Ea H'Leo,104,THPT Ea H'leo (Từ 04/6/2021),"Số 31 Điện Biên Phủ, thị trấn Ea Đrăng",KV2-NT,
4496,40,Đắk Lắk,02,Huyện Ea H'Leo,105,TT GDNN-GDTX Ea H'leo (Từ 04/6/2021),"Số 2 Lý Thường Kiệt, thị trấn Ea Đrăng",KV2-NT,
4497,40,Đắk Lắk,03,Huyện Krông Buk,061,THPT Nguyễn Văn Cừ,"Xã Cư Né, huyện Krông Buk",KV1,
4498,40,Đắk Lắk,03,Huyện Krông Buk,065,THPT Phan Đăng Lưu,"Xã Pơng Drang, huyện Krông Buk",KV1,
4499,40,Đắk Lắk,03,Huyện Krông Buk,122,TT GDTX Krông Buk,Xã Pơng Drang,KV1,
4500,40,Đắk Lắk,04,Huyện Krông Năng,014,THPT Phan Bội Châu,"Số 112, đường Hùng Vương, thị trấn Krông Năng, huyện Krông Năng",KV1,
4501,40,Đắk Lắk,04,Huyện Krông Năng,034,TT GDNN - GDTX Krông Năng,"Khối 5, thị trấn Krông Năng, huyện Krông Năng",KV1,
4502,40,Đắk Lắk,04,Huyện Krông Năng,052,THPT Lý Tự Trọng,"Xã Phú Xuân, huyện Krông Năng",KV1,
4503,40,Đắk Lắk,04,Huyện Krông Năng,060,THPT Nguyễn Huệ,"Xã Ea Toh, huyện Krông Năng",KV1,
4504,40,Đắk Lắk,04,Huyện Krông Năng,075,THPT Tôn Đức Thắng,"Xã Tam Giang, huyện Krông Năng",KV1,
4505,40,Đắk Lắk,04,Huyện Krông Năng,106,THPT Nguyễn Huệ,Xã Ea Tóh,KV2-NT,
4506,40,Đắk Lắk,04,Huyện Krông Năng,107,THPT Lý Tự Trọng,Xã Phú Xuân,KV2-NT,
4507,40,Đắk Lắk,05,Huyện Ea Súp,021,THPT Ea Sup,"Số 09 Chu Văn An, thị trấn Ea Sup, huyện Ea Sup",KV1,
4508,40,Đắk Lắk,05,Huyện Ea Súp,054,TT GDNN - GDTX Ea Súp,"Số 72, Hùng Vương, thị trấn Ea Sup, huyện Ea Sup",KV1,
4509,40,Đắk Lắk,05,Huyện Ea Súp,072,THPT Ea Rốk,"Thôn 7, xã Ea Rốk, huyện Ea Sup",KV1,
4510,40,Đắk Lắk,06,Huyện Cư M'gar,011,THPT Cư M'Gar,"Số 10, Lê Quý Đôn, thị trấn Quảng phú, huyện Cư M'gar",KV1,
4511,40,Đắk Lắk,06,Huyện Cư M'gar,023,THPT Nguyễn Trãi,"Km9, Ql14, xã Cuôr Đăng, huyện Cư M'gar",KV1,
4512,40,Đắk Lắk,06,Huyện Cư M'gar,032,TT GDNN - GDTX Cư M'Gar,"Số 04 Phù Đổng, thị trấn Quảng phú, huyện Cư M'gar",KV1,
4513,40,Đắk Lắk,06,Huyện Cư M'gar,038,THPT Lê Hữu Trác,"Số 47 Lê Hữu Trác, thị trấn Quảng Phú, huyện Cư M'gar",KV1,
4514,40,Đắk Lắk,06,Huyện Cư M'gar,067,THPT Trần Quang Khải,"Xã Ea H'Đing, huyện Cư M'gar",KV1,
4515,40,Đắk Lắk,06,Huyện Cư M'gar,108,THPT Cư M'gar,"Số 10 Lê Quý Đôn, thị trấn Quảng Phú",KV2-NT,
4516,40,Đắk Lắk,06,Huyện Cư M'gar,109,TT GDNN-GDTX Cư M'gar,Số 04 Phù Đổng,KV2-NT,
4517,40,Đắk Lắk,06,Huyện Cư M'gar,110,THPT Lê Hữu Trác,Số 47 Lê Hữu Trác,KV2-NT,
4518,40,Đắk Lắk,07,Huyện Krông Pắc,004,THPT Quang Trung,"Km14, QL26, xã Hòa Đông, huyện Krông Păc",KV1,
4519,40,Đắk Lắk,07,Huyện Krông Pắc,008,THPT Nguyễn Bỉnh Khiêm,"Xã Ea Yông, huyện Krông Păc",KV1,
4520,40,Đắk Lắk,07,Huyện Krông Pắc,009,THPT Lê Hồng Phong,"Xã Ea Phê, huyện Krông Păc",KV1,
4521,40,Đắk Lắk,07,Huyện Krông Pắc,026,THPT Phan Đình Phùng,"Thôn 6a, xã Ea Kly, huyện Krông Păc",KV1,
4522,40,Đắk Lắk,07,Huyện Krông Pắc,029,TT GDNN - GDTX Krông Pắk,"Số 180 Giải Phóng, thị trấn Phước An, huyện Krông Păc",KV1,
4523,40,Đắk Lắk,07,Huyện Krông Pắc,036,THPT Nguyễn Công Trứ,"Số 436 - Giải Phóng, Khối 2, thị trấn Phước An, huyện Krông Păc",KV1,
4524,40,Đắk Lắk,07,Huyện Krông Pắc,063,THPT Nguyễn Thị Minh Khai,"Thôn 4, xã Tân Tiến, huyện Krông Păc",KV1,
4525,40,Đắk Lắk,07,Huyện Krông Pắc,111,THPT Phan Đình Phùng,"Thôn 6A, xã Ea Kly",KV2-NT,
4526,40,Đắk Lắk,07,Huyện Krông Pắc,112,TT GDNN-GDTX Krông Pắc,Số 180 Giải Phóng,KV2-NT,
4527,40,Đắk Lắk,07,Huyện Krông Pắc,113,THPT Nguyễn Công Trứ,Số 436 Giải Phóng,KV2-NT,
4528,40,Đắk Lắk,08,Huyện Ea Kar,015,THPT Ngô Gia Tự,"Km 52, Quốc lộ 26, thị trấn Ea Kar, huyện Ea Kar",KV1,
4529,40,Đắk Lắk,08,Huyện Ea Kar,016,THPT Trần Quốc Toản,"Km 62, Quốc lộ 26, thị trấn Ea Knốp, huyện Ea Kar",KV1,
4530,40,Đắk Lắk,08,Huyện Ea Kar,039,THPT Trần Nhân Tông,"Km 59, Quốc lộ 26, xã Ea Dar, huyện Ea Kar",KV1,
4531,40,Đắk Lắk,08,Huyện Ea Kar,042,TT GDTX Ea Kar,"Khối 1, thị trấn Ea Kar, huyện Ea Kar",KV1,
4532,40,Đắk Lắk,08,Huyện Ea Kar,068,THPT Nguyễn Thái Bình,"Thôn 5, xã Cư Ni, huyện Ea Kar",KV1,
4533,40,Đắk Lắk,08,Huyện Ea Kar,087,THPT Võ Nguyên Giáp,"Thôn 12, xã Ea Ô, huyện Ea Kar",KV1,
4534,40,Đắk Lắk,08,Huyện Ea Kar,114,THPT Trần Quốc Toản,"Km62, QL26",KV2-NT,
4535,40,Đắk Lắk,09,Huyện M'Đrắk,018,THPT Nguyễn Tất Thành,"Khối 10, thị trấn M'Drăk, huyện M'Drăk",KV1,
4536,40,Đắk Lắk,09,Huyện M'Đrắk,041,TT GDNN - GDTX M'Drăk,"Xã Cư Mta, huyện M'Drăk",KV1,
4537,40,Đắk Lắk,09,Huyện M'Đrắk,051,THPT Nguyễn Trường Tộ,"Xã Ea Riêng, huyện M'Drăk",KV1,
4538,40,Đắk Lắk,09,Huyện M'Đrắk,115,THPT Nguyễn Tất Thành,"Khối 10, thị trấn M'đrắk",KV2-NT,
4539,40,Đắk Lắk,09,Huyện M'Đrắk,116,THPT Nguyễn Trường Tộ,Xã Ea Riêng,KV2-NT,
4540,40,Đắk Lắk,10,Huyện Krông Ana,012,THPT Krông Ana,"Số 61, Chu Văn An, thị trấn Buôn Trấp, huyện Krông Ana",KV1,
4541,40,Đắk Lắk,10,Huyện Krông Ana,028,TT GDTX Krông Ana,"Số 49 Chu Văn An, thị trấn Buôn Trấp, huyện Krông Ana",KV1,
4542,40,Đắk Lắk,10,Huyện Krông Ana,046,THPT Hùng Vương,"Số 222, Hùng Vương, thị trấn Buôn Trấp, huyện Krông Ana",KV1,
4543,40,Đắk Lắk,10,Huyện Krông Ana,071,THPT Phạm Văn Đồng,"Thôn Tân Tiến, xã Ea Na, huyện Krông Ana",KV1,
4544,40,Đắk Lắk,11,Huyện Krông Bông,017,THPT Krông Bông,"Số 02, Nam Cao, Thị trấn Krông Kmar, Huyện Krông Bông",KV1,
4545,40,Đắk Lắk,11,Huyện Krông Bông,044,TT GDNN - GDTX Krông Bông,"Thị trấn Krông Kmar, huyện Krông Bông",KV1,
4546,40,Đắk Lắk,11,Huyện Krông Bông,073,THPT Trần Hưng Đạo,"Xã Cư Drăm, huyện Krông Bông",KV1,
4547,40,Đắk Lắk,11,Huyện Krông Bông,117,THPT Krông Bông,Số 02 Nam Cao,KV2-NT,
4548,40,Đắk Lắk,11,Huyện Krông Bông,118,TT GDNN-GDTX Krông Bông,Thị trấn Krông Kmar,KV2-NT,
4549,40,Đắk Lắk,12,Huyện Lắk,020,THPT Lắk,"Thị trấn Liên Sơn, huyện Lắk",KV1,
4550,40,Đắk Lắk,12,Huyện Lắk,031,TT GDTX Lắk,"Thị trấn Liên Sơn, huyện Lắk",KV1,
4551,40,Đắk Lắk,12,Huyện Lắk,083,THPT Nguyễn Chí Thanh,"Xã Krông Nô, huyện Lắk",KV1,
4552,40,Đắk Lắk,13,Huyện Buôn Đôn,027,THPT Buôn Đôn,"Xã Ea Wer, huyện Buôn Đôn",KV1,
4553,40,Đắk Lắk,13,Huyện Buôn Đôn,053,TT GDNN - GDTX Buôn Đôn,"Thôn Hà Bắc, Xã Ea Wer, huyện Buôn Đôn",KV1,
4554,40,Đắk Lắk,13,Huyện Buôn Đôn,069,THPT Trần Đại Nghĩa,"Thôn 4, xã Courknia, huyện Buôn Đôn",KV1,
4555,40,Đắk Lắk,14,Huyện Cư Kuin,013,THPT Việt Đức,"Km12, QL27, xã Ea Tiêu, huyện Cư Kuin",KV1,
4556,40,Đắk Lắk,14,Huyện Cư Kuin,037,THPT Y Jut,"Thôn 4, xã Ea Bhok, huyện Cư Kuin",KV1,
4557,40,Đắk Lắk,14,Huyện Cư Kuin,070,TT GDNN - GDTX Cư Kuin,"Xã Dray Bhăng, huyện Cư Kuin",KV1,
4558,40,Đắk Lắk,15,Thị Xã Buôn Hồ,010,THPT Buôn Hồ,"Số 19, Quang Trung, Tx Buôn Hồ",KV1,
4559,40,Đắk Lắk,15,Thị Xã Buôn Hồ,030,TT GDNN - GDTX Buôn Hồ,"Số 59 Lê Duẩn, phường An Lạc, thị xã Buôn Hồ",KV1,
4560,40,Đắk Lắk,15,Thị Xã Buôn Hồ,035,THPT Hai Bà Trưng,"Đường Nguyễn Huy Tưởng, phường Thiện An, Tx Buôn Hồ",KV1,
4561,40,Đắk Lắk,15,Thị Xã Buôn Hồ,043,THPT Huỳnh Thúc Kháng,"Phường Thống Nhất, Tx Buôn Hồ",KV1,
4562,40,Đắk Lắk,15,Thị Xã Buôn Hồ,089,THPT DTNT Đam San,"Thôn Đông Xuân, xã Ea Blang, Thị xã Buôn Hồ",KV1,
4563,40,Đắk Lắk,15,Thị Xã Buôn Hồ,119,THPT Buôn Hồ,Số 19 Quang Trung,KV2,
4564,40,Đắk Lắk,15,Thị Xã Buôn Hồ,120,THPT Hai Bà Trưng,Đường Nguyễn Huy Tưởng,KV2,
4565,41,Khánh Hoà,00,Sở Giáo dục và Đào tạo,800,Học ở nước ngoài_41,,KV3,
4566,41,Khánh Hoà,00,Sở Giáo dục và Đào tạo,900,"Quân nhân, Công an tại ngũ_41",,KV3,
4567,41,Khánh Hoà,01,Thành phố Nha Trang,001,Cao đẳng nghề Nha Trang,"32 Trần Phú, Vĩnh Nguyên, Nha Trang",KV1,
4568,41,Khánh Hoà,01,Thành phố Nha Trang,002,Trung cấp Kinh tế Khánh Hòa,"Số 3 Nguyễn Đình Chiểu, Đồng Đế, Nha Trang",KV2,
4569,41,Khánh Hoà,01,Thành phố Nha Trang,003,THPT Phạm Văn Đồng,05 Trường Sơn,KV1,
4570,41,Khánh Hoà,01,Thành phố Nha Trang,005,Trường Cao đẳng Kỹ thuật Công nghệ Nha Trang,Xã Phước Đồng,KV2,
4571,41,Khánh Hoà,01,Thành phố Nha Trang,015,THPT Lý Tự Trọng,"Số 07 Lý Tự Trọng, Phường Lộc Thọ, Nha Trang",KV2,
4572,41,Khánh Hoà,01,Thành phố Nha Trang,016,THPT Nguyễn Văn Trỗi,"Số 32 Hàn Thuyên, Nha Trang",KV2,
4573,41,Khánh Hoà,01,Thành phố Nha Trang,017,THPT chuyên Lê Quý Đôn,"Đại lộ Nguyễn Tất Thành, Xã Phước Đồng",KV2,
4574,41,Khánh Hoà,01,Thành phố Nha Trang,018,THPT Hà Huy Tập,"Xã Vĩnh Thạnh, Thành phố Nha Trang",KV2,
4575,41,Khánh Hoà,01,Thành phố Nha Trang,019,THPT Hoàng Văn Thụ,"Số 02 Hòn Chồng, Phường Vĩnh Phước, Nha Trang",KV2,
4576,41,Khánh Hoà,01,Thành phố Nha Trang,020,THPT BC Nguyễn Trường Tộ,"Số 02 Hòn Chồng, Phường Vĩnh Phước, Nha Trang",KV2,
4577,41,Khánh Hoà,01,Thành phố Nha Trang,021,THCS&THPT iSchool Nha Trang,"Số 25 Hai Bà Trưng, Phường Xương Huân, Nha Trang",KV2,
4578,41,Khánh Hoà,01,Thành phố Nha Trang,022,THPT Nguyễn Thiện Thuật,"Nguyễn Thị Minh Khai, Phường Phước Hòa, Nha Trang",KV2,
4579,41,Khánh Hoà,01,Thành phố Nha Trang,023,THPT Lê Thánh Tôn,"Số 10, đường Phước Long, Phường Vĩnh Nguyên, Nha Trang",KV1,
4580,41,Khánh Hoà,01,Thành phố Nha Trang,031,THPT Hermann Gmeiner,"Số 11 Đường Nguyễn Quyền, Phường Vĩnh Hải, Nha Trang",KV2,
4581,41,Khánh Hoà,01,Thành phố Nha Trang,032,KTTH-HN tỉnh Khánh Hòa,"52 Lê Thành Phương, Nha Trang",KV2,
4582,41,Khánh Hoà,01,Thành phố Nha Trang,034,GDTX&HN Nha Trang,"Số 84 Sinh Trung, Nha Trang",KV2,
4583,41,Khánh Hoà,01,Thành phố Nha Trang,039,Phổ thông Dân tộc Nội trú tỉnh Khánh Hòa,"Số 02, đường Hòn Chồng, Phường Vĩnh Phước, Nha Trang",KV2,DTNT
4584,41,Khánh Hoà,01,Thành phố Nha Trang,050,Cao đẳng nghề Quốc tế Nam Việt,"Thôn Phước Thượng, Xã Phước Đồng, Thành phố Nha Trang",KV2,
4585,41,Khánh Hoà,01,Thành phố Nha Trang,053,Trung cấp nghề Nha Trang,"Số 39, Điện Biên Phủ, Thành phố Nha Trang",KV2,
4586,41,Khánh Hoà,01,Thành phố Nha Trang,054,Quốc tế Châu Á Thái Bình Dương (APC),"Đại lộ Nguyễn Tất Thành, Sông Lô, Phước Hạ, Xã Phước Đồng, Nha Trang",KV2,
4587,41,Khánh Hoà,01,Thành phố Nha Trang,055,Quốc Tế Hoàn Cầu Nha Trang,"Phước Hạ, Phước Đồng, Nha Trang",KV2,
4588,41,Khánh Hoà,01,Thành phố Nha Trang,057,THPT Đại Việt,"Xã Phước Đồng, Thành phố Nha Trang",KV2,
4589,41,Khánh Hoà,01,Thành phố Nha Trang,058,Trung cấp KTKT Trần Đại Nghĩa,84 Sinh Trung. Nha Trang,KV2,
4590,41,Khánh Hoà,01,Thành phố Nha Trang,059,Trường dự bị ĐH Dân tộc TW Nha Trang,"46 Nguyễn Thiện Thuật, Nha Trang",KV2,DTNT
4591,41,Khánh Hoà,01,Thành phố Nha Trang,061,THPT Hà Huy Tập (Hệ GDTX),"Xã Vĩnh Thạnh, Thành phố Nha Trang",KV2,
4592,41,Khánh Hoà,01,Thành phố Nha Trang,063,"TH, THCS&THPT Quốc tế Việt Nam Singapore","Đường A1, Khu dân cư Vĩnh Điềm Trung, xã Vĩnh Hiệp",KV2,
4593,41,Khánh Hoà,01,Thành phố Nha Trang,068,Trung tâm GDTX Nha Trang,Đường Sinh Trung,KV2,
4594,41,Khánh Hoà,01,Thành phố Nha Trang,073,Trường Cao đẳng FPT Polytechnic,Số 01 Nguyễn Mậu Tài,KV2,
4595,41,Khánh Hoà,01,Thành phố Nha Trang,801,Trường THPT - Khu vực 1,,KV1,
4596,41,Khánh Hoà,01,Thành phố Nha Trang,802,Trường THPT - KV2NT,,KV2-NT,
4597,41,Khánh Hoà,01,Thành phố Nha Trang,803,Trường THPT - KV2,,KV2,
4598,41,Khánh Hoà,01,Thành phố Nha Trang,804,Trường THPT - Khu vực 3,,KV3,
4599,41,Khánh Hoà,02,Huyện Vạn Ninh,009,THPT Huỳnh Thúc Kháng,"Thị trấn Vạn Giã, Huyện Vạn Ninh",KV2-NT,
4600,41,Khánh Hoà,02,Huyện Vạn Ninh,010,THPT Tô Văn Ơn (Trước năm học 2021-2022),"Xã Vạn Khánh, huyên Vạn Ninh",KV1,
4601,41,Khánh Hoà,02,Huyện Vạn Ninh,011,THPT Nguyễn Thị Minh Khai (Trước năm học 2020-2021),"Tổ dân phố số 8, 183 Lý Thường Kiệt, Thị trấn Vạn Giã, Huyện Vạn Ninh",KV2-NT,
4602,41,Khánh Hoà,02,Huyện Vạn Ninh,037,GDTX&HN Vạn Ninh,"Thị trấn Vạn Giã, Huyện Vạn Ninh",KV2-NT,
4603,41,Khánh Hoà,02,Huyện Vạn Ninh,048,THPT Lê Hồng Phong,"Xã Vạn Hưng, HuyệnVạn Ninh",KV2-NT,
4604,41,Khánh Hoà,02,Huyện Vạn Ninh,056,Trung cấp nghề Vạn Ninh (Trước ngày 04/6/2021),"Thôn Tân Đức Đông, Xã Vạn Lương, Huyên Vạn Ninh",KV1,
4605,41,Khánh Hoà,02,Huyện Vạn Ninh,065,THPT Nguyễn Thị Minh Khai (Từ năm học 2020-2021 đến năm học 2021-2022),Thôn Bình Trung 1,KV1,
4606,41,Khánh Hoà,02,Huyện Vạn Ninh,069,THPT Tô Văn Ơn (Từ năm học 2021-2022),Xã Vạn Khánh,KV2-NT,
4607,41,Khánh Hoà,02,Huyện Vạn Ninh,070,THPT Nguyễn Thị Minh Khai (Từ năm học 2021-2022),Xã Vạn Bình,KV2-NT,
4608,41,Khánh Hoà,02,Huyện Vạn Ninh,072,Trung cấp nghề Vạn Ninh (từ 04/6/2021),Xã Vạn Lương,KV2-NT,
4609,41,Khánh Hoà,03,Thị xã Ninh Hòa,012,THPT Nguyễn Trãi,"Phường Ninh Hiệp, Thị xã Ninh Hoà",KV2,
4610,41,Khánh Hoà,03,Thị xã Ninh Hòa,013,THPT Trần Quý Cáp,"Phường Ninh Diêm, Thị xã Ninh Hoà",KV2,
4611,41,Khánh Hoà,03,Thị xã Ninh Hòa,014,THPT Trần Cao Vân,"Phường Ninh Hiệp, Thị xã Ninh Hoà",KV2,
4612,41,Khánh Hoà,03,Thị xã Ninh Hòa,033,GDTX&HN Ninh Hoà,"469 Trần Quý Cáp, Phường Ninh Hiệp, Thị xã Ninh Hòa",KV2,
4613,41,Khánh Hoà,03,Thị xã Ninh Hòa,038,THPT Nguyễn Chí Thanh,"Thôn Đại Cát, xã Ninh Phụng, Thị xã Ninh Hoà",KV2,
4614,41,Khánh Hoà,03,Thị xã Ninh Hòa,045,THPT Tôn Đức Thắng,"Thôn Mỹ Lợi, xã Ninh Lộc, Thị xã Ninh Hoà",KV2,
4615,41,Khánh Hoà,03,Thị xã Ninh Hòa,051,Trung cấp nghề Ninh Hòa,Quốc lộ 1A Bắc Phường Ninh Hiệp Thị xã Ninh Hòa,KV2,
4616,41,Khánh Hoà,03,Thị xã Ninh Hòa,067,THPT Nguyễn Du,Xã Ninh Thọ,KV2,
4617,41,Khánh Hoà,04,Huyện Diên Khánh,024,THPT Hoàng Hoa Thám,"Khóm Phú Lộc Đông, Thị trấn Diên Khánh",KV2-NT,
4618,41,Khánh Hoà,04,Huyện Diên Khánh,025,THPT Lê Lợi,"Xã Diên An, Huyện Diên Khánh",KV2-NT,
4619,41,Khánh Hoà,04,Huyện Diên Khánh,026,THPT Nguyễn Bỉnh Khiêm,"Xã Diên Lạc, Huyện Diên Khánh",KV2-NT,
4620,41,Khánh Hoà,04,Huyện Diên Khánh,035,GDTX&HN Diên Khánh,"Thị trấn Diên Khánh, Huyện Diên Khánh",KV2-NT,
4621,41,Khánh Hoà,04,Huyện Diên Khánh,043,THPT Nguyễn Thái Học,"Phước Tuy, Xã Diên Phước, Huyện Diên Khánh",KV2-NT,
4622,41,Khánh Hoà,04,Huyện Diên Khánh,062,Trung cấp nghề Diên Khánh,Thị trấn Diên Khánh,KV2-NT,
4623,41,Khánh Hoà,04,Huyện Diên Khánh,066,THPT Võ Nguyên Giáp,Xã Diên Thạnh-Xã Diên Lạc,KV2-NT,
4624,41,Khánh Hoà,05,Huyện Khánh Vĩnh,006,Trung cấp nghề DTNT Khánh Vĩnh,Thị trấn Khánh Vĩnh,KV1,
4625,41,Khánh Hoà,05,Huyện Khánh Vĩnh,040,THPT Lạc Long Quân,"Số 90, Đường Hùng Vương, Thị trấn Khánh Vĩnh",KV1,
4626,41,Khánh Hoà,05,Huyện Khánh Vĩnh,044,GDTX&HN Khánh Vĩnh,"Thị trấn Khánh Vĩnh, Huyện Khánh Vĩnh",KV1,
4627,41,Khánh Hoà,05,Huyện Khánh Vĩnh,064,THCS&THPT Nguyễn Thái Bình,Thôn Bến Khế,KV1,
4628,41,Khánh Hoà,06,Thành phố Cam Ranh,028,THPT Trần Hưng Đạo,"Số 386, đường 3/4, Cam Linh, Thành phố Cam Ranh",KV2,
4629,41,Khánh Hoà,06,Thành phố Cam Ranh,030,THPT Phan Bội Châu,"Khóm I, Phường Cam Lộc, Thành phố Cam Ranh",KV2,
4630,41,Khánh Hoà,06,Thành phố Cam Ranh,036,GDTX&HN Cam Ranh,"135, Phan Chu Trinh, Cam lộc, Thành phố Cam Ranh",KV2,
4631,41,Khánh Hoà,06,Thành phố Cam Ranh,041,THPT Ngô Gia Tự,"Nguyễn Công Trứ, Cam Nghĩa, Thành phố Cam Ranh",KV2,
4632,41,Khánh Hoà,06,Thành phố Cam Ranh,047,THPT Ngô Gia Tự (Hệ GDTX),"Nguyễn Công Trứ, Cam Nghĩa, Thành phố Cam Ranh",KV2,
4633,41,Khánh Hoà,06,Thành phố Cam Ranh,052,Trung cấp nghề Cam Ranh,"Số 137 Lê Hồng Phong, Phường Cam Lộc, Thành phố Cam Ranh",KV2,
4634,41,Khánh Hoà,06,Thành phố Cam Ranh,060,THPT Thăng Long,"35B Nguyễn Thị Minh Khai, Phường Cam Lộc, Thành phố Cam Ranh",KV2,
4635,41,Khánh Hoà,06,Thành phố Cam Ranh,071,Trung cấp Du lịch-Kỹ thuật Cam Ranh,Phường Cam Phúc Bắc,KV2,
4636,41,Khánh Hoà,07,Huyện Khánh Sơn,007,GDTX&HN Khánh Sơn,"Thị trấn Tô Hạp, Huyện Khánh Sơn",KV1,
4637,41,Khánh Hoà,07,Huyện Khánh Sơn,008,Trung cấp nghề DTNT Khánh Sơn,Thị trấn Tô Hạp,KV1,
4638,41,Khánh Hoà,07,Huyện Khánh Sơn,042,THPT Khánh Sơn,"đường Lê Duẩn, Thị trấn Tô Hạp, Khánh Sơn",KV1,
4639,41,Khánh Hoà,09,Huyện Cam Lâm,004,Trung cấp nghề Cam Lâm,Thôn Bãi Giếng 2,KV2-NT,
4640,41,Khánh Hoà,09,Huyện Cam Lâm,027,THPT Nguyễn Huệ,"100 Nguyễn Trãi, Thị trấn Cam Đức, Huyện Cam Lâm",KV2-NT,
4641,41,Khánh Hoà,09,Huyện Cam Lâm,029,THPT Trần Bình Trọng,"Số 08, đường Trường Chinh, Thị trấn Cam Đức, Huyện Cam Lâm",KV2-NT,
4642,41,Khánh Hoà,09,Huyện Cam Lâm,046,GDTX&HN Cam Lâm,"Thị trấn Cam Đức, Huyện Cam Lâm",KV2-NT,
4643,41,Khánh Hoà,09,Huyện Cam Lâm,049,THPT Đoàn Thị Điểm,"Tân Xương, xã Suối Cát, Huyện Cam Lâm",KV1,
4644,42,Lâm Đồng,00,Sở Giáo dục và Đào tạo,800,Học ở nước ngoài_42,,KV3,
4645,42,Lâm Đồng,00,Sở Giáo dục và Đào tạo,900,"Quân nhân, Công an tại ngũ_42",,KV3,
4646,42,Lâm Đồng,01,Thành phố Đà Lạt,002,THPT Trần Phú (trước 04/6/2021),10 Trần Quang Diệu - Phường 10 - Đà Lạt - Lâm Đồng,KV1,
4647,42,Lâm Đồng,01,Thành phố Đà Lạt,003,THPT Bùi Thị Xuân (trước 04/6/2021),"Số 242 Bùi Thị Xuân, phường 2, Đà Lạt",KV1,
4648,42,Lâm Đồng,01,Thành phố Đà Lạt,004,THCS & THPT Chi Lăng - Đà Lạt (trước 04/6/2021),Số 8 Phan Chu Trinh,KV1,
4649,42,Lâm Đồng,01,Thành phố Đà Lạt,005,THCS&THPT Xuân Trường (trước 04/6/2021),"Thôn Cầu Đất, xã Xuân Trường, Đà Lạt",KV1,
4650,42,Lâm Đồng,01,Thành phố Đà Lạt,006,THCS&THPT Đống Đa (trước 04/6/2021),Số 253 Xô Viết Nghệ Tĩnh,KV1,
4651,42,Lâm Đồng,01,Thành phố Đà Lạt,007,PT DTNT THPT Tỉnh,"Số 02 Huyền Trân Công Chúa, phường 5, Đà Lạt",KV1,DTNT
4652,42,Lâm Đồng,01,Thành phố Đà Lạt,008,THPT Chuyên Thăng Long - Đà Lạt (trước 04/6/2021),"Số 10 Trần Phú, phường 3, Đà Lạt",KV1,
4653,42,Lâm Đồng,01,Thành phố Đà Lạt,009,THCS & THPT Nguyễn Du - Đà Lạt,"Phường 2, Đà Lạt",KV1,
4654,42,Lâm Đồng,01,Thành phố Đà Lạt,010,THPT Phù Đổng,02 - Trần Khánh Dư - P8 - Đà Lạt,KV1,
4655,42,Lâm Đồng,01,Thành phố Đà Lạt,011,THCS & THPT Tây Sơn - Đà Lạt (trước 04/6/2021),P3 - Đà Lạt - Lâm Đồng,KV1,
4656,42,Lâm Đồng,01,Thành phố Đà Lạt,012,PT Hermann Gmeiner - Đà Lạt (trước 04/6/2021),63- 65 Hùng Vương - P9 - Đà lạt - Lâm Đồng,KV1,
4657,42,Lâm Đồng,01,Thành phố Đà Lạt,013,THPT DL Phù Đổng,11 Lý Nam Đế - phường 8 - Đà lạt - Lâm Đồng,KV1,
4658,42,Lâm Đồng,01,Thành phố Đà Lạt,039,Trung tâm Giáo dục thường xuyên tỉnh Lâm Đồng tại thành phố Đà Lạt (trước 04/6/2021),01 Lương Thế Vinh - P3 - Đà Lạt - Lâm Đồng,KV1,
4659,42,Lâm Đồng,01,Thành phố Đà Lạt,070,Trường Cao đẳng Kinh tế - Kỹ thuật Lâm Đồng (trước 04/6/2021),39 Trần Phú - Phường 4 - Đà Lạt,KV1,
4660,42,Lâm Đồng,01,Thành phố Đà Lạt,077,THCS & THPT Tà Nung - Đà Lạt,Tổ 8 - Thôn 5 - Xã Tà Nung - Đà Lạt-Lâm Đồng,KV1,
4661,42,Lâm Đồng,01,Thành phố Đà Lạt,078,THPT Yersin - Đà Lạt (trước 04/6/2021),27 Tôn Thất Tùng - Phường 8 - Đà Lạt-Lâm Đồng,KV1,
4662,42,Lâm Đồng,01,Thành phố Đà Lạt,088,CĐ Y tế Lâm Đồng,16 Ngô Quyền - Phường 6 - Đà Lạt,KV1,
4663,42,Lâm Đồng,01,Thành phố Đà Lạt,089,Cao đẳng nghề Du lịch Đà Lạt,Km 5 đường Cam Ly - Thôn Măng Lin - Phường 7 - Đà Lạt,KV1,
4664,42,Lâm Đồng,01,Thành phố Đà Lạt,091,Phân hiệu TC Văn thư lưu trữ TW,109 Lý Thường Kiệt - Phường 9 - Đà Lạt,KV1,
4665,42,Lâm Đồng,01,Thành phố Đà Lạt,095,Cao đẳng nghề Đà Lạt,01 Hoàng Văn Thụ - Phường 4 - Đà Lạt,KV1,
4666,42,Lâm Đồng,01,Thành phố Đà Lạt,097,Cao đẳng sư phạm Đà Lạt,29 Yersin - Phường 10 - Đà Lạt,KV1,
4667,42,Lâm Đồng,01,Thành phố Đà Lạt,108,Trung tâm GDTX Đà Lạt,01 Lương Thế Vinh - P3 - Đà Lạt,KV1,
4668,42,Lâm Đồng,01,Thành phố Đà Lạt,112,Trường Trung cấp Du lịch Đà Lạt,10 - Lý Tự Trọng - Phường 2 - Đà Lạt,KV1,
4669,42,Lâm Đồng,01,Thành phố Đà Lạt,167,THPT Trần Phú (từ 04/6/2021),"10 Trần Quang Diệu, Phường 10",KV2,
4670,42,Lâm Đồng,01,Thành phố Đà Lạt,168,THPT Bùi Thị Xuân (từ 04/6/2021),"242 Bùi Thị Xuân, Phường 2",KV2,
4671,42,Lâm Đồng,01,Thành phố Đà Lạt,169,THCS &THPT Chi Lăng - Đà Lạt (từ 04/6/2021),"8 Phan Chu Trinh, Phường 9",KV2,
4672,42,Lâm Đồng,01,Thành phố Đà Lạt,170,THCS & THPT Xuân Trường (từ 04/6/2021),"Thôn Cầu Đất, Xã Xuân Trường",KV2,
4673,42,Lâm Đồng,01,Thành phố Đà Lạt,171,THCS & THPT Đống Đa (từ 04/6/2021),"253 Xô Viết Nghệ Tĩnh, Phường 7",KV2,
4674,42,Lâm Đồng,01,Thành phố Đà Lạt,172,THPT Chuyên Thăng Long - Đà Lạt (từ 04/6/2021),"10 Trần Phú, Phường 3",KV2,
4675,42,Lâm Đồng,01,Thành phố Đà Lạt,173,THCS & THPT Tây Sơn - Đà Lạt (từ 04/6/2021),Phường 3,KV2,
4676,42,Lâm Đồng,01,Thành phố Đà Lạt,174,PT Hermann Gmeiner - Đà Lạt (từ 04/6/2021),"63-65 Hùng Vương, Phường 9",KV2,
4677,42,Lâm Đồng,01,Thành phố Đà Lạt,175,Trung tâm Giáo dục thường xuyên tỉnh Lâm Đồng tại thành phố Đà Lạt (từ 04/6/2021),"01 Lương Thế Vinh, Phường 3",KV2,
4678,42,Lâm Đồng,01,Thành phố Đà Lạt,176,THPT Yersin - Đà Lạt (từ 04/6/2021),"27 Tôn Thất Tùng, Phường 8",KV2,
4679,42,Lâm Đồng,01,Thành phố Đà Lạt,200,Trường Cao đẳng Kinh tế - Kỹ thuật Lâm Đồng (từ 04/6/2021),"39 Trần Phú, Phường 4",KV2,
4680,42,Lâm Đồng,01,Thành phố Đà Lạt,203,Trường Cao đẳng Đà Lạt,"109 Yersin, Phường 10, Đà Lạt",KV2,
4681,42,Lâm Đồng,01,Thành phố Đà Lạt,204,PT DTNT THCS&THPT tỉnh Lâm Đồng,"Số 02 Huyền Trân Công Chúa, phường 5",KV2,DTNT
4682,42,Lâm Đồng,01,Thành phố Đà Lạt,801,Trường THPT - Khu vực 1,,KV1,
4683,42,Lâm Đồng,01,Thành phố Đà Lạt,802,Trường THPT - KV2NT,,KV2-NT,
4684,42,Lâm Đồng,01,Thành phố Đà Lạt,803,Trường THPT - KV2,,KV2,
4685,42,Lâm Đồng,01,Thành phố Đà Lạt,804,Trường THPT - Khu vực 3,,KV3,
4686,42,Lâm Đồng,02,Thành phố Bảo Lộc,026,THPT Bảo Lộc (trước 04/6/2021),Số 101 - Lê Hồng Phong - Phường 1 - Bảo Lộc - Lâm Đồng,KV1,
4687,42,Lâm Đồng,02,Thành phố Bảo Lộc,027,THPT Lộc Thanh (trước 04/6/2021),Số 149- Lê Lợi -Xã Lộc Thanh - Bảo Lộc- Lâm Đồng,KV1,
4688,42,Lâm Đồng,02,Thành phố Bảo Lộc,028,Dân lập Lê Lợi - Bảo Lộc,Tp. Bảo Lộc - Lâm Đồng,KV1,
4689,42,Lâm Đồng,02,Thành phố Bảo Lộc,040,Trung tâm Giáo dục thường xuyên Lâm Đồng,37 Phan Đình Phùng - phường 2 - Bảo Lộc - Lâm Đồng,KV1,
4690,42,Lâm Đồng,02,Thành phố Bảo Lộc,045,THPT Nguyễn Du - Bảo Lộc (trước 04/6/2021),245 Nguyễn Công Trứ - Phường 2 - Bảo Lộc - Lâm Đồng,KV1,
4691,42,Lâm Đồng,02,Thành phố Bảo Lộc,046,THPT Lê Thị Pha - Bảo Lộc (trước 04/6/2021),Thôn 1 - Đại Lào - Bảo Lộc - Lâm Đồng,KV1,
4692,42,Lâm Đồng,02,Thành phố Bảo Lộc,047,THPT Nguyễn Tri Phương - Bảo Lộc (trước 04/6/2021),1223 đường Trần Phú - Phường Lộc Tiến - Bảo Lộc - Lâm Đồng,KV1,
4693,42,Lâm Đồng,02,Thành phố Bảo Lộc,063,THPT Bá Thiên,"74 Huỳnh Thúc Kháng, phường 2, Bảo Lộc",KV1,
4694,42,Lâm Đồng,02,Thành phố Bảo Lộc,071,THPT Lộc Phát - Bảo Lộc (trước 04/6/2021),390 Nguyễn Văn Cừ - Phường Lộc Phát - Bảo Lộc - Lâm Đồng,KV1,
4695,42,Lâm Đồng,02,Thành phố Bảo Lộc,083,THPT TT Duy Tân - Bảo Lộc,Tp. Bảo Lộc - Lâm Đồng,KV1,
4696,42,Lâm Đồng,02,Thành phố Bảo Lộc,087,TC Nghề Bảo Lộc,53 Đào Duy Từ,KV1,
4697,42,Lâm Đồng,02,Thành phố Bảo Lộc,092,CĐ Công nghệ & Kinh tế Bảo Lộc,454 Trần Phú - Phường 2 - Bảo Lộc,KV1,
4698,42,Lâm Đồng,02,Thành phố Bảo Lộc,093,THPT Chuyên Bảo Lộc (trước 04/6/2021),05 - Quang Trung - Phường 2 - Bảo Lộc - Lâm Đồng,KV1,
4699,42,Lâm Đồng,02,Thành phố Bảo Lộc,123,Quốc tế Châu Á Thái Bình Dương,74 Huỳnh Thúc Kháng,KV1,
4700,42,Lâm Đồng,02,Thành phố Bảo Lộc,135,"TH, THCS và THPT Quốc tế Châu Á Thái Bình Dương Bảo Lộc (trước 04/6/2021)","192 Huỳnh Thúc Kháng, Phường II, Bảo Lộc",KV1,
4701,42,Lâm Đồng,02,Thành phố Bảo Lộc,137,Trung tâm GDNN-GDTX thành phố Bảo Lộc (trước 04/6/2021),37 Phan Đình Phùng,KV1,
4702,42,Lâm Đồng,02,Thành phố Bảo Lộc,178,THPT Bảo Lộc (từ 04/6/2021),"101 Lê Hồng Phong, Phường 1",KV2,
4703,42,Lâm Đồng,02,Thành phố Bảo Lộc,179,THPT Lộc Thanh (từ 04/6/2021),"149 Lê Lợi, Xã Lộc Thanh",KV2,
4704,42,Lâm Đồng,02,Thành phố Bảo Lộc,180,THPT Nguyễn Du - Bảo Lộc (từ 04/6/2021),"245 Nguyễn Công Trứ, Phường 2",KV2,
4705,42,Lâm Đồng,02,Thành phố Bảo Lộc,181,THPT Lê Thị Pha - Bảo Lộc (từ 04/6/2021),"Thôn 1, Xã Đại Lào",KV2,
4706,42,Lâm Đồng,02,Thành phố Bảo Lộc,182,THPT Nguyễn Tri Phương - Bảo Lộc (từ 04/6/2021),"1223 Trần Phú, Phường Lộc Tiến",KV2,
4707,42,Lâm Đồng,02,Thành phố Bảo Lộc,183,THPT Lộc Phát - Bảo Lộc (từ 04/6/2021),"390 Nguyễn Văn Cừ, Phường Lộc Phát",KV2,
4708,42,Lâm Đồng,02,Thành phố Bảo Lộc,184,THPT Chuyên Bảo Lộc (từ 04/6/2021),"53 Đào Duy Từ, phường Lộc Phát",KV2,
4709,42,Lâm Đồng,02,Thành phố Bảo Lộc,185,"TH, THCS và THPT Quốc tế Châu Á Thái Bình Dương Bảo Lộc (từ 04/6/2021)","192 Huỳnh Thúc Kháng, Phường 2",KV2,
4710,42,Lâm Đồng,02,Thành phố Bảo Lộc,186,Trung tâm GDNN-GDTX thành phố Bảo Lộc (từ 04/6/2021),"77 Phan Đìnhh Phùng, Phường 2",KV2,
4711,42,Lâm Đồng,03,Huyện Đức Trọng,018,THPT Đức Trọng,360 Quốc lộ 20 - Thị trấn Liên Nghĩa - Đức Trọng - Lâm Đồng,KV1,
4712,42,Lâm Đồng,03,Huyện Đức Trọng,019,THPT Lương Thế Vinh - Đức Trọng,Thị trấn Liên Nghĩa - Đức Trọng - Lâm Đồng,KV1,
4713,42,Lâm Đồng,03,Huyện Đức Trọng,050,THPT Chu Văn An (trước 04/6/2021),"Quốc lộ 20, Thôn Quảng Hiệp, Xã Hiệp Thạnh, Huyện Đức Trọng - Lâm Đồng",KV1,
4714,42,Lâm Đồng,03,Huyện Đức Trọng,051,THPT Nguyễn Bỉnh Khiêm - Đức Trọng,Thôn Đà Lâm - xã Đà Loan - Đức Trọng - Lâm Đồng,KV1,
4715,42,Lâm Đồng,03,Huyện Đức Trọng,052,THPT Nguyễn Thái Bình - Đức Trọng,Xã Phú Hội - Đức Trọng - Lâm Đồng,KV1,
4716,42,Lâm Đồng,03,Huyện Đức Trọng,064,Trung tâm Giáo dục nghề nghiệp huyện Đức Trọng,Lê Hồng Phong - Thị trấn Liên Nghĩa - Đức Trọng,KV1,
4717,42,Lâm Đồng,03,Huyện Đức Trọng,072,THPT Hoàng Hoa Thám - Đức Trọng,Thôn Thái Sơn - Xã NThôl Hạ - Đức Trọng - Lâm Đồng,KV1,
4718,42,Lâm Đồng,03,Huyện Đức Trọng,090,TC KT-KT Quốc Việt,Tổ 62 - Thị trấn Liên Nghĩa - Đức Trọng,KV1,
4719,42,Lâm Đồng,03,Huyện Đức Trọng,101,Trung tâm KTTH-HN Đức Trọng,Lê Hồng Phong - Thị trấn Liên Nghĩa - Đức Trọng,KV1,
4720,42,Lâm Đồng,03,Huyện Đức Trọng,115,Trung tâm GDNN-GDTX huyện Đức Trọng (+),Lê Hồng Phong - Thị trấn Liên Nghĩa - Đức Trọng - Lâm Đồng,KV1,
4721,42,Lâm Đồng,03,Huyện Đức Trọng,126,THPT Nguyễn Bỉnh Khiêm (từ 28/4/2017),Thôn Đà Lâm,KV1,
4722,42,Lâm Đồng,03,Huyện Đức Trọng,127,THPT Hoàng Hoa Thám (Trước 28/4/2017),Thôn Thái Sơn,KV1,
4723,42,Lâm Đồng,03,Huyện Đức Trọng,136,THPT Hoàng Hoa Thám (từ 28/4/2017),N'Thol Hạ,KV1,
4724,42,Lâm Đồng,03,Huyện Đức Trọng,177,THPT Chu Văn An (từ 04/6/2021),"Thôn Quảng Hiệp, Xã Hiệp Thạnh",KV2-NT,
4725,42,Lâm Đồng,04,Huyện Di Linh,020,THPT Hòa Ninh,Thôn 14 - Xã Hòa Ninh - Di Linh,KV1,
4726,42,Lâm Đồng,04,Huyện Di Linh,021,THPT Di Linh,Lương Thế Vinh - Tổ 16 - Thị trấn Di Linh - Di Linh - Lâm Đồng,KV1,
4727,42,Lâm Đồng,04,Huyện Di Linh,022,THPT Phan Bội Châu,Phan Bội Châu - Tổ 9 - Thị trấn Di Linh - Di Linh - Lâm Đồng,KV1,
4728,42,Lâm Đồng,04,Huyện Di Linh,041,THPT Lê Hồng Phong - Di Linh (trước 04/6/2021),"Km số 17 - Thôn 1 - Xã Hoà Ninh - Di Linh, Lâm Đồng",KV1,
4729,42,Lâm Đồng,04,Huyện Di Linh,056,THPT Nguyễn Viết Xuân - Di Linh,Thôn 7 - Gia Hiệp - Di Linh - Lâm Đồng,KV1,
4730,42,Lâm Đồng,04,Huyện Di Linh,065,Trung tâm Giáo dục nghề nghiệp huyện Di Linh,02 Võ Thị Sáu - Tổ dân phố 3 - Thị trấn Di Linh - Di Linh,KV1,
4731,42,Lâm Đồng,04,Huyện Di Linh,073,THPT Nguyễn Huệ - Di Linh,Thôn 5 - Xã Tân Lâm - Di Linh - Lâm Đồng,KV1,
4732,42,Lâm Đồng,04,Huyện Di Linh,081,THPT Trường Chinh (trước 04/6/2021),Thôn 14 - Xã Hòa Ninh - Di Linh - Lâm Đồng,KV1,
4733,42,Lâm Đồng,04,Huyện Di Linh,104,Trung tâm KTTH-HN Di Linh,02 Võ Thị Sáu - Tổ dân phố 3 - Thị trấn Di Linh - Di Linh,KV1,
4734,42,Lâm Đồng,04,Huyện Di Linh,116,Trung tâm GDNN-GDTX huyện Di Linh (+),02 Võ Thị Sáu - Tổ dân phố 3 - Thị trấn Di Linh - Di Linh - Lâm Đồng,KV1,
4735,42,Lâm Đồng,04,Huyện Di Linh,128,THPT Nguyễn Huệ,Thôn 5,KV1,
4736,42,Lâm Đồng,04,Huyện Di Linh,201,THPT Lê Hồng Phong (từ 04/6/2021),"Km số 17 - Thôn 1 - Xã Hoà Ninh - Di Linh, Lâm Đồng",KV2-NT,
4737,42,Lâm Đồng,04,Huyện Di Linh,202,THPT Trường Chinh (từ 04/6/2021),Thôn 14 - Xã Hòa Ninh - Di Linh,KV2-NT,
4738,42,Lâm Đồng,05,Huyện Đơn Dương,014,THPT Hùng Vương - Đơn Dương (trước 04/6/2021),33 Nguyễn Huệ - tổ dân phố 1 - thị trấn D'ran - Đơn Dương - Lâm Đồng,KV1,
4739,42,Lâm Đồng,05,Huyện Đơn Dương,015,THPT Đơn Dương (trước 04/6/2021),Số 01-Chu Văn An - Thị trấn Thạnh Mỹ - Đơn Dương- Lâm Đồng,KV1,
4740,42,Lâm Đồng,05,Huyện Đơn Dương,016,THPT Ngô Gia Tự - Đơn Dương,Số 77 - Nguyễn Trãi - Tổ dân phố 3 - Thị trấn Dran - Đơn Dương - Lâm Đồng,KV1,
4741,42,Lâm Đồng,05,Huyện Đơn Dương,055,THPT Pró - Đơn Dương,Xã Pró - Đơn Dương - Lâm Đồng,KV1,
4742,42,Lâm Đồng,05,Huyện Đơn Dương,060,THPT Lê Lợi - Đơn Dương (trước 04/6/2021),"Số 83, đường 2/4, thị trấn Thạnh Mỹ, Đơn Dương",KV1,
4743,42,Lâm Đồng,05,Huyện Đơn Dương,066,Trung tâm Giáo dục nghề nghiệp huyện Đơn Dương,05 Lý Tự Trọng - Thị trấn Thạnh Mỹ - Đơn Dương,KV1,
4744,42,Lâm Đồng,05,Huyện Đơn Dương,102,Trung tâm KTTH-HN Đơn Dương,05 Lý Tự Trọng - Thị trấn Thạnh Mỹ - Đơn Dương,KV1,
4745,42,Lâm Đồng,05,Huyện Đơn Dương,119,Trung tâm GDNN-GDTX huyện Đơn Dương (trước 04/6/2021)(+),05 Lý Tự Trọng - Thị trấn Thạnh Mỹ - Đơn Dương - Lâm Đồng,KV1,
4746,42,Lâm Đồng,05,Huyện Đơn Dương,190,THPT Hùng Vương - Đơn Dương (từ 04/6/2021),"33 Nguyễn Huệ, Thị rấn D'răn",KV2-NT,
4747,42,Lâm Đồng,05,Huyện Đơn Dương,191,THPT Đơn Dương (từ 04/6/2021),"01 Chu Văn An, Thị trấn Thạnh Mỹ",KV2-NT,
4748,42,Lâm Đồng,05,Huyện Đơn Dương,192,THPT Lê Lợi - Đơn Dương (từ 04/6/2021),"83 đường 2/4, Thị Trấn Thạnh Mỹ",KV2-NT,
4749,42,Lâm Đồng,05,Huyện Đơn Dương,193,Trung tâm GDNN-GDTX huyện Đơn Dương (từ 04/6/2021)(+),"05 Lý Tự Trọng, Thị trấn Thạnh Mỹ",KV2-NT,
4750,42,Lâm Đồng,05,Huyện Đơn Dương,214,THPT Pró (từ 24/10/2024),"53 Đào Duy Từ, phường Lộc Phát",KV1,
4751,42,Lâm Đồng,06,Huyện Lạc Dương,017,THPT Bán trú Lang Biang - Lạc Dương,Khu phố Đăng Lèn - Thị trấn Lạc Dương - Lạc Dương,KV1,
4752,42,Lâm Đồng,06,Huyện Lạc Dương,053,THPT Lang Biang - Lạc Dương,Khu phố Đăng Lèn - Thị trấn Lạc Dương - Huyện Lạc Dương - tỉnh Lâm Đồng,KV1,
4753,42,Lâm Đồng,06,Huyện Lạc Dương,074,THCS & THPT Đạ Sar,Thôn 1 - Xã Đạ Sar - Lạc Dương - Lâm Đồng,KV1,
4754,42,Lâm Đồng,06,Huyện Lạc Dương,085,Trung tâm Giáo dục nghề nghiệp huyện Lạc Dương,142 đường Lang Biang - Thị trấn Lạc Dương - Lạc Dương,KV1,
4755,42,Lâm Đồng,06,Huyện Lạc Dương,109,Trung tâm GDTX-KTTH-HN Lạc Dương,142 đường Lang Biang - Thị trấn Lạc Dương - Lạc Dương,KV1,
4756,42,Lâm Đồng,06,Huyện Lạc Dương,121,Trung tâm GDNN-GDTX huyện Lạc Dương (+),142 đường Lang Biang - Thị trấn Lạc Dương - Lạc Dương - Lâm Đồng,KV1,
4757,42,Lâm Đồng,06,Huyện Lạc Dương,130,THCS&THPT Đạ Nhim,Đạ Nhim,KV1,
4758,42,Lâm Đồng,07,Huyện Đạ Huoai,030,THPT Đạ Huoai (trước 28/4/2017),Số 79 - đường Trần Phú - Tổ dân phố 7 - Thị trấn Mađaguôi - Đạ Huoai - Lâm Đồng,KV1,
4759,42,Lâm Đồng,07,Huyện Đạ Huoai,042,THPT thị trấn Đạm Ri (trước 04/6/2021),Tổ dân phố 2 - Thị trấn Đạm Ri - Đạ Huoai - Lâm Đồng,KV1,
4760,42,Lâm Đồng,07,Huyện Đạ Huoai,067,Trung tâm Giáo dục nghề nghiệp huyện Đạ Huoai,11 Nguyễn Thái Học - Thị trấn Madaguoi - Đạ Huoai,KV1,
4761,42,Lâm Đồng,07,Huyện Đạ Huoai,105,Trung tâm KTTH-HN Đạ Huoai,11 Nguyễn Thái Học - Thị trấn Madaguoi - Đạ Huoai,KV1,
4762,42,Lâm Đồng,07,Huyện Đạ Huoai,120,Trung tâm GDNN-GDTX huyện Đạ Huoai (+)(trước 04/6/2021),11 Nguyễn Thái Học - Thị trấn Madaguoi - Đạ Huoai - Lâm Đồng,KV1,
4763,42,Lâm Đồng,07,Huyện Đạ Huoai,124,THPT Đạ Huoai (trước 04/6/2021),79 Trần Phú,KV1,
4764,42,Lâm Đồng,07,Huyện Đạ Huoai,160,THPT thị trấn Đạm Ri (từ 04/6/2021),"Tổ DP 2, thị trấn ĐạM'ri",KV2-NT,
4765,42,Lâm Đồng,07,Huyện Đạ Huoai,161,Trung tâm GDNN-GDTX huyện Đạ Huoai (từ 04/6/2021),11 Nguyễn Thái Học - Thị trấn Madaguoi,KV2-NT,
4766,42,Lâm Đồng,07,Huyện Đạ Huoai,162,THPT Đạ Huoai (từ 04/6/2021),"79 Trần Phú, Thị trấn Mađaguôi",KV2-NT,
4767,42,Lâm Đồng,08,Huyện Đạ Tẻh,032,THPT Đạ Tẻh,Tổ dân phố 6A - Đường 30/4 - Thị trấn Đạ Tẻh - Đạ Tẻh - Lâm Đồng,KV1,
4768,42,Lâm Đồng,08,Huyện Đạ Tẻh,062,THPT Lê Quý Đôn - Đạ Tẻh (trước 04/6/2021),Thôn Hòa Bình,KV1,
4769,42,Lâm Đồng,08,Huyện Đạ Tẻh,068,Trung tâm Giáo dục nghề nghiệp huyện Đạ Tẻh,89 Quang Trung - Thị trấn Đạ Tẻh - Đạ Tẻh,KV1,
4770,42,Lâm Đồng,08,Huyện Đạ Tẻh,082,THPT TT Nguyễn Khuyến - Đạ Tẻh,Thị trấn Đạ Tẻh - Lâm Đồng,KV1,
4771,42,Lâm Đồng,08,Huyện Đạ Tẻh,084,THCS & THPT DTNT Liên huyện phía Nam,Khu phố 5C - Thị trấn Đạ Tẻh - Đạ Tẻh - Lâm Đồng,KV1,DTNT
4772,42,Lâm Đồng,08,Huyện Đạ Tẻh,106,Trung tâm KTTH-HN Đạ Tẻh,89 Quang Trung - Thị trấn Đạ Tẻh - Đạ Tẻh,KV1,
4773,42,Lâm Đồng,08,Huyện Đạ Tẻh,117,Trung tâm GDNN-GDTX huyện Đạ Tẻh (+),89 Quang Trung - Thị trấn Đạ Tẻh - Đạ Tẻh - Lâm Đồng,KV1,
4774,42,Lâm Đồng,08,Huyện Đạ Tẻh,134,PTDTNT THCS&THPT Liên huyện phía Nam tỉnh Lâm Đồng,"KP 5C, Thị trấn Đạ Tẻh, huyện Đạ Terh, Lâm Đồng",KV1,DTNT
4775,42,Lâm Đồng,09,Huyện Cát Tiên,034,THPT Cát Tiên (trước 04/6/2021),Tổ dân phố 1 - Thị trấn Cát Tiên - Cát Tiên - Lâm Đồng,KV1,
4776,42,Lâm Đồng,09,Huyện Cát Tiên,044,THPT Gia Viễn (trước 04/6/2021),Thôn Trấn Phú - Xã Gia Viễn - Cát Tiên - Lâm Đồng,KV1,
4777,42,Lâm Đồng,09,Huyện Cát Tiên,057,Trung tâm Giáo dục nghề nghiệp huyện Cát Tiên,"Tổ dân phố 13, thị trấn Cát Tiên, huyện Cát Tiên",KV1,
4778,42,Lâm Đồng,09,Huyện Cát Tiên,059,THPT Quang Trung - Cát Tiên,"Xã Phước Cát 1, huyện Cát Tiên",KV1,
4779,42,Lâm Đồng,09,Huyện Cát Tiên,107,Trung tâm GDTX Cát Tiên,"Tổ dân phố 13, Thị trấn Cát Tiên - Cát Tiên",KV1,
4780,42,Lâm Đồng,09,Huyện Cát Tiên,113,Trung tâm GDNN-GDTX huyện Cát Tiên (+) (trước 04/6/2021),"Tổ dân phố 13, Thị trấn Cát Tiên - Cát Tiên - Lâm Đồng",KV1,
4781,42,Lâm Đồng,09,Huyện Cát Tiên,125,THPT Quang Trung (từ 12/4/2018),TDP 6,KV1,
4782,42,Lâm Đồng,10,Huyện Lâm Hà,036,THPT Lâm Hà,Tổ dân phố Yên Bình - Thị trấn Đinh Văn - Lâm Hà - Lâm Đồng,KV1,
4783,42,Lâm Đồng,10,Huyện Lâm Hà,037,THPT Thăng Long - Lâm Hà (trước 04/6/2021),Khu Ba Đình II - Thị trấn Nam Ban - Lâm Hà - Lâm Đồng,KV1,
4784,42,Lâm Đồng,10,Huyện Lâm Hà,043,THPT Tân Hà - Lâm Hà (trước 04/6/2021),Xã Tân Hà - Lâm Hà - Lâm Đồng,KV1,
4785,42,Lâm Đồng,10,Huyện Lâm Hà,061,THPT Lê Quý Đôn - Lâm Hà,Thôn Tân Tiến,KV1,
4786,42,Lâm Đồng,10,Huyện Lâm Hà,069,Trung Tâm Giáo dục nghề nghiệp huyện Lâm Hà,Thị trấn Đinh Văn - Lâm Hà,KV1,
4787,42,Lâm Đồng,10,Huyện Lâm Hà,079,THPT Huỳnh Thúc Kháng - Lâm Hà (trước 04/6/2021),Thôn Vinh Quang - Xã Hoài Đức - Lâm Hà - Lâm Đồng,KV1,
4788,42,Lâm Đồng,10,Huyện Lâm Hà,103,Trung tâm KTTH-HN Lâm Hà,Thị trấn Đinh Văn - Lâm Hà,KV1,
4789,42,Lâm Đồng,10,Huyện Lâm Hà,118,Trung Tâm GDNN-GDTX huyện Lâm Hà (+),Thị trấn Đinh Văn - Lâm Hà - Lâm Đồng,KV1,
4790,42,Lâm Đồng,10,Huyện Lâm Hà,187,THPT Thăng Long - Lâm Hà (từ 04/6/2021),"Ba Đình II, Thị trấn Nam Ban",KV2-NT,
4791,42,Lâm Đồng,10,Huyện Lâm Hà,188,THPT Tân Hà - Lâm Hà (từ 04/6/2021),Xã Tân Hà,KV2-NT,
4792,42,Lâm Đồng,10,Huyện Lâm Hà,189,THPT Huỳnh Thúc Kháng - Lâm Hà (từ 04/6/2021),Xã Hoài Đức,KV2-NT,
4793,42,Lâm Đồng,11,Huyện Bảo Lâm,024,THPT Bảo Lâm,Tổ 8 - Thị trấn Lộc Thắng - Bảo Lâm - Lâm Đồng,KV1,
4794,42,Lâm Đồng,11,Huyện Bảo Lâm,048,THPT Lộc Thành,Thôn 11 - Xã Lộc Thành - Bảo Lâm - Lâm Đồng,KV1,
4795,42,Lâm Đồng,11,Huyện Bảo Lâm,049,THPT Lộc An - Bảo Lâm (trước 04/6/2021),Thôn 3 - Xã Lộc An - Bảo Lâm - Lâm Đồng,KV1,
4796,42,Lâm Đồng,11,Huyện Bảo Lâm,058,Trung tâm Giáo dục nghề nghiệp huyện Bảo Lâm,"Tổ 8, thị trấn Lộc Thắng, Bảo Lâm",KV1,
4797,42,Lâm Đồng,11,Huyện Bảo Lâm,080,THCS & THPT Lộc Bắc - Bảo Lâm,Thôn 1 - Xã Lộc Bảo - Huyện Bảo Lâm - tỉnh Lâm Đồng,KV1,
4798,42,Lâm Đồng,11,Huyện Bảo Lâm,111,Trung tâm GDTX Bảo Lâm,Tổ 8- Thị trấn Lộc Thắng - Bảo Lâm,KV1,
4799,42,Lâm Đồng,11,Huyện Bảo Lâm,114,Trung tâm GDNN-GDTX huyện Bảo Lâm (+),Tổ 8- Thị trấn Lộc Thắng - Bảo Lâm - Lâm Đồng,KV1,
4800,42,Lâm Đồng,11,Huyện Bảo Lâm,194,THPT Lộc An - Bảo Lâm (từ 04/6/2021),Thôn 3 - Xã Lộc An,KV2-NT,
4801,42,Lâm Đồng,11,Huyện Bảo Lâm,215,THCS&THPT Lộc Bắc (từ 30/07/2024),"53 Đào Duy Từ, phường Lộc Phát",KV1,
4802,42,Lâm Đồng,12,Huyện Đam Rông,054,THPT Đạ Tông,Xã Đạ Tông - Đam Rông - Lâm Đồng,KV1,
4803,42,Lâm Đồng,12,Huyện Đam Rông,076,THPT Nguyễn Chí Thanh,Xã Phi Liêng - Đam Rông - Lâm Đồng,KV1,
4804,42,Lâm Đồng,12,Huyện Đam Rông,086,Trung tâm Giáo dục nghề nghiệp huyện Đam Rông,"Số 01, xã Rô Men, huyện Đam Rông",KV1,
4805,42,Lâm Đồng,12,Huyện Đam Rông,094,THPT Phan Đình Phùng - Đam Rông,Thôn Tân Tiến - Xã Đạ Rsal - Đam Rông - Lâm Đồng,KV1,
4806,42,Lâm Đồng,12,Huyện Đam Rông,110,Trung tâm GDTX-KTTH-HN Đam Rông,Huyện Đam Rông,KV1,
4807,42,Lâm Đồng,12,Huyện Đam Rông,122,Trung tâm GDNN-GDTX huyện Đam Rông (+),"Số 01, xã Rô Men, huyện Đam Rông, Lâm Đồng",KV1,
4808,42,Lâm Đồng,12,Huyện Đam Rông,129,THCS&THPT Võ Nguyên Giáp,Liêng S'rônH,KV1,
4809,42,Lâm Đồng,12,Huyện Đam Rông,199,Trung tâm GDNN - GDTX Đam Rông,Xã Rô Men,KV1,
4810,42,Lâm Đồng,13,Đạ Tẻh (từ 04/6/2021 không còn xã ĐBKK),163,THPT Lê Quý Đôn - Đạ Tẻh (từ 04/6/2021),"Thôn Hòa Bình, Xã Mỹ Đức",KV2-NT,
4811,42,Lâm Đồng,13,Đạ Tẻh (từ 04/6/2021 không còn xã ĐBKK),195,THPT Đạ Tẻh,"Đường 30/4, Thị trấn Đạ Tẻh",KV1,
4812,42,Lâm Đồng,13,Đạ Tẻh (từ 04/6/2021 không còn xã ĐBKK),196,PT DTNT THCS&THPT Liên huyện phía Nam tỉnh Lâm Đồng,"Khu phố 5C, Thị trấn Đạ Tẻh",KV1,
4813,42,Lâm Đồng,13,Đạ Tẻh (từ 04/6/2021 không còn xã ĐBKK),197,Trung tâm GDNN-GDTX huyện Đạ Tẻh,"Quang Trung, Thị trấn Đạ Tẻh",KV1,
4814,42,Lâm Đồng,14,Cát Tiên (từ 04/6/2021 không còn xã ĐBKK),164,THPT Cát Tiên (từ 04/6/2021),"Tổ DP 1, Thị trấn Cát Tiên",KV2-NT,
4815,42,Lâm Đồng,14,Cát Tiên (từ 04/6/2021 không còn xã ĐBKK),165,THPT Gia Viễn (từ 04/6/2021),"Thôn Trấn Phú, Xã Gia Viễn",KV2-NT,
4816,42,Lâm Đồng,14,Cát Tiên (từ 04/6/2021 không còn xã ĐBKK),166,Trung tâm GDNN-GDTX huyện Cát Tiên (từ 04/6/2021),"Tổ DP 13, Thị trấn Cát Tiên",KV2-NT,
4817,42,Lâm Đồng,14,Cát Tiên (từ 04/6/2021 không còn xã ĐBKK),198,THPT Quang Trung,"Tổ DP 6, Thị trấn Phước Cát",KV1,
4818,42,Lâm Đồng,15,Huyện Đạ Huoai (từ 01/12/2024),205,THPT Đạm Ri (từ 24/10/2024),"53 Đào Duy Từ, phường Lộc Phát",KV2-NT,
4819,42,Lâm Đồng,15,Huyện Đạ Huoai (từ 01/12/2024),206,THPT Đạ Huoai (từ 24/10/2024),"53 Đào Duy Từ, phường Lộc Phát",KV2-NT,
4820,42,Lâm Đồng,15,Huyện Đạ Huoai (từ 01/12/2024),207,THPT Đạ Tẻh (từ 24/10/2024),"53 Đào Duy Từ, phường Lộc Phát",KV1,
4821,42,Lâm Đồng,15,Huyện Đạ Huoai (từ 01/12/2024),208,THPT Lê Quý Đôn (từ 24/10/2024),"53 Đào Duy Từ, phường Lộc Phát",KV2-NT,
4822,42,Lâm Đồng,15,Huyện Đạ Huoai (từ 01/12/2024),209,PT DTNT THCS&THPT liên huyện phía Nam tỉnh Lâm Đồng (từ 24/10/2024),"53 Đào Duy Từ, phường Lộc Phát",KV1,
4823,42,Lâm Đồng,15,Huyện Đạ Huoai (từ 01/12/2024),210,THPT Quang Trung (từ 24/10/2024),"53 Đào Duy Từ, phường Lộc Phát",KV1,
4824,42,Lâm Đồng,15,Huyện Đạ Huoai (từ 01/12/2024),211,THPT Gia Viễn (từ 24/10/2024),"53 Đào Duy Từ, phường Lộc Phát",KV2-NT,
4825,42,Lâm Đồng,15,Huyện Đạ Huoai (từ 01/12/2024),212,THPT Cát Tiên (từ 24/10/2024),"53 Đào Duy Từ, phường Lộc Phát",KV2-NT,
4826,42,Lâm Đồng,15,Huyện Đạ Huoai (từ 01/12/2024),213,TT GDNN-GDTX huyện Đạ Huoai (từ 24/10/2024),"53 Đào Duy Từ, phường Lộc Phát",KV1,
4827,43,Bình Phước,00,Sở Giáo dục và Đào tạo,800,Học ở nước ngoài_43,,KV3,
4828,43,Bình Phước,00,Sở Giáo dục và Đào tạo,900,"Quân nhân, Công an tại ngũ_43",,KV3,
4829,43,Bình Phước,01,Thành phố Đồng Xoài,001,THPT Đồng Xoài (Trước ngày 04/6/2021),"QL14, P. Tân Bình, Đồng Xoài, Bình Phước",KV1,
4830,43,Bình Phước,01,Thành phố Đồng Xoài,002,THPT Nguyễn Du (Trước ngày 04/6/2021),"P Tân Phú, TX Đồng Xoài, Bình Phước",KV1,
4831,43,Bình Phước,01,Thành phố Đồng Xoài,003,THPT Chuyên Quang Trung (Trước ngày 04/6/2021),"QL14, P Tiến Thành, Đồng Xoài, Bình Phước",KV1,
4832,43,Bình Phước,01,Thành phố Đồng Xoài,004,PTDTNT THPT tỉnh Bình Phước (Trước ngày 04/6/2021),"QL14, P. Tân Bình, TX Đồng Xoài, Bình Phước",KV1,DTNT
4833,43,Bình Phước,01,Thành phố Đồng Xoài,005,THPT Hùng Vương (Trước ngày 04/6/2021),"P. Tân Phú, TX. Đồng Xoài, Bình Phước",KV1,
4834,43,Bình Phước,01,Thành phố Đồng Xoài,006,Trung tâm GDTX tỉnh Bình Phước (Trước ngày 04/6/2021),"P. Tân Phú, TX. Đồng Xoài, Bình Phước",KV1,
4835,43,Bình Phước,01,Thành phố Đồng Xoài,046,THPT Đồng Xoài (Từ ngày 04/6/2021),"QL14, P. Tân Bình, Đồng Xoài, Bình Phước",KV2,
4836,43,Bình Phước,01,Thành phố Đồng Xoài,047,THPT Nguyễn Du (Từ ngày 04/6/2021),"P Tân Phú, TP Đồng Xoài, Bình Phước",KV2,
4837,43,Bình Phước,01,Thành phố Đồng Xoài,048,THPT Chuyên Quang Trung (Từ ngày 04/6/2021),"QL14, P Tiến Thành, Đồng Xoài, Bình Phước",KV2,
4838,43,Bình Phước,01,Thành phố Đồng Xoài,049,PTDTNT THPT tỉnh Bình Phước (Từ ngày 04/6/2021),"P. Tân Bình, TP Đồng Xoài",KV2,
4839,43,Bình Phước,01,Thành phố Đồng Xoài,050,THPT Hùng Vương (Từ ngày 04/6/2021),"P Tân Phú, TP Đồng Xoài, Bình Phước",KV2,
4840,43,Bình Phước,01,Thành phố Đồng Xoài,051,Trung tâm GDTX tỉnh Bình Phước (Từ ngày 04/6/2021),"P Tân Phú, TP Đồng Xoài, Bình Phước",KV2,
4841,43,Bình Phước,01,Thành phố Đồng Xoài,085,Cao đẳng FPT Polytechnic (Từ ngày 04/6/2021),"P Tiến Thành, TP Đồng Xoài",KV2,
4842,43,Bình Phước,01,Thành phố Đồng Xoài,801,Trường THPT - Khu vực 1,,KV1,
4843,43,Bình Phước,01,Thành phố Đồng Xoài,802,Trường THPT - KV2NT,,KV2-NT,
4844,43,Bình Phước,01,Thành phố Đồng Xoài,803,Trường THPT - KV2,,KV2,
4845,43,Bình Phước,01,Thành phố Đồng Xoài,804,Trường THPT - Khu vực 3,,KV3,
4846,43,Bình Phước,02,Huyện Đồng Phú,007,THPT Đồng Phú (Trước ngày 04/6/2021),"Tân Tiến, Đồng Phú, Bình Phước",KV1,
4847,43,Bình Phước,02,Huyện Đồng Phú,008,THCS & THPT Đồng Tiến,"Xã Đồng Tiến, Đồng Phú, Bình Phước",KV1,
4848,43,Bình Phước,02,Huyện Đồng Phú,009,Trung tâm GDNN-GDTX Đồng Phú (Trước ngày 04/6/2021),"TT Tân Phú, Đồng Phú, Bình Phước",KV1,
4849,43,Bình Phước,02,Huyện Đồng Phú,052,THPT Đồng Phú (Từ ngày 04/6/2021),"Tân Tiến, Đồng Phú, Bình Phước",KV2-NT,
4850,43,Bình Phước,02,Huyện Đồng Phú,053,Trung tâm GDNN-GDTX Đồng Phú (Từ ngày 04/6/2021),"TT Tân Phú, Đồng Phú, Bình Phước",KV2-NT,
4851,43,Bình Phước,03,TX Chơn Thành,010,THPT Chơn Thành(Trước ngày 01/10/2022),"TTr. Chơn Thành, Bình Phước",KV2-NT,
4852,43,Bình Phước,03,TX Chơn Thành,011,THPT Chu Văn An (Trước ngày 01/10/2022),"TTr. Chơn Thành, Chơn Thành Bình Phước",KV2-NT,
4853,43,Bình Phước,03,TX Chơn Thành,012,THCS & THPT Nguyễn Bỉnh Khiêm,"Xã Nha Bích, Chơn Thành, Bình Phước",KV1,
4854,43,Bình Phước,03,TX Chơn Thành,013,Trung tâm GDNN&GDTX Chơn Thành (Trước ngày 01/10/2022),"TT Chơn Thành, Chơn Thành, Bình Phước",KV2-NT,
4855,43,Bình Phước,03,TX Chơn Thành,014,Cao đẳng nghề Bình Phước,"Xã Thành Tâm, Chơn Thành, Bình Phước",KV2-NT,
4856,43,Bình Phước,03,TX Chơn Thành,069,THPT Chơn Thành (Từ ngày 01/10/2022),P Hưng Long,KV2,
4857,43,Bình Phước,03,TX Chơn Thành,070,THPT Chu Văn An (Từ ngày 01/10/2022),P Hưng Long,KV2,
4858,43,Bình Phước,03,TX Chơn Thành,071,Trung tâm GDNN-GDTX Chơn Thành(Từ ngày 01/10/2022),P Long Hưng,KV2,
4859,43,Bình Phước,03,TX Chơn Thành,072,THCS&THPT Minh Hưng (Trước ngày 01/10/2022),P Minh Hưng,KV2-NT,
4860,43,Bình Phước,03,TX Chơn Thành,073,THCS&THPT Minh Hưng (Từ ngày 01/10/2022),"P Minh Hưng, TX Chơn Thành",KV2,
4861,43,Bình Phước,04,Thị xã Bình Long,015,THPT Thị xã Bình Long,"P.Hưng Chiến, TX Bình Long, Bình Phước",KV1,
4862,43,Bình Phước,04,Thị xã Bình Long,016,THPT Nguyễn Huệ (Trước ngày 04/6/2021),"P. An Lộc, TX. Bình Long, Bình Phước",KV1,
4863,43,Bình Phước,04,Thị xã Bình Long,017,Trung tâm GDNN&GDTX Bình Long (Trước ngày 04/6/2021),"P. An Lộc, TX. Bình Long, Bình Phước",KV1,
4864,43,Bình Phước,04,Thị xã Bình Long,042,THPT chuyên Bình Long,"P. Hưng Chiến, Thị xã Bình Long, Bình Phước",KV1,
4865,43,Bình Phước,04,Thị xã Bình Long,054,THPT Nguyễn Huệ (Từ ngày 04/6/2021),"P An Lộc, TX Bình Long",KV2,
4866,43,Bình Phước,04,Thị xã Bình Long,055,Trung tâm GDNN&GDTX Bình Long (Từ ngày 04/6/2021),"P An Lộc, TX Bình Long",KV2,
4867,43,Bình Phước,05,Huyện Lộc Ninh,018,THPT Lộc Ninh (Trước ngày 04/6/2021),"TTr. Lộc Ninh, Lộc Ninh, Bình Phước",KV1,
4868,43,Bình Phước,05,Huyện Lộc Ninh,019,THPT Lộc Thái (Trước ngày 04/6/2021),"Xã Lộc Thái, Lộc Ninh, Bình Phước",KV1,
4869,43,Bình Phước,05,Huyện Lộc Ninh,020,THPT Lộc Hiệp (Trước ngày 04/6/2021),"Xã Lộc Hiệp, Lộc Ninh, Bình Phước",KV1,
4870,43,Bình Phước,05,Huyện Lộc Ninh,021,Trung tâm GDNN - GDTX huyện Lộc Ninh (Trước ngày 04/6/2021),"TTr. Lộc Ninh, Lộc Ninh, Bình Phước",KV1,
4871,43,Bình Phước,05,Huyện Lộc Ninh,056,THPT Lộc Ninh (Từ ngày 04/6/2021),"TT Lộc Ninh, Lộc Ninh",KV2-NT,
4872,43,Bình Phước,05,Huyện Lộc Ninh,057,Trung tâm GDNN - GDTX huyện Lộc Ninh (Từ ngày 04/6/2021),"TT Lộc Ninh, Lộc Ninh",KV2-NT,
4873,43,Bình Phước,05,Huyện Lộc Ninh,058,THPT Lộc Thái (Từ ngày 04/6/2021),"Xã Lộc Thái, Lộc Ninh, Bình Phước",KV2-NT,
4874,43,Bình Phước,05,Huyện Lộc Ninh,059,THPT Lộc Hiệp (Từ ngày 04/6/2021),"Xã Lộc Hiệp, Lộc Ninh, Bình Phước",KV2-NT,
4875,43,Bình Phước,06,Huyện Bù Đốp,022,THPT Thanh Hòa (Trước ngày 04/6/2021),"TTr. Thanh Bình, Bù Đốp, Bình Phước",KV1,
4876,43,Bình Phước,06,Huyện Bù Đốp,023,THCS & THPT Tân Tiến,"Xã Tân Tiến, Bù Đốp, Bình Phước",KV1,
4877,43,Bình Phước,06,Huyện Bù Đốp,024,Trung tâm GDNN - GDTX huyện Bù Đốp (Trước ngày 04/6/2021),"TT Thanh Bình, Thanh Hòa, Bù Đốp",KV1,
4878,43,Bình Phước,06,Huyện Bù Đốp,063,THPT Thanh Hòa (Từ ngày 04/6/2021),"TT Thanh Bình, Bù Đốp",KV2-NT,
4879,43,Bình Phước,06,Huyện Bù Đốp,064,Trung tâm GDNN - GDTX huyện Bù Đốp (Từ ngày 04/6/2021),"TT Thanh Bình, Bù Đốp",KV2-NT,
4880,43,Bình Phước,07,Thị xã Phước Long,025,THPT Thị xã Phước Long (Trước ngày 04/6/2021),"P. Long Thủy, TX. Phước Long, Bình Phước",KV1,
4881,43,Bình Phước,07,Thị xã Phước Long,026,THPT Phước Bình (Trước ngày 04/6/2021),"P. Long Phước, TX. Phước Long, Bình Phước",KV1,
4882,43,Bình Phước,07,Thị xã Phước Long,027,Trung tâm GDNN-GDTX Phước Long (Trước ngày 04/6/2021),"P. Long Thủy, TX. Phước Long, Bình Phước",KV1,
4883,43,Bình Phước,07,Thị xã Phước Long,060,THPT Thị xã Phước Long (Từ ngày 04/6/2021),"P Long Thủy, TX Phước Long",KV2,
4884,43,Bình Phước,07,Thị xã Phước Long,061,THPT Phước Bình (Từ ngày 04/6/2021),"P. Long Phước, TX Phước Long",KV2,
4885,43,Bình Phước,07,Thị xã Phước Long,062,Trung tâm GDNN-GDTX Phước Long (Từ ngày 04/6/2021),"P Long Thủy, TX Phước Long",KV2,
4886,43,Bình Phước,08,Huyện Bù Đăng,028,THPT Bù Đăng (Trước ngày 04/6/2021),"TTr. Đức Phong, Bù Đăng, Bình Phước",KV1,
4887,43,Bình Phước,08,Huyện Bù Đăng,029,THPT Lê Quý Đôn,"Xã Đức Liễu, Bù Đăng, Bình Phước",KV1,
4888,43,Bình Phước,08,Huyện Bù Đăng,030,THPT Thống Nhất,"Xã Thống Nhất, Bù Đăng, Bình Phước",KV1,
4889,43,Bình Phước,08,Huyện Bù Đăng,031,THCS & THPT Lương Thế Vinh,"Xã Bom Bo, Bù Đăng, Bình Phước",KV1,
4890,43,Bình Phước,08,Huyện Bù Đăng,032,THCS & THPT Đăng Hà,"Xã Đăng Hà, Bù Đăng, Bù Đốp",KV1,
4891,43,Bình Phước,08,Huyện Bù Đăng,033,Trung tâm GDNN-GDTX Bù Đăng (Trước ngày 04/6/2021),"TT Đức Phong, Bù Đăng, Bình Phước",KV1,
4892,43,Bình Phước,08,Huyện Bù Đăng,065,THPT Bù Đăng (Từ ngày 04/6/2021),"TT Đức Phong, Bù Đăng",KV2-NT,
4893,43,Bình Phước,08,Huyện Bù Đăng,066,Trung tâm GDNN-GDTX Bù Đăng (Từ ngày 04/6/2021),"TT Đức Phong, Bù Đăng",KV2-NT,
4894,43,Bình Phước,08,Huyện Bù Đăng,074,PTDTNT THCS&THPT Điểu Ong (Trước ngày 04/6/2021),TT Đức Phong,KV1,
4895,43,Bình Phước,08,Huyện Bù Đăng,075,PTDTNT THCS&THPT Điểu Ong (Từ ngày 04/6/2021),TT Đức Phong,KV2-NT,
4896,43,Bình Phước,09,Huyện Hớn Quản,034,THPT Nguyễn Hữu Cảnh (Trước ngày 04/6/2021),"TT Tân Khai, Hớn Quản, Bình Phước",KV1,
4897,43,Bình Phước,09,Huyện Hớn Quản,035,THPT Trần Phú,"Xã Tân Hưng, Hớn Quản, Bình Phước",KV1,
4898,43,Bình Phước,09,Huyện Hớn Quản,044,Trung tâm GDNN-GDTX Hớn Quản (Trước ngày 04/6/2021),"TT Tân Khai, Hớn Quản",KV1,
4899,43,Bình Phước,09,Huyện Hớn Quản,067,THPT Nguyễn Hữu Cảnh (Từ ngày 04/6/2021),"TT Tân Khai, Hớn Quản, Bình Phước",KV2-NT,
4900,43,Bình Phước,09,Huyện Hớn Quản,068,Trung tâm GDNN-GDTX Hớn Quản (Từ ngày 04/6/2021),"TT Tân Khai, Hớn Quản, Bình Phước",KV2-NT,
4901,43,Bình Phước,10,Huyện Bù Gia Mập,036,THPT Đắk Ơ,"Xã Đăk Ơ, Bù Gia Mập, Bình Phước",KV1,
4902,43,Bình Phước,10,Huyện Bù Gia Mập,037,THPT Đa Kia,"Xã Đa Kia, Bù Gia Mập Bình Phước",KV1,
4903,43,Bình Phước,10,Huyện Bù Gia Mập,038,THCS & THPT Võ Thị Sáu,"Xã Phú Nghĩa, Bù Gia Mập, Bình Phước",KV1,
4904,43,Bình Phước,10,Huyện Bù Gia Mập,043,PTDTNT THCS & THPT Bù Gia Mập,"Xã Phú Nghĩa, Bù Gia Mập, Bình Phước",KV1,
4905,43,Bình Phước,10,Huyện Bù Gia Mập,045,THCS & THPT Đăk Mai,"Xã Bù Gia Mập, Bù Gia Mập, Bình Phước",KV1,
4906,43,Bình Phước,11,Huyện Phú Riềng,039,THPT Phú Riềng (trước ngày 04/6/2021),"Xã Phú Riềng, Phú Riềng, Bình Phước",KV1,
4907,43,Bình Phước,11,Huyện Phú Riềng,040,THPT Nguyễn Khuyến (trước ngày 04/6/2021),"Xã Bù Nho, Phú Riềng, Bình Phước",KV1,
4908,43,Bình Phước,11,Huyện Phú Riềng,041,THPT Ngô Quyền,"Xã Long Hà, Phú Riềng, Bình Phước",KV1,
4909,43,Bình Phước,11,Huyện Phú Riềng,076,THPT Nguyễn Khuyến (từ ngày 04/6/2021),"Xã Bù Nho, Phú Riềng, Bình Phước",KV2-NT,
4910,43,Bình Phước,11,Huyện Phú Riềng,077,THPT Phú Riềng (từ ngày 04/6/2021),"Xã Phú Riềng, Phú Riềng, Bình Phước",KV2-NT,
4911,44,Bình Dương,00,Sở Giáo dục và Đào tạo,800,Học ở nước ngoài_44,"Tầng 10, Tháp A, TT Hành chính Tỉnh Bình Dương",KV3,
4912,44,Bình Dương,00,Sở Giáo dục và Đào tạo,900,"Quân nhân, Công an tại ngũ_44","Tầng 10, Tháp A, TT Hành chính Tỉnh Bình Dương",KV3,
4913,44,Bình Dương,01,Thành phố Thủ Dầu Một,000,Sở Giáo dục và Đào tạo,"Tầng 10, Tháp A, TT Hành chính Tỉnh Bình Dương",KV2,
4914,44,Bình Dương,01,Thành phố Thủ Dầu Một,001,Trung tâm GDTX tỉnh Bình Dương,"30 Tháng 4, p.Chánh Nghĩa, Thủ Dầu Một- BD",KV2,
4915,44,Bình Dương,01,Thành phố Thủ Dầu Một,002,THPT chuyên Hùng Vương,"Đại lộ Bình Dương, Hiệp Thành, Thủ Dầu Một, BD",KV2,
4916,44,Bình Dương,01,Thành phố Thủ Dầu Một,003,THPT Võ Minh Đức,"30 Tháng 4, Chánh Nghĩa, TDM, BD",KV2,
4917,44,Bình Dương,01,Thành phố Thủ Dầu Một,004,THPT An Mỹ,"phường Phú Mỹ, Thủ Dầu Một, BD",KV2,
4918,44,Bình Dương,01,Thành phố Thủ Dầu Một,005,THPT Nguyễn Đình Chiểu,"ĐL Bình Dương, Hiệp Thành, Thủ Dầu Một, BD",KV2,
4919,44,Bình Dương,01,Thành phố Thủ Dầu Một,006,Trung-Tiểu học PéTrus-Ký,P. Hiệp Thành- Thủ Dầu Một - Bình Dương,KV2,
4920,44,Bình Dương,01,Thành phố Thủ Dầu Một,008,THPT Bình Phú,"P. Định Hòa , Thủ Dầu Một, Bình Dương",KV2,
4921,44,Bình Dương,01,Thành phố Thủ Dầu Một,035,TH-THCS-THPT Ngô Thời Nhiệm,"P. Hòa Phú, TP. Thủ Dầu Một, BD",KV2,
4922,44,Bình Dương,01,Thành phố Thủ Dầu Một,040,TCN tỉnh Bình Dương,"Số 100, đường Hoàng Hoa Thám, Hiệp Thành, TP. Thủ",KV2,
4923,44,Bình Dương,01,Thành phố Thủ Dầu Một,043,TCN Việt Hàn Bình Dương,"Đại lộ Bình Dương, P. Hiệp Thành, TP. Thủ Dầu Một,",KV2,
4924,44,Bình Dương,01,Thành phố Thủ Dầu Một,045,THCS-THPT Nguyễn Khuyến,"P. Hòa Phú , TP.Thủ Dầu Một",KV2,
4925,44,Bình Dương,01,Thành phố Thủ Dầu Một,047,TCN Nghiệp vụ Bình Dương,"K1/A28, Hoàng Hoa Thám, Hiệp Thành, TP. Thủ Dầu Mộ",KV2,
4926,44,Bình Dương,01,Thành phố Thủ Dầu Một,048,TH-THCS-THPT Việt Anh,"Phường Hiệp Thành, TP. Thủ Dầu Một",KV2,
4927,44,Bình Dương,01,Thành phố Thủ Dầu Một,055,Trung cấp Mỹ thuật-Văn hóa Bình Dương,"29 Bạch Đằng, P.Phú Cường, TP Thủ Dầu Một, Bình Dương",KV2,
4928,44,Bình Dương,01,Thành phố Thủ Dầu Một,056,Trung cấp Nông lâm nghiệp Bình Dương,"Phường Định Hòa, TP Thủ Dầu Một, Bình Dương",KV2,
4929,44,Bình Dương,01,Thành phố Thủ Dầu Một,058,Trung cấp Kinh tế - Công nghệ Đông Nam,"508 ĐL Bình Dương, P.Hiệp Thành, TP Thủ Dầu Một, Bình Dương",KV2,
4930,44,Bình Dương,01,Thành phố Thủ Dầu Một,062,Trung cấp Kinh tế Kỹ thuật Bình Dương,"P.Hiệp Thành, TP Thủ Dầu Một, Bình Dương",KV2,
4931,44,Bình Dương,01,Thành phố Thủ Dầu Một,064,Đại học Thủ Dầu Một,"06 Trần Văn Ơn, Phú Hòa, Thủ Dầu Một, Bình Dương",KV2,
4932,44,Bình Dương,01,Thành phố Thủ Dầu Một,067,Đại học Bình Dương,"P. Hiệp Thành, Tp. Thủ Dầu Một, tỉnh Bình Dương",KV2,
4933,44,Bình Dương,01,Thành phố Thủ Dầu Một,070,Trung tâm GDTX-BDNV tỉnh Bình Dương (Từ 18/6/2019),"30 Tháng 4, p.Chánh Nghĩa, Thủ Dầu Một- BD",KV2,
4934,44,Bình Dương,01,Thành phố Thủ Dầu Một,072,Trung cấp Văn hóa Nghệ Thuật và Du lịch Bình Dương (Trước 2012),Tp. Thủ Dầu Một,KV2,
4935,44,Bình Dương,01,Thành phố Thủ Dầu Một,087,TH-THCS-THPT Việt Anh 3,Tp. Thủ Dầu Một,KV2,
4936,44,Bình Dương,01,Thành phố Thủ Dầu Một,088,TH-THCS-THPT Marie Curie,"178 Nguyễn Chí Thanh, Phường Hiệp An, Tp. Thủ Dầu Một",KV2,
4937,44,Bình Dương,01,Thành phố Thủ Dầu Một,801,Trường THPT - Khu vực 1,,KV1,
4938,44,Bình Dương,01,Thành phố Thủ Dầu Một,802,Trường THPT - KV2NT,,KV2-NT,
4939,44,Bình Dương,01,Thành phố Thủ Dầu Một,803,Trường THPT - KV2,,KV2,
4940,44,Bình Dương,01,Thành phố Thủ Dầu Một,804,Trường THPT - Khu vực 3,,KV3,
4941,44,Bình Dương,02,Thị xã Bến Cát,007,TT GDNN-GDTX TX.Bến Cát,"Mỹ Phước , Bến Cát, Bình Dương",KV2,
4942,44,Bình Dương,02,Thị xã Bến Cát,009,THPT Bến Cát,"Mỹ Phước, Bến Cát, Bình Dương",KV2,
4943,44,Bình Dương,02,Thị xã Bến Cát,010,THPT Tây Nam,"Xã Phú An , Bến Cát, Bình Dương",KV2,
4944,44,Bình Dương,02,Thị xã Bến Cát,054,Trung cấp Kinh tế Bình Dương,"Ấp 2, Tân Định, Bến Cát, Bình Dương",KV2,
4945,44,Bình Dương,02,Thị xã Bến Cát,065,THPT Bán công Lê Quý Đôn,"Mỹ Phước, Bến Cát, Bình Dương",KV2,
4946,44,Bình Dương,03,Thị xã Tân Uyên,012,TT GDNN-GDTX TX.Tân Uyên,"P. Uyên Hưng, Tân Uyên, Bình Dương",KV2,
4947,44,Bình Dương,03,Thị xã Tân Uyên,013,THPT Huỳnh Văn Nghệ,"P. Uyên Hưng, Tân Uyên, Bình Dương",KV2,
4948,44,Bình Dương,03,Thị xã Tân Uyên,014,THPT Tân Phước Khánh,"P. Tân Phước Khánh, Tân Uyên , BD",KV2,
4949,44,Bình Dương,03,Thị xã Tân Uyên,015,THPT Thái Hoà,"P. Thái Hoà, Tân Uyên, Bình Dương",KV2,
4950,44,Bình Dương,03,Thị xã Tân Uyên,044,TCN Tân Uyên,"Tân Uyên, Bình Dương",KV2,
4951,44,Bình Dương,04,Thị xã Thuận An,019,TT GDNN-GDTX TX.Thuận An,"P. Lái Thiêu, Thuận An, Bình Dương",KV2,
4952,44,Bình Dương,04,Thị xã Thuận An,020,THPT Trịnh Hoài Đức,"P. An Thạnh, Thuận An, Bình Dương",KV2,
4953,44,Bình Dương,04,Thị xã Thuận An,021,THPT Nguyễn Trãi,"P. Lái Thiêu, Thuận An, Bình Dương",KV2,
4954,44,Bình Dương,04,Thị xã Thuận An,022,THPT Trần Văn Ơn,"P. Thuận Giao, Thuận An, Bình Dương",KV2,
4955,44,Bình Dương,04,Thị xã Thuận An,036,CĐN Việt Nam - Singapore,"Đại lộ Bình Dương, Hoà Lân 2, Thuận Giao, Thuận An",KV2,
4956,44,Bình Dương,04,Thị xã Thuận An,041,TCN KT và NV Công đoàn,"Đường N2, Cụm sản xuất An Thạnh, TX. Thuận An, BD",KV2,
4957,44,Bình Dương,04,Thị xã Thuận An,049,TH-THCS-THPT Đức Trí,"P. Thuận Giao, TX.Thuận An",KV2,
4958,44,Bình Dương,04,Thị xã Thuận An,059,Trung cấp Công nghiệp Bình Dương,"Đường DT 743, KCN Sóng Thần, Bình Hòa, Thuận An, Bình Dương",KV2,
4959,44,Bình Dương,04,Thị xã Thuận An,060,Trung cấp Tài chính Kế Toán Bình Dương,"102, Nguyễn Văn Tiết, Khu phố Đông Tư, Phường Lái Thiêu, TX Thuận An, Bình Dương",KV2,
4960,44,Bình Dương,04,Thị xã Thuận An,068,Đại học Kinh tế Kỹ thuật Bình Dương,"333 Đường Thuận Giao 16, P Thuận Giao, TX Thuận An, Tỉnh Bình Dương",KV2,
4961,44,Bình Dương,05,Thị xã Dĩ An,023,TT GDNN-GDTX TX.Dĩ An,"P. Dĩ An, Dĩ An, Bình Dương",KV2,
4962,44,Bình Dương,05,Thị xã Dĩ An,024,THPT Dĩ An,"P. Dĩ An, Dĩ An, Bình Dương",KV2,
4963,44,Bình Dương,05,Thị xã Dĩ An,025,THPT Nguyễn An Ninh,"P. Dĩ An, Dĩ An, Bình Dương",KV2,
4964,44,Bình Dương,05,Thị xã Dĩ An,026,THPT Bình An,"P. Bình An, Dĩ An, Bình Dương",KV2,
4965,44,Bình Dương,05,Thị xã Dĩ An,037,CĐN Đồng An,"P. Bình Thắng, TX. Dĩ An, BD",KV2,
4966,44,Bình Dương,05,Thị xã Dĩ An,038,CĐN Công nghệ và NL Nam Bộ,"Quốc lộ 1K, ấp Nội Hoá, P. Bình An, TX. Dĩ An, BD",KV2,
4967,44,Bình Dương,05,Thị xã Dĩ An,039,Phân hiệu CĐN Đường sắt phía Nam,"Số 7, đường Lý Thường Kiệt, P. Dĩ An , TX. Dĩ An,",KV2,
4968,44,Bình Dương,05,Thị xã Dĩ An,042,TCN Dĩ An,"TX. Dĩ An, Bình Dương",KV2,
4969,44,Bình Dương,05,Thị xã Dĩ An,046,TCN Khu Công nghiệp,"Đường T, khu trung tâm hành chính Dĩ An, Dĩ An, BD",KV2,
4970,44,Bình Dương,05,Thị xã Dĩ An,050,TH-THCS-THPT Phan Chu Trinh,"P. Dĩ An, TX. Dĩ An",KV2,
4971,44,Bình Dương,05,Thị xã Dĩ An,053,THPT Hoàng Diệu,"P. Dĩ An, TX. Dĩ An, Bình Dương",KV2,
4972,44,Bình Dương,05,Thị xã Dĩ An,061,Trung cấp Bách Khoa Bình Dương,"Trạm khách A11, Đại Lộ độc Lập, khu công nghiệp Sóng Thần, TX Dĩ An, Bình Dương",KV2,
4973,44,Bình Dương,05,Thị xã Dĩ An,069,Tiểu học - THCS - THPT Việt Anh 2,"phố nhị đồng 2, Đường số 13, Dĩ An, Bình Dương",KV2,
4974,44,Bình Dương,05,Thị xã Dĩ An,073,THPT Bán Công Dĩ An (Trước 2005),"Dĩ An, Bình Dương",KV2,
4975,44,Bình Dương,06,Huyện Phú Giáo,027,TT GDNN-GDTX H.Phú Giáo,"TT Phước Vĩnh, Phú Giáo, Bình Dương",KV2-NT,
4976,44,Bình Dương,06,Huyện Phú Giáo,028,THPT Phước Vĩnh,"TT Phước Vĩnh, Phú Giáo, Bình Dương",KV2-NT,
4977,44,Bình Dương,06,Huyện Phú Giáo,029,THPT Nguyễn Huệ,"Xã Tân Hiệp, Phú Giáo, Bình Dương",KV2-NT,
4978,44,Bình Dương,06,Huyện Phú Giáo,030,THPT Tây Sơn,"Xã Tân Long, Phú Giáo, Bình Dương",KV2-NT,
4979,44,Bình Dương,06,Huyện Phú Giáo,051,THPT Phước Hòa,"Ấp 1B, Xã Phước Hòa, H.Phú Giáo",KV2-NT,
4980,44,Bình Dương,06,Huyện Phú Giáo,057,Trung cấp Kỹ thuật Phú Giáo,"Khu phố II, thị trấn Phước Vĩnh, huyện Phú Giáo, Bình Dương",KV2-NT,
4981,44,Bình Dương,06,Huyện Phú Giáo,089,THCS-THPT Nguyễn Huệ,"Xã Tân Hiệp, Huyện Phú Giáo",KV2-NT,
4982,44,Bình Dương,06,Huyện Phú Giáo,090,THCS-THPT Tây Sơn,"Xã Tân Long, Huyện Phú Giáo",KV2-NT,
4983,44,Bình Dương,07,Huyện Dầu Tiếng,031,TT GDNN-GDTX H.Dầu Tiếng,"TT Dầu Tiếng, Dầu Tiếng, Bình Dương",KV2-NT,
4984,44,Bình Dương,07,Huyện Dầu Tiếng,032,THPT Dầu Tiếng,"TT Dầu Tiếng, Dầu Tiếng, Bình Dương",KV2-NT,
4985,44,Bình Dương,07,Huyện Dầu Tiếng,033,THPT Thanh Tuyền,"Xã Thanh Tuyền, Dầu Tiếng, Bình Dương",KV2-NT,
4986,44,Bình Dương,07,Huyện Dầu Tiếng,034,THPT Phan Bội Châu,"Xã Minh Hòa, Dầu Tiếng, Bình Dương",KV2-NT,
4987,44,Bình Dương,07,Huyện Dầu Tiếng,052,THPT Long Hòa,"Xã Long Hòa, H.Dầu Tiếng, Bình Dương",KV2-NT,
4988,44,Bình Dương,07,Huyện Dầu Tiếng,063,THPT Bán công Định Thành,"TT Dầu Tiếng, Dầu Tiếng, Bình Dương",KV2-NT,
4989,44,Bình Dương,07,Huyện Dầu Tiếng,071,THCS-THPT Minh Hòa (Từ 21/6/2019),"Xã Minh Hòa, Dầu Tiếng, Bình Dương",KV2-NT,
4990,44,Bình Dương,08,Huyện Bắc Tân Uyên,016,THPT Tân Bình,"Xã Tân Bình, Bắc Tân Uyên, Bình Dương",KV2-NT,
4991,44,Bình Dương,08,Huyện Bắc Tân Uyên,017,THPT Thường Tân,"Xã Thường Tân, Bắc Tân Uyên, Bình Dương",KV2-NT,
4992,44,Bình Dương,08,Huyện Bắc Tân Uyên,018,THPT Lê Lợi,"Xã Tân Thành, Bắc Tân Uyên, Bình Dương",KV2-NT,
4993,44,Bình Dương,09,Huyện Bàu Bàng,011,THPT Bàu Bàng,"Xã Lai Uyên, Bàu Bàng, Bình Dương",KV2-NT,
4994,44,Bình Dương,09,Huyện Bàu Bàng,066,THPT Lai Uyên,"Xã Lai Uyên, Bàu Bàng, Bình Dương",KV2-NT,
4995,44,Bình Dương,10,Thành phố Thuận An,074,THPT Trịnh Hoài Đức (Từ 01/02/2020),"P. An Thạnh, Tp.Thuận An, Bình Dương",KV2,
4996,44,Bình Dương,10,Thành phố Thuận An,075,THPT Nguyễn Trãi (Từ 01/02/2020),"P. Lái Thiêu, Thuận An, Bình Dương",KV2,
4997,44,Bình Dương,10,Thành phố Thuận An,076,THPT Trần Văn Ơn (Từ 01/02/2020),"P. Thuận Giao, Tp.Thuận An, Bình Dương",KV2,
4998,44,Bình Dương,10,Thành phố Thuận An,077,TH-THCS-THPT Đức Trí (Từ 01/02/2020),"P. Thuận Giao, Tp.Thuận An, Bình Dương",KV2,
4999,44,Bình Dương,10,Thành phố Thuận An,078,TT GDNN-GDTX Tp.Thuận An (Từ 01/02/2020),"P. Lái Thiêu, Tp.Thuận An, Bình Dương",KV2,
5000,44,Bình Dương,10,Thành phố Thuận An,086,THPT Lý Thái Tổ,"P. Thuận Giao, Tp.Thuận An, Bình Dương",KV2,
5001,44,Bình Dương,11,Thành phố Dĩ An,079,THPT Dĩ An (Từ 01/02/2020),"P. Dĩ An, Tp.Dĩ An, Bình Dương",KV2,
5002,44,Bình Dương,11,Thành phố Dĩ An,080,THPT Nguyễn An Ninh (Từ 01/02/2020),"P. Dĩ An, Tp.Dĩ An, Bình Dương",KV2,
5003,44,Bình Dương,11,Thành phố Dĩ An,081,THPT Bình An (Từ 01/02/2020),"P. Bình An, Tp.Dĩ An, Bình Dương",KV2,
5004,44,Bình Dương,11,Thành phố Dĩ An,082,TT GDNN-GDTX Tp.Dĩ An (Từ 01/02/2020),"P. Dĩ An, Tp.Dĩ An, Bình Dương",KV2,
5005,44,Bình Dương,11,Thành phố Dĩ An,083,TH-THCS-THPT Phan Chu Trinh (Từ 01/02/2020),"P. Dĩ An, Tp. Dĩ An, Bình Dương",KV2,
5006,44,Bình Dương,11,Thành phố Dĩ An,084,TH - THCS - THPT Việt Anh 2 (Từ 01/02/2020),"phố nhị đồng 2, Đường số 13, Tp.Dĩ An, Bình Dương",KV2,
5007,44,Bình Dương,11,Thành phố Dĩ An,085,THPT Nguyễn Thị Minh Khai,"Tp. Dĩ An, tỉnh Bình Dương",KV2,
5008,44,Bình Dương,12,Thành phố Tân Uyên,091,TT GDNN-GDTX Tp.Tân Uyên (Từ 31/3/2023),"Thị trấn Uyên Hưng, Tp. Tân Uyên",KV2,
5009,44,Bình Dương,12,Thành phố Tân Uyên,092,THPT Huỳnh Văn Nghệ (Từ 31/3/2023),"Thị trấn Uyên Hưng, Tp. Tân Uyên",KV2,
5010,44,Bình Dương,12,Thành phố Tân Uyên,093,THPT Tân Phước Khánh (Từ 31/3/2023),"Thị Trấn Tân Phước Khánh, Thành phố Tân Uyên",KV2,
5011,44,Bình Dương,12,Thành phố Tân Uyên,094,THPT Thái Hòa (Từ 31/3/2023),"Phường Thái Hòa, Thành phố Tân Uyên",KV2,
5012,44,Bình Dương,13,Thành phố Bến Cát,095,TT GDNN-GDTX Tp.Bến Cát (Từ 01/5/2024),Tp. Bến Cát,KV2,
5013,44,Bình Dương,13,Thành phố Bến Cát,096,THPT Bến Cát (Từ 01/5/2024),Tp. Bến Cát,KV2,
5014,44,Bình Dương,13,Thành phố Bến Cát,097,THPT Tây Nam (Từ 01/5/2024),Tp. Bến Cát,KV2,
5015,45,Ninh Thuận,00,Sở Giáo dục và Đào tạo,800,Học ở nước ngoài_45,,KV3,
5016,45,Ninh Thuận,00,Sở Giáo dục và Đào tạo,900,"Quân nhân, Công an tại ngũ_45",,KV3,
5017,45,Ninh Thuận,01,Thành phố Phan Rang -Tháp Chàm,001,THPT Nguyễn Trãi,"Ph. Kinh Dinh, TP. Phan Rang -Tháp Chàm",KV2,
5018,45,Ninh Thuận,01,Thành phố Phan Rang -Tháp Chàm,005,TTGDTX Ninh Thuận,"Ph. Kinh Dinh, TP. Phan Rang-Tháp Chàm",KV2,
5019,45,Ninh Thuận,01,Thành phố Phan Rang -Tháp Chàm,006,THPT Dân tộc nội trú Ninh Thuận,"Ph. Phủ Hà, TP. Phan Rang-Tháp Chàm",KV2,DTNT
5020,45,Ninh Thuận,01,Thành phố Phan Rang -Tháp Chàm,007,THPT Tháp Chàm,"Ph. Bảo An, TP. Phan Rang-Tháp Chàm",KV2,
5021,45,Ninh Thuận,01,Thành phố Phan Rang -Tháp Chàm,008,THPT iSchool,"Ph. Văn Hải, TP. Phan Rang-Tháp Chàm",KV2,
5022,45,Ninh Thuận,01,Thành phố Phan Rang -Tháp Chàm,009,THPT Chu Văn An,"Ph. Phước Mỹ, TP. Phan Rang-Tháp Chàm",KV2,
5023,45,Ninh Thuận,01,Thành phố Phan Rang -Tháp Chàm,014,TT KTTH-HN Phan Rang,"Ph. Đài Sơn, TP.Phan Rang Tháp Chàm",KV2,
5024,45,Ninh Thuận,01,Thành phố Phan Rang -Tháp Chàm,017,THPT chuyên Lê Quí Đôn,"P.Mỹ Bình, TP. Phan Rang-Tháp Chàm",KV2,
5025,45,Ninh Thuận,01,Thành phố Phan Rang -Tháp Chàm,021,Tr. CĐ nghề Ninh Thuận,"Ph.Mỹ Hải, TP.Phan Rang-Tháp Chàm",KV2,
5026,45,Ninh Thuận,01,Thành phố Phan Rang -Tháp Chàm,027,TT GDTX-HN Ninh Thuận,"Ph. Kinh Dinh, TP. Phan Rang-Tháp Chàm",KV2,
5027,45,Ninh Thuận,01,Thành phố Phan Rang -Tháp Chàm,032,"TH, THCS,THPT Hoa Sen",08 Hoàng Diệu - Khu K1- Ph. Phủ Hà,KV2,
5028,45,Ninh Thuận,01,Thành phố Phan Rang -Tháp Chàm,034,PTDTNT THPT Ninh Thuận (từ30/12/2021),"Phường Phủ Hà, PRTC, Ninh Thuận",KV2,DTNT
5029,45,Ninh Thuận,01,Thành phố Phan Rang -Tháp Chàm,036,THCS&THPT Trần Hưng Đạo,"Ph. Mỹ Hải, TP. Phan Rang Tháp Chàm",KV2,
5030,45,Ninh Thuận,01,Thành phố Phan Rang -Tháp Chàm,037,TT GDTX tỉnh Ninh Thuận (từ 01/03/2025),"Ph. Kinh Dinh, TP. Phan Rang-Tháp Chàm",KV2,
5031,45,Ninh Thuận,01,Thành phố Phan Rang -Tháp Chàm,801,Trường THPT - Khu vực 1,,KV1,
5032,45,Ninh Thuận,01,Thành phố Phan Rang -Tháp Chàm,802,Trường THPT - KV2NT,,KV2-NT,
5033,45,Ninh Thuận,01,Thành phố Phan Rang -Tháp Chàm,803,Trường THPT - KV2,,KV2,
5034,45,Ninh Thuận,01,Thành phố Phan Rang -Tháp Chàm,804,Trường THPT - Khu vực 3,,KV3,
5035,45,Ninh Thuận,02,Huyện Ninh Sơn,002,THPT Nguyễn Du (Trước 04/6/2021),"Xã Quảng Sơn, H. Ninh Sơn",KV1,
5036,45,Ninh Thuận,02,Huyện Ninh Sơn,012,TT GDTX-DN-HN Ninh Sơn,"TTr. Tân Sơn, Ninh Sơn",KV2-NT,
5037,45,Ninh Thuận,02,Huyện Ninh Sơn,013,THPT Trường Chinh,"TTr. Tân Sơn, Ninh Sơn",KV2-NT,
5038,45,Ninh Thuận,02,Huyện Ninh Sơn,019,THPT Lê Duẩn,"Xã Nhơn Sơn, H. Ninh Sơn",KV1,
5039,45,Ninh Thuận,02,Huyện Ninh Sơn,026,TT GDNN-GDTX Ninh Sơn,"TTr. Tân Sơn, Ninh Sơn",KV2-NT,
5040,45,Ninh Thuận,02,Huyện Ninh Sơn,033,THPT Nguyễn Du (Từ 04/6/2021),"Xã Quảng Sơn, H. Ninh Sơn",KV2-NT,
5041,45,Ninh Thuận,03,Huyện Ninh Hải,003,THPT Ninh Hải,"TTr. Khánh Hải, H. Ninh Hải",KV2-NT,
5042,45,Ninh Thuận,03,Huyện Ninh Hải,016,THPT Tôn Đức Thắng,"Xã Tân Hải, H. Ninh Hải",KV2-NT,
5043,45,Ninh Thuận,03,Huyện Ninh Hải,023,THPT Phan Chu Trinh,"Xã Nhơn Hải, H. Ninh Hải",KV2-NT,
5044,45,Ninh Thuận,04,Huyện Ninh Phước,004,THPT An Phước,"TTr. Phước Dân, H. Ninh Phước",KV1,
5045,45,Ninh Thuận,04,Huyện Ninh Phước,010,THPT Nguyễn Huệ,"TTr. Phước Dân, H. Ninh Phước",KV1,
5046,45,Ninh Thuận,04,Huyện Ninh Phước,011,TT GDTX-DN-HN Ninh Phước,"TTr. Phước Dân, Ninh Phước",KV1,
5047,45,Ninh Thuận,04,Huyện Ninh Phước,015,THPT Phạm Văn Đồng,"Xã Phước Hậu, H. Ninh Phước",KV1,
5048,45,Ninh Thuận,04,Huyện Ninh Phước,025,TT GDNN-GDTX Ninh Phước,"TTr. Phước Dân, Ninh Phước",KV1,
5049,45,Ninh Thuận,05,Huyện Bác Ái,018,THPT Bác ái,"Xã Phước Đại, H. Bác ái",KV1,
5050,45,Ninh Thuận,05,Huyện Bác Ái,024,Phổ thông Dân tộc nội trú Pinăng Tắc,"Xã Phước Đại, H. Bác Ái",KV1,DTNT
5051,45,Ninh Thuận,05,Huyện Bác Ái,031,THCS-THPT Bác Ái,"Xã Phước Đại, H. Bác ái",KV1,
5052,45,Ninh Thuận,06,Huyện Thuận Bắc,022,THPT Phan Bội Châu,"Xã Lợi Hải, H. Thuận Bắc",KV1,
5053,45,Ninh Thuận,06,Huyện Thuận Bắc,028,TT GDNN-GDTX Thuận Bắc,Huyện Thuận Bắc,KV1,
5054,45,Ninh Thuận,07,Huyện Thuận Nam,020,THPT Nguyễn Văn Linh,"Xã Phước Minh, H. Thuận Nam",KV1,
5055,45,Ninh Thuận,07,Huyện Thuận Nam,029,THCS-THPT Đặng Chí Thanh,"Xã Cà Ná, Huyện Thuận Nam",KV2-NT,
5056,45,Ninh Thuận,07,Huyện Thuận Nam,030,THCS-THPT Nguyễn Văn Linh (Trước 04/6/2021),"Xã Phước Minh, H. Thuận Nam",KV1,
5057,45,Ninh Thuận,07,Huyện Thuận Nam,035,THCS-THPT Nguyễn Văn Linh (Từ 04/6/2021),"Xã Phước Minh, H. Thuận Nam",KV2-NT,
5058,46,Tây Ninh,00,Sở Giáo dục và Đào tạo,800,Học ở nước ngoài_46,,KV2,
5059,46,Tây Ninh,00,Sở Giáo dục và Đào tạo,900,"Quân nhân, Công an tại ngũ_46",,KV2,
5060,46,Tây Ninh,01,Thành phố Tây Ninh,001,THPT Trần Đại Nghĩa,"Phường 3, Thành phố Tây Ninh",KV2,
5061,46,Tây Ninh,01,Thành phố Tây Ninh,002,THPT Lê Quý Đôn,"Phường 4, Thành phố Tây Ninh",KV2,
5062,46,Tây Ninh,01,Thành phố Tây Ninh,003,THPT chuyên Hoàng Lê Kha,"Phường 3, Thành phố Tây Ninh",KV2,
5063,46,Tây Ninh,01,Thành phố Tây Ninh,004,THPT Nguyễn Bỉnh Khiêm,"Phường 3, Thành phố Tây Ninh",KV2,
5064,46,Tây Ninh,01,Thành phố Tây Ninh,005,THPT Tây Ninh,"Phường 3, Thành phố Tây Ninh",KV2,
5065,46,Tây Ninh,01,Thành phố Tây Ninh,006,Phổ thông dân tộc nội trú Tây Ninh,"KP Ninh Trung, Phường Ninh sơn, Tp Tây Ninh",KV2,DTNT
5066,46,Tây Ninh,01,Thành phố Tây Ninh,007,TTGDTX Thành phố Tây Ninh,"KP 4, Phường 2, Thành phố Tây Ninh",KV2,
5067,46,Tây Ninh,01,Thành phố Tây Ninh,008,TC Tân Bách Khoa,"Số 18 Nguyễn Chí Thanh, Phường 3, Tp. Tây Ninh,",KV2,
5068,46,Tây Ninh,01,Thành phố Tây Ninh,009,TC Y tế Tây Ninh,Đại lộ 30-4 Thành phố Tây Ninh,KV2,
5069,46,Tây Ninh,01,Thành phố Tây Ninh,010,Cao đẳng Nghề Tây Ninh,"Số 19 Võ Thị Sáu, khu phố 3, Phường 3, Tp. TâyNinh",KV2,
5070,46,Tây Ninh,01,Thành phố Tây Ninh,033,TTGDTX Tỉnh Tây Ninh,"Phường 4, Thành phố Tây Ninh",KV2,
5071,46,Tây Ninh,01,Thành phố Tây Ninh,048,TT GDNN-GDTX Thành phố Tây Ninh (trước 19/9/2023),"Khu phố 4, Phường 2, Thành phố Tây Ninh",KV2,
5072,46,Tây Ninh,01,Thành phố Tây Ninh,068,TH-THCS-THPT TTC Tây Ninh (trước 21/01/2021),"Chánh Môn A, KP. 1, P. 4, Tp. Tây Ninh, Tây Ninh",KV2,
5073,46,Tây Ninh,01,Thành phố Tây Ninh,069,TH-THCS-THPT IGC Tây Ninh (từ 21/01/2021),"Chánh Môn A, KP. 1, P. 4, Tp. Tây Ninh, Tây Ninh",KV2,
5074,46,Tây Ninh,01,Thành phố Tây Ninh,072,TT GDNN-GDTX Cụm Thành phố Tây Ninh (từ 19/9/2023),"Số 16, hẻm 30/4, đường 30/4, KP. 4, P. 2, Tp. Tây Ninh",KV2,
5075,46,Tây Ninh,01,Thành phố Tây Ninh,801,Trường THPT - Khu vực 1,,KV1,
5076,46,Tây Ninh,01,Thành phố Tây Ninh,802,Trường THPT - KV2NT,,KV2-NT,
5077,46,Tây Ninh,01,Thành phố Tây Ninh,803,Trường THPT - KV2,,KV2,
5078,46,Tây Ninh,01,Thành phố Tây Ninh,804,Trường THPT - Khu vực 3,,KV3,
5079,46,Tây Ninh,02,Huyện Tân Biên,011,THPT Trần Phú,"Thị trấn Tân Biên, Tây Ninh",KV2-NT,
5080,46,Tây Ninh,02,Huyện Tân Biên,012,THPT Nguyễn An Ninh,"Thị trấn Tân Biên, Tây Ninh",KV2-NT,
5081,46,Tây Ninh,02,Huyện Tân Biên,013,THPT Lương Thế Vinh,"Mỏ Công , Tân Biên, Tây Ninh",KV2-NT,
5082,46,Tây Ninh,02,Huyện Tân Biên,014,TTGDTX Tân Biên,"Thị trấn Tân Biên, Tây Ninh",KV2-NT,
5083,46,Tây Ninh,02,Huyện Tân Biên,049,TT GDNN-GDTX Tân Biên,"Thị trấn Tân Biên, Tân Biên",KV2-NT,
5084,46,Tây Ninh,03,Huyện Tân Châu,015,THPT Tân Châu,"Thị trấn Tân Châu, Tây Ninh",KV2-NT,
5085,46,Tây Ninh,03,Huyện Tân Châu,016,THPT Lê Duẩn,"Thị trấn Tân Châu, Tây Ninh",KV2-NT,
5086,46,Tây Ninh,03,Huyện Tân Châu,017,THPT Tân Hưng (trước 04/6/2021),"Tân Hưng, Tân Châu, Tây Ninh",KV1,
5087,46,Tây Ninh,03,Huyện Tân Châu,018,THPT Tân Đông (trước 01/01/2021),"Tân Đông, Tân Châu, Tây Ninh",KV1,
5088,46,Tây Ninh,03,Huyện Tân Châu,019,TTGDTX Tân Châu,"Thị trấn Tân Châu, Tây Ninh",KV2-NT,
5089,46,Tây Ninh,03,Huyện Tân Châu,050,TT GDNN-GDTX Tân Châu,"Thị trấn Tân Châu, Tân Châu",KV2-NT,
5090,46,Tây Ninh,03,Huyện Tân Châu,070,THPT Tân Hưng (từ 04/6/2021),"Tân Hưng, Tân Châu, Tây Ninh",KV2-NT,
5091,46,Tây Ninh,03,Huyện Tân Châu,074,THPT Tân Đông (từ 01/01/2021),"Xã Tân Đông, huyện Tân Châu, tỉnh tây Ninh",KV2-NT,
5092,46,Tây Ninh,04,Huyện Dương Minh Châu,020,THPT Dương Minh Châu,"Thị trấn Dương Minh Châu, Tây Ninh",KV2-NT,
5093,46,Tây Ninh,04,Huyện Dương Minh Châu,021,THPT Nguyễn Đình Chiểu,"Ấp Phước Hòa, Suối Đá, Dương Minh Châu, Tây Ninh",KV1,
5094,46,Tây Ninh,04,Huyện Dương Minh Châu,022,THPT Nguyễn Thái Bình,"Truông Mít, Dương Minh Châu, Tây Ninh",KV2-NT,
5095,46,Tây Ninh,04,Huyện Dương Minh Châu,023,TTGDTX Dương Minh Châu,"Thị trấn Dương Minh Châu, Tây Ninh",KV2-NT,
5096,46,Tây Ninh,04,Huyện Dương Minh Châu,051,TT GDNN-GDTX Dương Minh Châu,"Thị trấn Dương Minh Châu, Dương Minh Châu",KV2-NT,
5097,46,Tây Ninh,04,Huyện Dương Minh Châu,057,THPT Dương Minh Châu - Cơ sở 2 (từ 12/8/2019 đến 03/6/2021),"Xã Suối Đá, Huyện Dương Minh Châu, Tỉnh Tây Ninh",KV1,
5098,46,Tây Ninh,05,Huyện Châu Thành,024,THPT Hoàng Văn Thụ,"Thị trấn Châu Thành, Tây Ninh",KV2-NT,
5099,46,Tây Ninh,05,Huyện Châu Thành,025,THPT Châu Thành,"Thái Bình, Châu Thành, Tây Ninh",KV2-NT,
5100,46,Tây Ninh,05,Huyện Châu Thành,026,THPT Lê Hồng Phong (trước 01/01/2021),"Hoà Thạnh, Châu Thành, Tây Ninh",KV1,
5101,46,Tây Ninh,05,Huyện Châu Thành,027,TTGDTX Châu Thành,"Thái Bình, Châu Thành, Tây Ninh",KV2-NT,
5102,46,Tây Ninh,05,Huyện Châu Thành,028,TC Kinh tế - Kỹ thuật Tây Ninh,"Thái Bình, Châu Thành, Tây Ninh",KV2-NT,
5103,46,Tây Ninh,05,Huyện Châu Thành,052,TT GDNN-GDTX Châu Thành (trước 19/9/2023),"Thị trấn Châu Thành, Châu Thành",KV2-NT,
5104,46,Tây Ninh,05,Huyện Châu Thành,073,TT GDNN-GDTX Cụm Thành phố Tây Ninh - Cơ sở 3 (từ 19/9/2023),"Ấp Suối Dộp, xã Thái Bình, huyện Châu Thành",KV2-NT,
5105,46,Tây Ninh,05,Huyện Châu Thành,075,THPT Lê Hồng Phong (từ 01/01/2021),"Xã Hòa Thạnh, huyện Châu Thành, tỉnh Tây Ninh",KV2-NT,
5106,46,Tây Ninh,06,Huyện Hòa Thành (trước 01/02/2020),029,THPT Lý Thường Kiệt (trước 01/02/2020),"Thị trấn Hoà Thành, Tây Ninh",KV2-NT,
5107,46,Tây Ninh,06,Huyện Hòa Thành (trước 01/02/2020),030,THPT Nguyễn Chí Thanh (trước 01/02/2020),"Trường Tây, Hoà Thành, Tây Ninh",KV1,
5108,46,Tây Ninh,06,Huyện Hòa Thành (trước 01/02/2020),031,THPT Nguyễn Trung Trực (trước 01/02/2020),"Long Thành Trung, Hoà Thành, Tây Ninh",KV2-NT,
5109,46,Tây Ninh,06,Huyện Hòa Thành (trước 01/02/2020),032,TTGDTX Hoà Thành,"Cửa số 3 , Nội ô Toà Thánh, TT Hòa Thành, Tây Ninh",KV2-NT,
5110,46,Tây Ninh,06,Huyện Hòa Thành (trước 01/02/2020),053,TT GDNN-GDTX Hòa Thành (trước 01/02/2020),"Thị trấn Hòa Thành, Hòa Thành",KV2-NT,
5111,46,Tây Ninh,07,Huyện Bến Cầu,034,THPT Nguyễn Huệ,"Thị trấn Bến Cầu, Tây Ninh",KV2-NT,
5112,46,Tây Ninh,07,Huyện Bến Cầu,035,THPT Huỳnh Thúc Kháng,"Long Giang, Bến Cầu, Tây Ninh",KV2-NT,
5113,46,Tây Ninh,07,Huyện Bến Cầu,036,TTGDTX Bến Cầu,"Lợi Thuận, Bến Cầu, Tây Ninh",KV1,
5114,46,Tây Ninh,07,Huyện Bến Cầu,054,TT GDNN-GDTX Bến Cầu (trước 01/01/2021),"Lợi Thuận, Bến Cầu",KV1,
5115,46,Tây Ninh,07,Huyện Bến Cầu,077,TT GDNN-GDTX Bến Cầu (từ 01/01/2021),"Xã Lợi Thuận, huyện Bến Cầu, tỉnh Tây Ninh",KV2-NT,
5116,46,Tây Ninh,08,Huyện Gò Dầu,037,THPT Quang Trung,"Thị trấn Gò Dầu, Tây Ninh",KV2-NT,
5117,46,Tây Ninh,08,Huyện Gò Dầu,038,THPT Nguyễn Văn Trỗi,"Bàu Đồn, Gò Dầu, Tây Ninh",KV2-NT,
5118,46,Tây Ninh,08,Huyện Gò Dầu,039,THPT Trần Quốc Đại,"Thị trấn Gò Dầu, Tây Ninh",KV2-NT,
5119,46,Tây Ninh,08,Huyện Gò Dầu,040,THPT Ngô Gia Tự,"Thạnh Đức, Gò Dầu, Tây Ninh",KV2-NT,
5120,46,Tây Ninh,08,Huyện Gò Dầu,041,TTGDTX Gò Dầu,"Thị trấn Gò Dầu, Tây Ninh",KV2-NT,
5121,46,Tây Ninh,08,Huyện Gò Dầu,055,TT GDNN-GDTX Gò Dầu,"Thị trấn Gò Dầu, Gò Dầu",KV2-NT,
5122,46,Tây Ninh,09,Huyện Trảng Bàng (trước 01/02/2020),042,THPT Nguyễn Trãi (trước 01/02/2020),"Thị trấn Trảng Bàng, Tây Ninh",KV2-NT,
5123,46,Tây Ninh,09,Huyện Trảng Bàng (trước 01/02/2020),043,THPT Trảng Bàng (trước 01/02/2020),"Thị trấn Trảng Bàng, Tây Ninh",KV2-NT,
5124,46,Tây Ninh,09,Huyện Trảng Bàng (trước 01/02/2020),044,THPT Lộc Hưng (trước 01/02/2020),"Lộc Hưng, Trảng Bàng, Tây Ninh",KV2-NT,
5125,46,Tây Ninh,09,Huyện Trảng Bàng (trước 01/02/2020),045,THPT Bình Thạnh (trước 01/02/2020),"Bình Thạnh, Trảng Bàng, Tây Ninh",KV1,
5126,46,Tây Ninh,09,Huyện Trảng Bàng (trước 01/02/2020),046,TTGDTX Trảng Bàng,"Thị trấn Trảng Bàng, Tây Ninh",KV2-NT,
5127,46,Tây Ninh,09,Huyện Trảng Bàng (trước 01/02/2020),047,TC nghề khu vực Nam Tây Ninh (trước 01/02/2020),"Gia Lộc, Trảng Bàng, Tây Ninh",KV2-NT,
5128,46,Tây Ninh,09,Huyện Trảng Bàng (trước 01/02/2020),056,TT GDNN-GDTX Trảng Bàng (trước 01/02/2020),"Thị trấn Trảng Bàng, Trảng Bàng",KV2-NT,
5129,46,Tây Ninh,10,Thị xã Hòa Thành (từ 01/02/2020),058,THPT Lý Thường Kiệt (từ 01/02/2020),"Phường Long Hoa, Thị xã Hòa Thành, Tỉnh Tây Ninh",KV2,
5130,46,Tây Ninh,10,Thị xã Hòa Thành (từ 01/02/2020),059,THPT Nguyễn Chí Thanh (từ 01/02/2020 đến trước 04/6/2021),"Xã Trường Tây, Thị xã Hòa Thành, Tỉnh Tây Ninh",KV1,
5131,46,Tây Ninh,10,Thị xã Hòa Thành (từ 01/02/2020),060,THPT Nguyễn Trung Trực (từ 01/02/2020),"Phường Long Thành Trung, Thị xã Hòa Thành, Tỉnh Tây Ninh",KV2,
5132,46,Tây Ninh,10,Thị xã Hòa Thành (từ 01/02/2020),061,TT GDNN-GDTX Hòa Thành (từ 01/02/2020 đến trước 19/9/2023),"Phường Long Hoa, Thị xã Hòa Thành, Tỉnh Tây Ninh",KV2,
5133,46,Tây Ninh,10,Thị xã Hòa Thành (từ 01/02/2020),071,THPT Nguyễn Chí Thanh (từ 04/6/2021),"Xã Trường Tây, Thị xã Hòa Thành, Tỉnh Tây Ninh",KV2,
5134,46,Tây Ninh,11,Thị xã Trảng Bàng (từ 01/02/2020),062,THPT Nguyễn Trãi (từ 01/02/2020),"Phường Trảng Bàng, Thị xã Trảng Bàng, Tỉnh Tây Ninh",KV2,
5135,46,Tây Ninh,11,Thị xã Trảng Bàng (từ 01/02/2020),063,THPT Trảng Bàng (từ 01/02/2020),"Phường Trảng Bàng, Thị xã Trảng Bàng, Tỉnh Tây Ninh",KV2,
5136,46,Tây Ninh,11,Thị xã Trảng Bàng (từ 01/02/2020),064,THPT Lộc Hưng (từ 01/02/2020),"Phường Lộc Hưng, Thị xã Trảng Bàng, Tỉnh Tây Ninh",KV2,
5137,46,Tây Ninh,11,Thị xã Trảng Bàng (từ 01/02/2020),065,THPT Bình Thạnh (trước 01/01/2021),"Xã Phước Bình, Thị xã Trảng Bàng, Tỉnh Tây Ninh",KV1,
5138,46,Tây Ninh,11,Thị xã Trảng Bàng (từ 01/02/2020),066,TC nghề khu vực Nam Tây Ninh (từ 01/02/2020),"Phường Gia Lộc, Thị xã Trảng Bàng, Tỉnh Tây Ninh",KV2,
5139,46,Tây Ninh,11,Thị xã Trảng Bàng (từ 01/02/2020),067,TT GDNN-GDTX Thị xã Trảng Bàng (từ 01/02/2020),"Phường Trảng Bàng, Thị xã Trảng Bàng, Tỉnh Tây Ninh",KV2,
5140,46,Tây Ninh,11,Thị xã Trảng Bàng (từ 01/02/2020),076,THPT Bình Thạnh (từ 01/01/2021),"Xã Phước Bình, thị xã Trảng Bàng, tỉnh Tây Ninh",KV2,
5141,47,Bình Thuận,00,Sở Giáo dục và Đào tạo,800,Học ở nước ngoài_47,,KV3,
5142,47,Bình Thuận,00,Sở Giáo dục và Đào tạo,900,"Quân nhân, Công an tại ngũ_47",,KV3,
5143,47,Bình Thuận,01,Thành phố Phan Thiết,001,THPT Phan Bội Châu,Ph. Phú Thuỷ - Tp. Phan Thiết,KV2,
5144,47,Bình Thuận,01,Thành phố Phan Thiết,012,THPT Phan Chu Trinh,Ph. Phú Thuỷ - Tp. Phan Thiết,KV2,
5145,47,Bình Thuận,01,Thành phố Phan Thiết,013,THPT Chuyên Trần Hưng Đạo,Ph. Phú Thuỷ - Tp. Phan Thiết,KV2,
5146,47,Bình Thuận,01,Thành phố Phan Thiết,017,THCS&THPT Lê Lợi,Ph. Phú Trinh - Tp. Phan Thiết,KV2,
5147,47,Bình Thuận,01,Thành phố Phan Thiết,022,TH Bổ túc Phan Bội Châu,Ph. Phú Thuỷ - Tp. Phan Thiết,KV2,
5148,47,Bình Thuận,01,Thành phố Phan Thiết,032,THPT Bùi Thị Xuân,Ph. Mũi Né - Tp. Phan Thiết,KV2,
5149,47,Bình Thuận,01,Thành phố Phan Thiết,034,Trường TC Nghề Kinh tế - Kỹ thuật CĐ Bình Thuận,"417 Trần Hưng Đạo, Ph. Bình Hưng, Tp. Phan Thiết",KV2,
5150,47,Bình Thuận,01,Thành phố Phan Thiết,035,CĐ Nghề Bình Thuận,"Đường Trường Chinh, Ph. Phú Tài, Tp. Phan Thiết",KV2,
5151,47,Bình Thuận,01,Thành phố Phan Thiết,036,THPT Phan Thiết,"251 Trần Hưng Đạo, Ph. Bình Hưng, Tp. Phan Thiết",KV2,
5152,47,Bình Thuận,01,Thành phố Phan Thiết,037,"TH, THCS và THPT Lê Quý Đôn","19 Nguyễn Tất Thành, Ph. Bình Hưng, Tp. Phan Thiết",KV2,
5153,47,Bình Thuận,01,Thành phố Phan Thiết,038,"TH, THCS, THPT Châu A' Thái Bình Dương","79 Từ Văn Tư, Ph. Phú Trinh, Tp. Phan Thiết",KV2,
5154,47,Bình Thuận,01,Thành phố Phan Thiết,040,Trường TC Du lịch Mũi Né,"268 Nguyễn Thông, Ph. Phú Hài, Tp. Phan Thiết",KV2,
5155,47,Bình Thuận,01,Thành phố Phan Thiết,041,CĐ Cộng đồng Bình Thuận,"205 Lê Lợi, Ph. Hưng Long, Tp. Phan Thiết",KV2,
5156,47,Bình Thuận,01,Thành phố Phan Thiết,042,CĐ Y tế Bình Thuận,"274 Nguyễn Hội, Ph. Xuân An, Tp. Phan Thiết",KV2,
5157,47,Bình Thuận,01,Thành phố Phan Thiết,043,Trường Đại học Phan Thiết,"268 Nguyễn Thông, Phường Phú Hài, Tp. Phan Thiết",KV2,
5158,47,Bình Thuận,01,Thành phố Phan Thiết,044,TT GDTX Tỉnh Bình Thuận,"188 Trần Hưng Đạo, P. Bình Hưng, Tp. Phan Thiết, Bình Thuận",KV2,
5159,47,Bình Thuận,01,Thành phố Phan Thiết,801,Trường THPT - Khu vực 1,,KV1,
5160,47,Bình Thuận,01,Thành phố Phan Thiết,802,Trường THPT - KV2NT,,KV2-NT,
5161,47,Bình Thuận,01,Thành phố Phan Thiết,803,Trường THPT - KV2,,KV2,
5162,47,Bình Thuận,01,Thành phố Phan Thiết,804,Trường THPT - Khu vực 3,,KV3,
5163,47,Bình Thuận,02,Huyện Tuy Phong,002,THPT Tuy Phong,TTr. Liên Hương - Tuy Phong,KV2-NT,
5164,47,Bình Thuận,02,Huyện Tuy Phong,009,THPT Hòa Đa,TTr. Phan Rí Cửa - Tuy Phong,KV2-NT,
5165,47,Bình Thuận,02,Huyện Tuy Phong,020,THPT Lê Quý Đôn,TTr. Phan Rí Cửa - Tuy Phong,KV2-NT,
5166,47,Bình Thuận,02,Huyện Tuy Phong,021,THPT Nguyễn Khuyến,TTr. Liên Hương - Tuy Phong,KV2-NT,
5167,47,Bình Thuận,03,Huyện Bắc Bình,003,THPT Bắc Bình (Trước 04/06/2021),TTr. Chợ Lầu - Bắc Bình,KV1,
5168,47,Bình Thuận,03,Huyện Bắc Bình,015,THPT Nguyễn Thị Minh Khai (Trước 04/06/2021),TTr. Lương Sơn - Bắc Bình,KV1,
5169,47,Bình Thuận,03,Huyện Bắc Bình,027,TT GDTX-HN Bắc Bình,TTr. Chợ Lầu - Bắc Bình,KV1,
5170,47,Bình Thuận,03,Huyện Bắc Bình,045,Trung tâm GDNN-GDTX huyện Bắc Bình (Trước 04/06/2021),"Thị trấn Chợ Lầu, Huyện Bắc Bình, Tỉnh Bình Thuận",KV1,
5171,47,Bình Thuận,03,Huyện Bắc Bình,049,THPT Bắc Bình (Từ 04/06/2021),TTr. Chợ Lầu - Bắc Bình,KV2-NT,
5172,47,Bình Thuận,03,Huyện Bắc Bình,050,THPT Nguyễn Thị Minh Khai (Từ 04/06/2021),TTr. Lương Sơn - Bắc Bình,KV2-NT,
5173,47,Bình Thuận,03,Huyện Bắc Bình,051,Trung tâm GDNN-GDTX huyện Bắc Bình (Từ 04/06/2021),TTr. Chợ Lầu - Bắc Bình,KV2-NT,
5174,47,Bình Thuận,04,Huyện Hàm Thuận Bắc,004,THPT Hàm Thuận Bắc,TTr. Ma Lâm - Hàm Thuận Bắc,KV2-NT,
5175,47,Bình Thuận,04,Huyện Hàm Thuận Bắc,010,THPT Dân tộc nội trú Tỉnh,Xã Hàm Thắng - Hàm Thuận Bắc,KV2-NT,DTNT
5176,47,Bình Thuận,04,Huyện Hàm Thuận Bắc,031,THPT Nguyễn Văn Linh,Xã Hàm Đức - Hàm Thuận bắc,KV2-NT,
5177,47,Bình Thuận,05,Huyện Hàm Thuận Nam,005,THPT Hàm Thuận Nam (Trước 04/06/2021),TTr. Thuận Nam - Hàm Thuận Nam,KV1,
5178,47,Bình Thuận,05,Huyện Hàm Thuận Nam,030,THPT Lương Thế Vinh,Xã Hàm Kiệm - Hàm Thuận Nam,KV2-NT,
5179,47,Bình Thuận,05,Huyện Hàm Thuận Nam,052,THPT Hàm Thuận Nam (Từ 04/06/2021),TTr. Thuận Nam - Hàm Thuận Nam,KV2-NT,
5180,47,Bình Thuận,06,Huyện Hàm Tân,014,THPT Đức Tân (Trước 04/06/2021),TTr. Tân Minh - Hàm Tân,KV1,
5181,47,Bình Thuận,06,Huyện Hàm Tân,033,THPT Hàm Tân (Trước 04/06/2021),TTr. Tân Nghĩa - Hàm Tân,KV1,
5182,47,Bình Thuận,06,Huyện Hàm Tân,039,THPT Huỳnh Thúc Kháng,"Xã Tân Thắng, huyện Hàm Tân",KV1,
5183,47,Bình Thuận,06,Huyện Hàm Tân,053,THPT Đức Tân (Từ 04/06/2021),TTr. Tân Minh - Hàm Tân,KV2-NT,
5184,47,Bình Thuận,06,Huyện Hàm Tân,054,THPT Hàm Tân (Từ 04/06/2021),TTr. Tân Nghĩa - Hàm Tân,KV2-NT,
5185,47,Bình Thuận,07,Huyện Đức Linh (Trước 04/06/2021),007,THPT Đức Linh (Trước 04/06/2021),TTr. Võ Xu - Đức Linh,KV1,
5186,47,Bình Thuận,07,Huyện Đức Linh (Trước 04/06/2021),016,THPT Chu Văn An,TTr. Võ Xu - Đức Linh,KV1,
5187,47,Bình Thuận,07,Huyện Đức Linh (Trước 04/06/2021),019,THPT Hùng Vương (Trước 04/06/2021),TTr. Đức Tài - Đức Linh,KV1,
5188,47,Bình Thuận,07,Huyện Đức Linh (Trước 04/06/2021),023,TT GDTX-HN Đức Linh,TTr. Đức Tài - Đức Linh,KV1,
5189,47,Bình Thuận,07,Huyện Đức Linh (Trước 04/06/2021),025,THPT Quang Trung (Trước 04/06/2021),Xã Mê Pu - Đức Linh,KV1,
5190,47,Bình Thuận,07,Huyện Đức Linh (Trước 04/06/2021),046,Trung tâm GDNN-GDTX huyện Đức Linh (Trước 04/06/2021),"Xã Nam Chính, Huyện Đức Linh, Tỉnh Bình Thuận",KV1,
5191,47,Bình Thuận,08,Huyện Tánh Linh,008,THPT Tánh Linh,TTr. Lạc Tánh - Tánh Linh,KV1,
5192,47,Bình Thuận,08,Huyện Tánh Linh,026,THPT Nguyễn Văn Trỗi (Trước 04/06/2021),Xã Bắc Ruộng - Tánh Linh,KV1,
5193,47,Bình Thuận,08,Huyện Tánh Linh,028,TT GDTX-HN Tánh Linh,TTr. Lạc Tánh - Tánh Linh,KV1,
5194,47,Bình Thuận,08,Huyện Tánh Linh,047,Trung tâm GDNN-GDTX huyện Tánh Linh,"236 Trần Hưng Đạo, Thị trấn Lạc Tánh, huyện Tánh Linh, Tỉnh Bình Thuận",KV1,
5195,47,Bình Thuận,08,Huyện Tánh Linh,059,THPT Nguyễn Văn Trỗi (Từ 04/06/2021),Xã Bắc Ruộng - Tánh Linh,KV2-NT,
5196,47,Bình Thuận,09,Huyện đảo Phú Quý (Trước 15/03/2022),018,THPT Ngô Quyền (Trước 15/03/2022),H. Đảo Phú Quý,KV1,
5197,47,Bình Thuận,10,Thị xã La Gi,006,THPT Lý Thường Kiệt,Ph. Tân An - Thị xã La Gi,KV2,
5198,47,Bình Thuận,10,Thị xã La Gi,011,THPT Nguyễn Huệ,Ph. Tân An - Thị xã La Gi,KV2,
5199,47,Bình Thuận,10,Thị xã La Gi,024,TT GDTX-HN La Gi,Ph. Tân An - Thị xã La Gi,KV2,
5200,47,Bình Thuận,10,Thị xã La Gi,029,THPT Nguyễn Trường Tộ,Xã Tân Hải - Thị xã La Gi,KV2,
5201,47,Bình Thuận,10,Thị xã La Gi,048,Trung tâm GDNN-GDTX thị xã La Gi,"261 Ngô Quyền, Phường Tân An, Thị xã La Gi, Tỉnh Bình Thuận",KV2,
5202,47,Bình Thuận,11,Huyện Đức Linh (Từ 04/06/2021),055,THPT Đức Linh (Từ 04/06/2021),TTr. Võ Xu - Đức Linh,KV2-NT,
5203,47,Bình Thuận,11,Huyện Đức Linh (Từ 04/06/2021),056,THPT Hùng Vương (Từ 04/06/2021),TTr. Đức Tài - Đức Linh,KV2-NT,
5204,47,Bình Thuận,11,Huyện Đức Linh (Từ 04/06/2021),057,THPT Quang Trung (Từ 04/06/2021),Xã Pê Mu - Đức Linh,KV2-NT,
5205,47,Bình Thuận,11,Huyện Đức Linh (Từ 04/06/2021),058,Trung tâm GDNN-GDTX huyện Đức Linh (Từ 04/06/2021),Xã Nam Chính - Đức Linh,KV2-NT,
5206,47,Bình Thuận,12,Huyện đảo Phú Quý (Từ 15/03/2022),060,THPT Ngô Quyền (Từ 15/03/2022),H. Đảo Phú Quý,KV2-NT,
5207,48,Đồng Nai,00,Sở Giáo dục và Đào tạo,800,Học ở nước ngoài_48,,KV3,
5208,48,Đồng Nai,00,Sở Giáo dục và Đào tạo,900,"Quân nhân, Công an tại ngũ_48",,KV3,
5209,48,Đồng Nai,01,Thành phố Biên Hòa,000,Sở GD&ĐT,"P. Trung Dũng, TP.Biên Hòa",KV2,
5210,48,Đồng Nai,01,Thành phố Biên Hòa,001,THPT Chuyên Lương Thế Vinh,"P.Tân Hiệp, TP.Biên Hòa",KV2,
5211,48,Đồng Nai,01,Thành phố Biên Hòa,002,Bổ Túc Văn Hóa Tỉnh,"P. Quyết Thắng, TP.Biên Hòa",KV2,
5212,48,Đồng Nai,01,Thành phố Biên Hòa,003,THPT Ngô Quyền,"P.Trung Dũng, TP.Biên Hòa",KV2,
5213,48,Đồng Nai,01,Thành phố Biên Hòa,004,THPT Nam Hà,"P Hiệp Hòa, TP.Biên Hòa",KV2,
5214,48,Đồng Nai,01,Thành phố Biên Hòa,005,THPT Tam Hiệp,"P. Tam Hiệp, TP.Biên Hòa",KV2,
5215,48,Đồng Nai,01,Thành phố Biên Hòa,006,THPT Nguyễn Trãi,"Ph. Tân Biên, TP.Biên Hòa",KV2,
5216,48,Đồng Nai,01,Thành phố Biên Hòa,007,THPT Lê Hồng Phong,"Ph. Hố Nai I, TP.Biên Hòa",KV2,
5217,48,Đồng Nai,01,Thành phố Biên Hòa,008,THPT Chu Văn An,"P. Hóa An, TP.Biên Hòa",KV2,
5218,48,Đồng Nai,01,Thành phố Biên Hòa,040,THPT Tam Phước,"P.Tam Phước, TP.Biên Hòa",KV2,
5219,48,Đồng Nai,01,Thành phố Biên Hòa,041,THPT Nguyễn Khuyến,Ph. Thống Nhất TP.Biên Hòa,KV2,
5220,48,Đồng Nai,01,Thành phố Biên Hòa,042,THPT Đức Trí,Ph. Tân Hiệp TP.Biên Hòa,KV2,
5221,48,Đồng Nai,01,Thành phố Biên Hòa,043,THPT Nguyễn Hữu Cảnh,P.Long Bình Tân TP.Biên Hòa,KV2,
5222,48,Đồng Nai,01,Thành phố Biên Hòa,044,THPT Lê Quý Đôn,Ph. Tân Mai TP.Biên Hòa,KV2,
5223,48,Đồng Nai,01,Thành phố Biên Hòa,047,THPT Bùi Thị Xuân,Ph. Tân Tiến TP.Biên Hòa,KV2,
5224,48,Đồng Nai,01,Thành phố Biên Hòa,049,TT GDNN-GDTX Biên Hòa,P.Trung Dũng TP.Biên Hòa,KV2,
5225,48,Đồng Nai,01,Thành phố Biên Hòa,053,THPT Trấn Biên,"P. Bình Đa, TP.Biên Hòa",KV2,
5226,48,Đồng Nai,01,Thành phố Biên Hòa,067,THPT Đinh Tiên Hoàng,"P.Tân Hiệp, TP.Biên Hòa",KV2,
5227,48,Đồng Nai,01,Thành phố Biên Hòa,069,PT Năng Khiếu Thể Thao,"P.Tân Phong, TP.Biên Hòa",KV2,
5228,48,Đồng Nai,01,Thành phố Biên Hòa,070,CĐ nghề Đồng Nai,"P.Thống Nhất, TP.Biên Hòa",KV2,
5229,48,Đồng Nai,01,Thành phố Biên Hòa,071,CĐ nghề Miền Đông Nam Bộ,"P. Long Bình Tân, TP.Biên Hòa",KV2,
5230,48,Đồng Nai,01,Thành phố Biên Hòa,074,TC nghề GTVT Đồng Nai,"P.Bửu Long, TP.Biên Hòa",KV2,
5231,48,Đồng Nai,01,Thành phố Biên Hòa,075,TC nghề 26/3,"P.Hố Nai, TP.Biên Hòa",KV2,
5232,48,Đồng Nai,01,Thành phố Biên Hòa,076,TC nghề Kinh tế - Kỹ thuật số 2,"P.Tam Hiệp, TP.Biên Hòa",KV2,
5233,48,Đồng Nai,01,Thành phố Biên Hòa,077,TC nghề Đinh Tiên Hoàng,"P.Tân Hiệp, TP.Biên Hòa",KV2,
5234,48,Đồng Nai,01,Thành phố Biên Hòa,083,TH-THCS-THPT Tân Hòa,"P.Tân Hòa, TP.Biên Hòa",KV2,
5235,48,Đồng Nai,01,Thành phố Biên Hòa,088,TH-THCS-THPT Song Ngữ Lạc Hồng,"P. Bửu Long, TP.Biên Hòa",KV2,
5236,48,Đồng Nai,01,Thành phố Biên Hòa,089,TH-THCS-THPT Nguyễn Văn Trỗi,"P. Long Bình Tân, TP.Biên Hòa",KV2,
5237,48,Đồng Nai,01,Thành phố Biên Hòa,090,TH-THCS-THPT Thái Bình Dương,"P. Quyết Thắng, TP.Biên Hòa",KV2,
5238,48,Đồng Nai,01,Thành phố Biên Hòa,093,ĐH Đồng Nai,"P.Tân Hiệp, TP.Biên Hòa",KV2,
5239,48,Đồng Nai,01,Thành phố Biên Hòa,095,TC Miền Đông,"P.Hòa Bình, TP.Biên Hòa",KV2,
5240,48,Đồng Nai,01,Thành phố Biên Hòa,098,TT KTTH Hướng nghiệp Đồng Nai,"P.Quang Vinh, TP.Biên Hòa",KV2,
5241,48,Đồng Nai,01,Thành phố Biên Hòa,099,TT GDTX Tỉnh,"D10, Thống Nhất, TP. Biên Hòa",KV2,
5242,48,Đồng Nai,01,Thành phố Biên Hòa,101,Cao Đẳng Nghề Số 8,"P. Long Bình Tân, TP.Biên Hòa",KV2,
5243,48,Đồng Nai,01,Thành phố Biên Hòa,102,Phổ thông Thực hành Sư phạm,"kp2, Bình Đa, Biên Hòa",KV2,
5244,48,Đồng Nai,01,Thành phố Biên Hòa,202,CĐ kỹ thuật Đồng Nai,"P.Thống Nhất, TP.Biên Hòa",KV2,
5245,48,Đồng Nai,01,Thành phố Biên Hòa,207,TC Kinh tế - Kỹ thuật số 2,"P. Tân Mai, TP. Biên Hòa",KV2,
5246,48,Đồng Nai,01,Thành phố Biên Hòa,208,TH-THCS-THPT Bùi Thị Xuân,"P. Tân Mai, TP.Biên Hòa",KV2,
5247,48,Đồng Nai,01,Thành phố Biên Hòa,210,TH-THCS-THPT Đức Trí,Ph. Tân Hiệp TP.Biên Hòa,KV2,
5248,48,Đồng Nai,01,Thành phố Biên Hòa,211,TH-THCS-THPT Lê Quý Đôn- Quyết Thắng,"154/20, Kp1, Hưng Đạo Vương, P Trung Dũng",KV2,
5249,48,Đồng Nai,01,Thành phố Biên Hòa,213,TH-THCS-THPT Đinh Tiên Hoàng,"P.Tân Hiệp, TP.Biên Hòa",KV2,
5250,48,Đồng Nai,01,Thành phố Biên Hòa,214,THPT Lê Quý Đôn-Long Bình Tân,"Số 1, Đường 6A, KCN Biên Hòa 2, P.Long Bình Tân, TP Biên Hòa, Đồng Nai",KV2,
5251,48,Đồng Nai,01,Thành phố Biên Hòa,414,TH-THCS-THPT Song ngữ Á Châu,P.Trung Dũng TP.Biên Hòa,KV2,
5252,48,Đồng Nai,01,Thành phố Biên Hòa,801,Trường THPT - Khu vực 1,,KV1,
5253,48,Đồng Nai,01,Thành phố Biên Hòa,802,Trường THPT - KV2NT,,KV2-NT,
5254,48,Đồng Nai,01,Thành phố Biên Hòa,803,Trường THPT - KV2,,KV2,
5255,48,Đồng Nai,01,Thành phố Biên Hòa,804,Trường THPT - Khu vực 3,,KV3,
5256,48,Đồng Nai,02,Huyện Vĩnh Cửu,035,THPT Vĩnh Cửu,Xã Thạnh Phú H.Vĩnh Cửu,KV2-NT,
5257,48,Đồng Nai,02,Huyện Vĩnh Cửu,036,THPT Trị An (Trước 04/6/2021),TTr. Vĩnh An H.Vĩnh Cửu,KV1,
5258,48,Đồng Nai,02,Huyện Vĩnh Cửu,039,TT GDNN-GDTX Vĩnh Cửu (Trước 04/6/2021),TTr. Vĩnh An H.Vĩnh Cửu,KV1,
5259,48,Đồng Nai,02,Huyện Vĩnh Cửu,061,THCS-THPT Huỳnh Văn nghệ (Trước 04/6/2021),Xã Phú Lý H.Vĩnh Cửu,KV1,
5260,48,Đồng Nai,02,Huyện Vĩnh Cửu,082,TC nghề Cơ Điện Đông Nam Bộ,"Xã Thiện Tân, H.Vĩnh Cửu",KV2-NT,
5261,48,Đồng Nai,02,Huyện Vĩnh Cửu,085,TH-THCS-THPT Hùng Vương (Trước 04/6/2021),"KP8, TT Vĩnh An, H.Vĩnh Cửu",KV1,
5262,48,Đồng Nai,02,Huyện Vĩnh Cửu,136,THPT Trị An,TTr. Vĩnh An H.Vĩnh Cửu,KV2-NT,
5263,48,Đồng Nai,02,Huyện Vĩnh Cửu,139,TT GDNN-GDTX Vĩnh Cửu,TTr. Vĩnh An H.Vĩnh Cửu,KV2-NT,
5264,48,Đồng Nai,02,Huyện Vĩnh Cửu,161,THCS-THPT Huỳnh Văn nghệ,Xã Phú Lý H.Vĩnh Cửu,KV2-NT,
5265,48,Đồng Nai,02,Huyện Vĩnh Cửu,185,TH-THCS-THPT Hùng Vương,"TT Vĩnh An, H.Vĩnh Cửu",KV2-NT,
5266,48,Đồng Nai,03,Huyện Tân Phú,032,TT GDNN-GDTX Tân Phú (Trước 04/6/2021),TTr. Tân Phú H.Tân Phú,KV1,
5267,48,Đồng Nai,03,Huyện Tân Phú,033,THPT Đoàn Kết (Trước 04/6/2021),TTr. Tân Phú H.Tân Phú,KV1,
5268,48,Đồng Nai,03,Huyện Tân Phú,034,THPT Thanh Bình,Xã Phú Bình H.Tân Phú,KV1,
5269,48,Đồng Nai,03,Huyện Tân Phú,038,THCS-THPT Ngọc Lâm,Xã Phú Thanh H.Tân Phú,KV2-NT,
5270,48,Đồng Nai,03,Huyện Tân Phú,060,THPT Đắc Lua,Xã Đắc Lua H.Tân Phú,KV1,
5271,48,Đồng Nai,03,Huyện Tân Phú,063,THPT Tôn Đức Thắng (Trước 04/6/2021),Xã Phú Lập H.Tân Phú,KV1,
5272,48,Đồng Nai,03,Huyện Tân Phú,086,TH-THCS-THPT Lê Quý Đôn- Tân Phú,"Xã Phú Lâm, H.Tân Phú",KV2-NT,
5273,48,Đồng Nai,03,Huyện Tân Phú,132,TT GDNN-GDTX Tân Phú,TTr. Tân Phú H.Tân Phú,KV2-NT,
5274,48,Đồng Nai,03,Huyện Tân Phú,133,THPT Đoàn Kết,TTr. Tân Phú H.Tân Phú,KV2-NT,
5275,48,Đồng Nai,03,Huyện Tân Phú,163,THPT Tôn Đức Thắng,Xã Phú Lập H.Tân Phú,KV2-NT,
5276,48,Đồng Nai,03,Huyện Tân Phú,415,THCS-THPT ĐăkLua,Xã Đắc Lua,KV1,
5277,48,Đồng Nai,04,Huyện Định Quán,028,TT GDNN-GDTX Định Quán (Trước 04/6/2021),TT Định Quán H.Định Quán,KV1,
5278,48,Đồng Nai,04,Huyện Định Quán,029,THPT Tân Phú (Trước 04/6/2021),TT Định Quán H.Định Quán,KV1,
5279,48,Đồng Nai,04,Huyện Định Quán,030,THPT Điểu Cải,Xã Túc Trưng H.Định Quán,KV1,
5280,48,Đồng Nai,04,Huyện Định Quán,031,THPT Định Quán (Trước 04/6/2021),TT Định Quán H.Định Quán,KV1,
5281,48,Đồng Nai,04,Huyện Định Quán,055,THPT Phú Ngọc (Trước 04/6/2021),Xã Phú Ngọc H.Định Quán,KV1,
5282,48,Đồng Nai,04,Huyện Định Quán,084,THCS-THPT Lạc Long Quân,"Xã Phú Lợi, H.Định Quán",KV1,
5283,48,Đồng Nai,04,Huyện Định Quán,091,THCS-THPT Tây Sơn,"Xã Thanh Sơn, H.Định Quán",KV1,
5284,48,Đồng Nai,04,Huyện Định Quán,128,TT GDNN-GDTX Định Quán,TT Định Quán H.Định Quán,KV2-NT,
5285,48,Đồng Nai,04,Huyện Định Quán,129,THPT Tân Phú,TT Định Quán H.Định Quán,KV2-NT,
5286,48,Đồng Nai,04,Huyện Định Quán,131,THPT Định Quán,TT Định Quán H.Định Quán,KV2-NT,
5287,48,Đồng Nai,04,Huyện Định Quán,155,THPT Phú Ngọc,Xã Phú Ngọc H.Định Quán,KV2-NT,
5288,48,Đồng Nai,04,Huyện Định Quán,400,THCS-THPT Suối Nho (Trước 04/6/2021),"Xã Suối Nho, huyện Định Quán",KV1,
5289,48,Đồng Nai,04,Huyện Định Quán,500,THCS-THPT Suối Nho,"Xã Suối Nho, huyện Định Quán",KV2-NT,
5290,48,Đồng Nai,05,Huyện Thống Nhất,010,TT GDNN-GDTX Thống Nhất (Trước tháng 7 năm 2019),"Xã Xuân Thạnh , H.Thống Nhất",KV1,
5291,48,Đồng Nai,05,Huyện Thống Nhất,012,THPT Thống Nhất,"Xã Quang Trung, H.Thống Nhất",KV2-NT,
5292,48,Đồng Nai,05,Huyện Thống Nhất,014,THPT Kiệm Tân,"Xã Gia Tân 2, H.Thống Nhất",KV2-NT,
5293,48,Đồng Nai,05,Huyện Thống Nhất,018,THPT Dầu Giây (Trước tháng 7 năm 2019),"Xã Xuân Thạnh, H.Thống Nhất",KV1,
5294,48,Đồng Nai,05,Huyện Thống Nhất,412,THPT Dầu Giây,"TT Dầu Giây, H.Thống Nhất",KV2-NT,
5295,48,Đồng Nai,05,Huyện Thống Nhất,413,TT GDNN-GDTX Thống Nhất,"TT Dầu Giây, H.Thống Nhất",KV2-NT,
5296,48,Đồng Nai,06,Thị xã Long Khánh (Trước 10/4/2019),015,TT GDNN-GDTX Long Khánh,"Xã Xuân Hòa, TX.Long Khánh",KV2,
5297,48,Đồng Nai,06,Thị xã Long Khánh (Trước 10/4/2019),016,THPT Long Khánh,"Xã Xuân Hòa, TX.Long Khánh",KV2,
5298,48,Đồng Nai,06,Thị xã Long Khánh (Trước 10/4/2019),017,THPT Trần Phú,"Xã Suối Tre, TX Long Khánh",KV2,
5299,48,Đồng Nai,06,Thị xã Long Khánh (Trước 10/4/2019),019,THPT Văn Hiến,Thị Xã Long Khánh,KV2,
5300,48,Đồng Nai,06,Thị xã Long Khánh (Trước 10/4/2019),045,THPT Nguyễn Huệ,"Xã Hàng Gòn, TX Long Khánh",KV2,
5301,48,Đồng Nai,06,Thị xã Long Khánh (Trước 10/4/2019),058,THPT Trương Vĩnh Ký,170 Nguyễn Văn Bé TX Long Khánh,KV2,
5302,48,Đồng Nai,06,Thị xã Long Khánh (Trước 10/4/2019),092,THCS-THPT Việt Hoa Quang Chánh,"Xã Xuân Trung, TX.Long Khánh",KV2,
5303,48,Đồng Nai,06,Thị xã Long Khánh (Trước 10/4/2019),209,TH-THCS-THPT Trương Vĩnh Ký,170 Nguyễn Văn Bé TX Long Khánh,KV2,
5304,48,Đồng Nai,06,Thị xã Long Khánh (Trước 10/4/2019),300,THPT Hoàng Diệu,"126 Ngô Quyền, P Xuân Thanh, Long Khánh",KV2,
5305,48,Đồng Nai,07,Huyện Xuân Lộc,020,TT GDNN-GDTX Xuân Lộc (Trước 04/6/2021),TTr. Gia Ray H.Xuân Lộc,KV1,
5306,48,Đồng Nai,07,Huyện Xuân Lộc,021,THPT Xuân Lộc (Trước 04/6/2021),TTr. Gia Ray H.Xuân Lộc,KV1,
5307,48,Đồng Nai,07,Huyện Xuân Lộc,051,THPT Hồng Bàng (Trước 04/6/2021),TTr. Gia Ray H.Xuân Lộc,KV1,
5308,48,Đồng Nai,07,Huyện Xuân Lộc,059,THPT Xuân Hưng (Trước 04/6/2021),Xã Xuân Hưng H.Xuân Lộc,KV1,
5309,48,Đồng Nai,07,Huyện Xuân Lộc,068,THPT Xuân Thọ (Trước 04/6/2021),"Xã Xuân Thọ, H.Xuân Lộc",KV1,
5310,48,Đồng Nai,07,Huyện Xuân Lộc,120,TT GDNN-GDTX Xuân Lộc,TTr. Gia Ray H.Xuân Lộc,KV2-NT,
5311,48,Đồng Nai,07,Huyện Xuân Lộc,121,THPT Xuân Lộc,TTr. Gia Ray H.Xuân Lộc,KV2-NT,
5312,48,Đồng Nai,07,Huyện Xuân Lộc,151,TH-THCS-THPT Hồng Bàng,TTr. Gia Ray H.Xuân Lộc,KV2-NT,
5313,48,Đồng Nai,07,Huyện Xuân Lộc,159,THPT Xuân Hưng,Xã Xuân Hưng H.Xuân Lộc,KV2-NT,
5314,48,Đồng Nai,07,Huyện Xuân Lộc,168,THPT Xuân Thọ,"Xã Xuân Thọ, H.Xuân Lộc",KV2-NT,
5315,48,Đồng Nai,07,Huyện Xuân Lộc,301,PTDTNT THCS-THPT Điểu Xiểng (Trước 04/6/2021),"Nông Doanh, xã Xuân Định, Xuân Lộc",KV1,DTNT
5316,48,Đồng Nai,07,Huyện Xuân Lộc,311,PTDTNT THCS-THPT Điểu Xiểng,"xã Xuân Định, Xuân Lộc",KV2-NT,DTNT
5317,48,Đồng Nai,07,Huyện Xuân Lộc,401,TH-THCS-THPT Hồng Bàng (Trước 04/6/2021),"TT Gia Ray, huyện Xuân Lộc",KV1,
5318,48,Đồng Nai,08,Huyện Long Thành,022,TT GDNN-GDTX Long Thành,"Xã Long Đức, H.Long Thành",KV2-NT,
5319,48,Đồng Nai,08,Huyện Long Thành,023,THPT Long Thành,TT Long Thành H.Long Thành,KV2-NT,
5320,48,Đồng Nai,08,Huyện Long Thành,024,THPT Long Phước,Xã Long Phước H.Long Thành,KV2-NT,
5321,48,Đồng Nai,08,Huyện Long Thành,025,THPT Nguyễn Đình Chiểu,TT Long Thành H.Long Thành,KV2-NT,
5322,48,Đồng Nai,08,Huyện Long Thành,054,THPT Bình Sơn (Trước 04/6/2021),Xã Bình Sơn H.Long Thành,KV1,
5323,48,Đồng Nai,08,Huyện Long Thành,072,CĐ Công Nghệ Quốc Tế LiLaMa2,"Xã Long Phước, H.Long Thành",KV2-NT,
5324,48,Đồng Nai,08,Huyện Long Thành,078,CĐ nghề KV Long Thành-Nhơn Trạch,"TT Long Thành, H.Long Thành",KV2-NT,
5325,48,Đồng Nai,08,Huyện Long Thành,079,TC nghề Tri Thức,"TT Long Thành, H.Long Thành",KV2-NT,
5326,48,Đồng Nai,08,Huyện Long Thành,154,THPT Bình Sơn,Xã Bình Sơn H.Long Thành,KV2-NT,
5327,48,Đồng Nai,08,Huyện Long Thành,203,CĐ nghề công nghệ cao Đồng Nai,"TT Long Thành, H.Long Thành",KV2-NT,
5328,48,Đồng Nai,08,Huyện Long Thành,403,THCS-THPT Tri Thức,"TT Long Thành, huyện Long Thành",KV2-NT,
5329,48,Đồng Nai,08,Huyện Long Thành,416,LT09_TH-THCS-THPT Đinh Tiên Hoàng 2,Xã Long An,KV2-NT,
5330,48,Đồng Nai,09,Huyện Nhơn Trạch,026,TT GDNN-GDTX Nhơn Trạch,"Xã Long Thọ, H.Nhơn Trạch",KV2-NT,
5331,48,Đồng Nai,09,Huyện Nhơn Trạch,027,THPT Nhơn Trạch,"Xã Phú Đông, H.Nhơn Trạch",KV2-NT,
5332,48,Đồng Nai,09,Huyện Nhơn Trạch,048,THPT Phước Thiền,Xã Phước Thiền H.Nhơn Trạch,KV2-NT,
5333,48,Đồng Nai,09,Huyện Nhơn Trạch,087,THPT Nguyễn Bỉnh Khiêm,"Khu TT, H.Nhơn Trạch",KV2-NT,
5334,48,Đồng Nai,09,Huyện Nhơn Trạch,097,TC Kinh tế- Kỹ thuật Đồng Nai,"Xã Phú Hội, H.Nhơn Trạch",KV2-NT,
5335,48,Đồng Nai,10,Huyện Trảng Bom,009,THPT Dân tộc Nội trú tỉnh Đồng Nai (Trước 04/6/2021),"Xã Trung Hòa, H.Trảng Bom",KV1,DTNT
5336,48,Đồng Nai,10,Huyện Trảng Bom,011,THPT Thống Nhất A,"TT Trảng Bom, H.Trảng Bom",KV2-NT,
5337,48,Đồng Nai,10,Huyện Trảng Bom,013,THPT Ngô Sĩ Liên,"TT Trảng Bom, H.Trảng Bom",KV2-NT,
5338,48,Đồng Nai,10,Huyện Trảng Bom,050,THPT Văn Lang (Trước 04/6/2021),Xã Hưng Thịnh H.Trảng Bom,KV1,
5339,48,Đồng Nai,10,Huyện Trảng Bom,052,THPT Trần Quốc Tuấn (Trước 04/6/2021),Xã Trung Hòa H.Trảng Bom,KV1,
5340,48,Đồng Nai,10,Huyện Trảng Bom,056,TT GDNN-GDTX Trảng Bom,TT Trảng Bom H.Trảng Bom,KV2-NT,
5341,48,Đồng Nai,10,Huyện Trảng Bom,064,THPT Trịnh Hoài Đức,Xã Quảng Tiến H.Trảng Bom,KV2-NT,
5342,48,Đồng Nai,10,Huyện Trảng Bom,065,THCS và THPT Bàu Hàm,"Xã Bàu Hàm, H Trảng Bom",KV1,
5343,48,Đồng Nai,10,Huyện Trảng Bom,066,THPT Trần Đại Nghĩa (Trước 04/6/2021),"Xã Hố Nai 3, H Trảng Bom",KV1,
5344,48,Đồng Nai,10,Huyện Trảng Bom,073,CĐ nghề Cơ giới - Thủy lợi (Trước 04/6/2021),"Xã Hố Nai 3, H.Trảng Bom",KV1,
5345,48,Đồng Nai,10,Huyện Trảng Bom,080,TC nghề Tân Mai,"Xã Bắc Sơn, H.Trảng Bom",KV2-NT,
5346,48,Đồng Nai,10,Huyện Trảng Bom,081,TC nghề Hòa Bình (Trước 04/6/2021),"Xã Hố Nai 3, H.Trảng Bom",KV1,
5347,48,Đồng Nai,10,Huyện Trảng Bom,094,ĐH Lâm Nghiệp (cơ sở 2),"TT Trảng Bom, H.Trảng Bom",KV2-NT,
5348,48,Đồng Nai,10,Huyện Trảng Bom,096,TC Bách khoa Đồng Nai,"Xã Hưng Thịnh, H.Trảng Bom",KV1,
5349,48,Đồng Nai,10,Huyện Trảng Bom,109,THPT Dân tộc Nội trú tỉnh Đồng Nai,"Xã Trung Hòa, H.Trảng Bom",KV2-NT,DTNT
5350,48,Đồng Nai,10,Huyện Trảng Bom,150,THPT Văn Lang,Xã Hưng Thịnh H.Trảng Bom,KV2-NT,
5351,48,Đồng Nai,10,Huyện Trảng Bom,152,TH-THCS-THPT Trần Quốc Tuấn,Xã Trung Hòa H.Trảng Bom,KV2-NT,
5352,48,Đồng Nai,10,Huyện Trảng Bom,166,TH-THCS-THPT Trần Đại Nghĩa,"Xã Hố Nai 3, H Trảng Bom",KV2-NT,
5353,48,Đồng Nai,10,Huyện Trảng Bom,173,CĐ Cơ giới và Thủy lợi,"Xã Hố Nai 3, H.Trảng Bom",KV2-NT,
5354,48,Đồng Nai,10,Huyện Trảng Bom,181,CĐ Hòa Bình Xuân Lộc,"Xã Hố Nai 3, H.Trảng Bom",KV2-NT,
5355,48,Đồng Nai,10,Huyện Trảng Bom,196,TC Bách khoa Đồng Nai,"Xã Hưng Thịnh, H.Trảng Bom",KV2-NT,
5356,48,Đồng Nai,10,Huyện Trảng Bom,204,CĐ Cơ giới - Thủy lợi (Trước 04/6/2021),"Xã Hố Nai 3, H.Trảng Bom",KV1,
5357,48,Đồng Nai,10,Huyện Trảng Bom,205,CĐ Hòa Bình Xuân Lộc (Trước 04/6/2021),"Xã Hố Nai 3, H.Trảng Bom",KV1,
5358,48,Đồng Nai,10,Huyện Trảng Bom,206,TH-THCS-THPT Trịnh Hoài Đức,Xã Quảng Tiến H.Trảng Bom,KV2-NT,
5359,48,Đồng Nai,10,Huyện Trảng Bom,212,TH-THCS-THPT Trần Đại Nghĩa (Trước 04/6/2021),"Xã Hố Nai 3, H Trảng Bom",KV1,
5360,48,Đồng Nai,10,Huyện Trảng Bom,402,TH-THCS-THPT Trần Quốc Tuấn (Trước 04/6/2021),"Xã Trung Hòa, huyện Trảng Bom",KV1,
5361,48,Đồng Nai,10,Huyện Trảng Bom,417,THPT Lâm Nghiệp Đồng Nai,Thị trấn Trảng Bom,KV2-NT,
5362,48,Đồng Nai,11,Huyện Cẩm Mỹ,037,THPT Xuân Mỹ (Trước 04/6/2021),Xã Xuân Mỹ H.Cẩm Mỹ,KV1,
5363,48,Đồng Nai,11,Huyện Cẩm Mỹ,046,THPT Sông Ray,"Xã Xuân Tây, H.Cẩm Mỹ",KV1,
5364,48,Đồng Nai,11,Huyện Cẩm Mỹ,057,TT GDNN-GDTX Cẩm Mỹ (Trước 04/6/2021),Xã Long Giao H.Cẩm Mỹ,KV1,
5365,48,Đồng Nai,11,Huyện Cẩm Mỹ,062,THPT Võ Trường Toản,"Xã Xuân Tây, H Cẩm Mỹ",KV1,
5366,48,Đồng Nai,11,Huyện Cẩm Mỹ,100,THPT Cẩm Mỹ (Trước 04/6/2021),"Xã Long Giao, H.Cẩm Mỹ",KV1,
5367,48,Đồng Nai,11,Huyện Cẩm Mỹ,137,THPT Cẩm Mỹ,"TTr Long Giao, H.Cẩm Mỹ",KV2-NT,
5368,48,Đồng Nai,11,Huyện Cẩm Mỹ,157,TT GDNN-GDTX Cẩm Mỹ,TTr Long Giao H.Cẩm Mỹ,KV2-NT,
5369,48,Đồng Nai,13,Thành phố Long Khánh,404,TT GDNN-GDTX Long Khánh,"P.Xuân Hòa, TP.Long Khánh",KV2,
5370,48,Đồng Nai,13,Thành phố Long Khánh,405,THPT Long Khánh,"P.Xuân Hòa, TP.Long Khánh",KV2,
5371,48,Đồng Nai,13,Thành phố Long Khánh,406,THPT Trần Phú,"Phường Suối Tre, TP Long Khánh",KV2,
5372,48,Đồng Nai,13,Thành phố Long Khánh,407,THPT Văn Hiến,"P.Xuân Hòa, TP.Long Khánh",KV2,
5373,48,Đồng Nai,13,Thành phố Long Khánh,408,THPT Nguyễn Huệ,"Xã Hàng Gòn, TP Long Khánh",KV2,
5374,48,Đồng Nai,13,Thành phố Long Khánh,409,THCS-THPT Việt Hoa Quang Chánh,"P. Xuân An,TP.Long Khánh",KV2,
5375,48,Đồng Nai,13,Thành phố Long Khánh,410,TH-THCS-THPT Trương Vĩnh Ký,"P. Xuân Trung, TP.Long Khánh",KV2,
5376,48,Đồng Nai,13,Thành phố Long Khánh,411,THPT Hoàng Diệu,"P Xuân Thanh, TP Long Khánh",KV2,
5377,48,Đồng Nai,13,Thành phố Long Khánh,418,TH-THCS-THPT Liên Kết Quốc Tế,"Phường Xuân An, Thành Phố Long Khánh",KV2,
5378,49,Long An,00,Sở Giáo dục và Đào tạo,800,Học ở nước ngoài_49,,KV3,
5379,49,Long An,00,Sở Giáo dục và Đào tạo,900,"Quân nhân, Công an tại ngũ_49",,KV3,
5380,49,Long An,01,Thành phố Tân An,001,THPT Lê Quý Đôn,"số 404, Quốc lộ 1, phường 4, Tp. Tân An",KV2,
5381,49,Long An,01,Thành phố Tân An,002,THPT Tân An,"số 213 Nguyễn Thái Bình, phường 3, TP Tân An",KV2,
5382,49,Long An,01,Thành phố Tân An,018,THPT Hùng Vương,"Số 53, Nguyễn Văn Tiếp, P5, Tp. Tân An, Long An",KV2,
5383,49,Long An,01,Thành phố Tân An,028,THPT Huỳnh Ngọc,"136 Nguyễn Thái Bình P3, TP Tân An, Long An",KV2,
5384,49,Long An,01,Thành phố Tân An,035,TT.GDNN-GDTX Tp. Tân An,"39, Võ Công Tồn, phường 1, TP Tân An, Long An",KV2,
5385,49,Long An,01,Thành phố Tân An,049,TT.KTTH-HN Long An,"132, Đường Nguyễn Thị Bảy, phường 6, TP Tân An, Long An",KV2,
5386,49,Long An,01,Thành phố Tân An,051,Trường Thể dục Thể thao tỉnh Long An,"Số 07, Trương Định, Phường 2, TP. Tân An, Long An",KV2,
5387,49,Long An,01,Thành phố Tân An,052,TT.GDTX&KTTH,"Bình Nam, xã Bình Tâm, TP Tân An, Long An",KV2,
5388,49,Long An,01,Thành phố Tân An,053,"TH, THCS&THPT Hà Long","11/300 Nguyễn Minh Trường, P3 TP Tân An, Long An",KV2,
5389,49,Long An,01,Thành phố Tân An,060,THPT chuyên Long An,"số 112 Nguyễn Minh Đường, Phường 4, Tp. Tân An, Long An",KV2,
5390,49,Long An,01,Thành phố Tân An,062,CĐ nghề Kỹ thuật Công nghệ LADEC,"201 Nguyễn Văn Rành, phường 7, Tp. Tân An",KV2,
5391,49,Long An,01,Thành phố Tân An,063,CĐ Long An,"Phường 5, TP Tân An, Long An",KV2,
5392,49,Long An,01,Thành phố Tân An,071,TC Việt – Nhật,"Phường 6, TP Tân An, Long An",KV2,
5393,49,Long An,01,Thành phố Tân An,073,THCS&THPT Nguyễn Văn Rành,"201 Nguyễn Văn Rành, phường 7, Tp. Tân An",KV2,
5394,49,Long An,01,Thành phố Tân An,077,TT.GDTX Tp. Tân An,"Đường Võ Công Tồn, phường 1, TP Tân An, Long An",KV2,
5395,49,Long An,01,Thành phố Tân An,095,TT.GDTX tỉnh Long An,"Bình Nam, xã Bình Tâm, TP Tân An, Long An",KV2,
5396,49,Long An,01,Thành phố Tân An,105,THPT chuyên Trần Văn Giàu,"số 112 Nguyễn Minh Đường, Phường 4, Tp. Tân An, Long An",KV2,
5397,49,Long An,01,Thành phố Tân An,801,Trường THPT - Khu vực 1,,KV1,
5398,49,Long An,01,Thành phố Tân An,802,Trường THPT - KV2NT,,KV2-NT,
5399,49,Long An,01,Thành phố Tân An,803,Trường THPT - KV2,,KV2,
5400,49,Long An,01,Thành phố Tân An,804,Trường THPT - Khu vực 3,,KV3,
5401,49,Long An,02,Huyện Vĩnh Hưng (cũ),017,THPT Vĩnh Hưng (cũ),"Nguyễn Thái Bình, TT Vĩnh Hưng, Long An",KV2-NT,
5402,49,Long An,02,Huyện Vĩnh Hưng (cũ),036,TT.GDNN-GDTX huyện Vĩnh Hưng,"ấp 1, xã Vĩnh Bình, huyện Vĩnh Hưng, Long An",KV2-NT,
5403,49,Long An,02,Huyện Vĩnh Hưng (cũ),061,THCS&THPT Khánh Hưng (cũ),"Xã Khánh Hưng, Vĩnh Hưng, Long An",KV2-NT,
5404,49,Long An,02,Huyện Vĩnh Hưng (cũ),078,TT.GDTX&KTTH-HN Vĩnh Hưng,"ấp 1, xã Vĩnh Bình, huyện Vĩnh Hưng, Long An",KV2-NT,
5405,49,Long An,02,Huyện Vĩnh Hưng (cũ),091,THCS&THPT Khánh Hưng (2016),"Xã Khánh Hưng, Vĩnh Hưng, Long An",KV1,
5406,49,Long An,03,Huyện Mộc Hóa (cũ),058,THCS&THPT Bình Phong Thạnh (cũ),"Khu phố 2, Bình Phong Thạnh, huyện Mộc Hoá, Long An",KV2-NT,
5407,49,Long An,03,Huyện Mộc Hóa (cũ),076,THPT Mộc Hóa (cũ),"Đường Lê Lợi (nối dài), Thị trấn Mộc Hóa, Long An",KV2-NT,
5408,49,Long An,03,Huyện Mộc Hóa (cũ),092,TT.GDTX&KTTH-HN Mộc Hóa (cũ - từ năm 2013 về trước),"Số 304/06, Lê Lợi, KP 3, Thị trấn Mộc Hóa, huyện Mộc Hóa, Long An",KV2-NT,
5409,49,Long An,04,Huyện Tân Thạnh,015,THPT Tân Thạnh,"Khu phố 5, TT Tân Thạnh, Long An",KV2-NT,
5410,49,Long An,04,Huyện Tân Thạnh,030,THCS&THPT Hậu Thạnh Đông,"Ấp Nguyễn Rớt, Xã Hậu Thạnh Đông, huyện Tân Thạnh, Long An",KV2-NT,
5411,49,Long An,04,Huyện Tân Thạnh,038,TT.GDNN-GDTX huyện Tân Thạnh,"TT Tân Thạnh, huyện Tân Thạnh, Long An",KV2-NT,
5412,49,Long An,04,Huyện Tân Thạnh,080,TT.GDTX&KTTH-HN Tân Thạnh,"Thị trấn Tân Thạnh, huyện Tân Thạnh, Long An",KV2-NT,
5413,49,Long An,05,Huyện Thạnh Hóa (cũ),014,THPT Thạnh Hóa (cũ),"Khóm II, TT Thạnh Hoá, Long An",KV2-NT,
5414,49,Long An,05,Huyện Thạnh Hóa (cũ),039,TT.GDNN-GDTX huyện Thạnh Hoá,"TT Thạnh Hoá, huyện Thạnh Hoá, Long An",KV2-NT,
5415,49,Long An,05,Huyện Thạnh Hóa (cũ),081,TT.GDTX&KTTH-HN Thạnh Hoá,"Thị trấn Thạnh Hoá, huyện Thạnh Hoá, Long An",KV2-NT,
5416,49,Long An,06,Huyện Đức Huệ (cũ),013,THPT Đức Huệ (cũ),"Khu phố 4, TT Đông Thành, huyện Đức Huệ, Long An",KV2-NT,
5417,49,Long An,06,Huyện Đức Huệ (cũ),040,TT.GDNN-GDTX huyện Đức Huệ,"TT Đông Thành, huyện Đức Huệ, Long An",KV2-NT,
5418,49,Long An,06,Huyện Đức Huệ (cũ),057,THCS&THPT Mỹ Quý (Từ 2020 về trước),"Xã Mỹ Quý Tây, Đức Huệ, Long An",KV1,
5419,49,Long An,06,Huyện Đức Huệ (cũ),068,THCS&THPT Mỹ Bình (Từ 2020 về trước),"Xã Mỹ Bình, Đức Huệ, Long An",KV1,
5420,49,Long An,06,Huyện Đức Huệ (cũ),082,TT.GDTX&KTTH-HN Đức Huệ,"Thị trấn Đông Thành, huyện Đức Huệ, Long An",KV2-NT,
5421,49,Long An,06,Huyện Đức Huệ (cũ),097,THCS&THPT Mỹ Quý (cũ),"Xã Mỹ Quý Tây, Đức Huệ, Long An",KV2-NT,
5422,49,Long An,06,Huyện Đức Huệ (cũ),098,THCS&THPT Mỹ Bình (cũ),"Xã Mỹ Bình, Đức Huệ, Long An",KV2-NT,
5423,49,Long An,07,Huyện Đức Hòa,011,THPT Đức Hòa,"TT Đức Hoà, huyện Đức Hoà, Long An",KV2-NT,
5424,49,Long An,07,Huyện Đức Hòa,012,THPT Hậu Nghĩa,"khu A TT Hậu Nghĩa, huyện Đức Hoà, Long An",KV2-NT,
5425,49,Long An,07,Huyện Đức Hòa,025,THPT Võ Văn Tần,"Khu III, TT Đức Hoà, huyện Đức Hoà, Long An",KV2-NT,
5426,49,Long An,07,Huyện Đức Hòa,026,THPT Nguyễn Công Trứ,"Ô 5, Khu B,TT Hậu Nghĩa, huyện Đức Hoà, Long An",KV2-NT,
5427,49,Long An,07,Huyện Đức Hòa,031,THPT An Ninh,"ấp Hoà Hiệp 1, xã An Ninh Đông, huyện Đức Hoà, Long An",KV2-NT,
5428,49,Long An,07,Huyện Đức Hòa,041,TT.GDNN-GDTX huyện Đức Hòa,"TT Hậu Nghĩa, huyện Đức Hoà, Long An",KV2-NT,
5429,49,Long An,07,Huyện Đức Hòa,050,TT.GDTX&KTTH-HN Võ Văn Tần,"K3, TT Đức Hoà, huyện Đức Hoà, Long An",KV2-NT,
5430,49,Long An,07,Huyện Đức Hòa,065,TC nghề Đức Hòa,"180A, đường 3/2, thị trấn Hậu Nghĩa, huyện Đức",KV2-NT,
5431,49,Long An,07,Huyện Đức Hòa,072,THPT Năng khiếu Đại học Tân Tạo,"Xã Hựu Thạnh, Đức Hòa, Long An",KV2-NT,
5432,49,Long An,07,Huyện Đức Hòa,083,TT.GDTX&KTTH-HN Đức Hoà,"Thị trấn Hậu Nghĩa, huyện Đức Hoà, Long An",KV2-NT,
5433,49,Long An,08,Huyện Bến Lức,006,THPT Nguyễn Hữu Thọ,"ấp Phước Tú, Thanh Phú, Bến Lức, Long An",KV2-NT,
5434,49,Long An,08,Huyện Bến Lức,022,"TH,THCS&THPT iSCHOOL Long An","Số 6, khu phố 3, đường Mai Thị Non, Thị Trấn Bến Lức, Bến Lức, Long An.",KV2-NT,
5435,49,Long An,08,Huyện Bến Lức,033,THPT Gò Đen,"ấp 4, xã Phước Lợi, huyện Bến Lức, Long An",KV2-NT,
5436,49,Long An,08,Huyện Bến Lức,042,TT.GDNN-GDTX huyện Bến Lức,"khu phố 3, TT Bến Lức, huyện Bến Lức, Long An",KV2-NT,
5437,49,Long An,08,Huyện Bến Lức,059,THCS&THPT Lương Hòa,"xã Lương Hòa, huyện Bến Lức, Long An",KV2-NT,
5438,49,Long An,08,Huyện Bến Lức,064,CĐ nghề Tây Sài Gòn,"ấp 8, xã Lương Hòa, Bến Lức, Bến Lức",KV2-NT,
5439,49,Long An,08,Huyện Bến Lức,070,TC KT-KT Long An,"Số 277, QL 1A, Thị trấn Bến Lức, Bến Lức, Long An",KV2-NT,
5440,49,Long An,08,Huyện Bến Lức,084,TT.GDTX&KTTH-HN Bến Lức,"khu phố 3, TT Bến Lức, huyện Bến Lức, Long An",KV2-NT,
5441,49,Long An,08,Huyện Bến Lức,100,THPT Nguyễn Trung Trực - Bến Lức,"ấp Tấn Long, xã Thanh Phú, huyện Bến Lức, Long An",KV2-NT,
5442,49,Long An,08,Huyện Bến Lức,107,"TH,THCS&THPT Emasi Plus - Waterpoint Campus","Khu đô thị mới Vàm Cỏ Đông, xã An Thạnh, huyện Bến Lức, Long An",KV2-NT,
5443,49,Long An,09,Huyện Thủ Thừa,005,THPT Thủ Thừa,"ấp Cầu Xây, TT Thủ Thừa, huyện Thủ Thừa, Long An",KV2-NT,
5444,49,Long An,09,Huyện Thủ Thừa,021,THPT Thủ Khoa Thừa,"ấp 3, TT Thủ Thừa, huyện Thủ Thừa, Long An",KV2-NT,
5445,49,Long An,09,Huyện Thủ Thừa,034,THPT Mỹ Lạc,"ấp Bà Mía, Mỹ Lạc, Thủ Thừa, Long An",KV2-NT,
5446,49,Long An,09,Huyện Thủ Thừa,043,TT.GDNN-GDTX huyện Thủ Thừa,"ấp Bình Lương 1, Bình Thạnh, huyện Thủ Thừa, Long An",KV2-NT,
5447,49,Long An,09,Huyện Thủ Thừa,069,TH-THCS&THPT Bồ Đề Phương Duy,"6/115 Nguyễn Trung Trực, TT Thủ Thừa, Thủ Thừa, Long An",KV2-NT,
5448,49,Long An,09,Huyện Thủ Thừa,085,TT.GDTX&KTTH-HN Thủ Thừa,"ấp Bình Lương 1, Bình Thạnh, huyện Thủ Thừa, Long An",KV2-NT,
5449,49,Long An,10,Huyện Châu Thành,003,THPT Nguyễn Thông,"ấp Phú Thạnh, TT Tầm Vu, huyện Châu Thành, Long An",KV2-NT,
5450,49,Long An,10,Huyện Châu Thành,019,THPT Châu Thành,"Khóm 3, TT Tầm Vu, huyện Châu Thành, Long An",KV2-NT,
5451,49,Long An,10,Huyện Châu Thành,044,TT.GDNN-GDTX huyện Châu Thành,"Khu phố 2, TT Tầm Vu, huyện Châu Thành, Long An",KV2-NT,
5452,49,Long An,10,Huyện Châu Thành,054,THPT Phan Văn Đạt,"ấp Bình Thạnh 2, xã Thuận Mỹ, Châu Thành, Long An",KV2-NT,
5453,49,Long An,10,Huyện Châu Thành,086,TT.GDTX&KTTH-HN Châu Thành,"Khu Phố 2, TT Tầm Vu, huyện Châu Thành, Long An",KV2-NT,
5454,49,Long An,10,Huyện Châu Thành,093,THCS&THPT Thuận Mỹ,"ấp Bình Thạnh 2, xã Thuận Mỹ, Châu Thành, Long An",KV2-NT,
5455,49,Long An,11,Huyện Tân Trụ,004,THPT Tân Trụ,"ấp Bình Hòa, TT Tân Trụ, huyện Tân Trụ, Long An",KV2-NT,
5456,49,Long An,11,Huyện Tân Trụ,020,THPT Nguyễn Trung Trực,"ấp 5, xã Lạc Tấn, huyện Tân Trụ, Long An",KV2-NT,
5457,49,Long An,11,Huyện Tân Trụ,045,TT.GDNN-GDTX huyện Tân Trụ,"ấp Tân Bình, TT Tân Trụ, huyện Tân Trụ, Long An",KV2-NT,
5458,49,Long An,11,Huyện Tân Trụ,087,TT.GDTX&KTTH-HN Tân Trụ,"ấp Tân Bình, TT Tân Trụ, huyện Tân Trụ, Long An",KV2-NT,
5459,49,Long An,12,Huyện Cần Đước,007,THPT Cần Đước,"Khu 1B, TT Cần Đước, huyện Cần Đước, Long An",KV2-NT,
5460,49,Long An,12,Huyện Cần Đước,008,THPT Rạch Kiến,"ấp 5, Long Hoà, huyện Cần Đước, Long An",KV2-NT,
5461,49,Long An,12,Huyện Cần Đước,023,THPT Chu Văn An,"Khu 1B, TT Cần Đước, huyện Cần Đước, Long An",KV2-NT,
5462,49,Long An,12,Huyện Cần Đước,024,THPT Long Hòa,"ấp 5, Long Hoà, huyện Cần Đước, Long An",KV2-NT,
5463,49,Long An,12,Huyện Cần Đước,046,TT.GDNN-GDTX huyện Cần Đước,"Khu 1B, thị trấn Cần Đước, huyện Cần Đước, Long An",KV2-NT,
5464,49,Long An,12,Huyện Cần Đước,055,THCS&THPT Long Cang,"ấp 3, Long Cang, huyện Cần Đước, Long An",KV2-NT,
5465,49,Long An,12,Huyện Cần Đước,056,THPT Long Hựu Đông,"ấp Chợ, xã Long Hựu Đông, Cần Đước, Long An",KV2-NT,
5466,49,Long An,12,Huyện Cần Đước,088,TT.GDTX&KTTH-HN Cần Đước,"Khu 1B,Thị Trấn Cần Đước, Huyện Cần Đước, Long An",KV2-NT,
5467,49,Long An,12,Huyện Cần Đước,094,THCS&THPT Long Hựu Đông,"ấp Chợ, xã Long Hựu Đông, Cần Đước, Long An",KV2-NT,
5468,49,Long An,12,Huyện Cần Đước,106,THPT Long Cang,"ấp 2, Long Cang, huyện Cần Đước, Long An",KV2-NT,
5469,49,Long An,13,Huyện Cần Giuộc,009,THPT Đông Thạnh,"ấp Bắc, Đông Thạnh, huyện Cần Giuộc, Long An",KV2-NT,
5470,49,Long An,13,Huyện Cần Giuộc,010,THPT Cần Giuộc,"KP. Hoà Thuận 1, thị trấn Cần Giuộc, huyện Cần Giuộc, Long An",KV2-NT,
5471,49,Long An,13,Huyện Cần Giuộc,027,THPT Nguyễn Đình Chiểu,"Ấp Lộc Tiền, xã Mỹ Lộc, huyện Cần Giuộc, Long An",KV2-NT,
5472,49,Long An,13,Huyện Cần Giuộc,029,THCS&THPT Long Thượng,"ấp Long Thạnh, Long Thượng, huyện Cần Giuộc, Long An",KV2-NT,
5473,49,Long An,13,Huyện Cần Giuộc,047,TT.GDNN-GDTX huyện Cần Giuộc,"Khóm II, TT Cần Giuộc, huyện Cần Giuộc, Long An",KV2-NT,
5474,49,Long An,13,Huyện Cần Giuộc,067,TC nghề Cần Giuộc,"96, đường tỉnh 835A, xã Trường Bình, huyện Cần Giuộc, tỉnh Long An",KV2-NT,
5475,49,Long An,13,Huyện Cần Giuộc,075,THCS&THPT Nguyễn Thị Một,"Ấp Tân Thanh B, Phước Lại, Cần Giuộc, Long An.",KV2-NT,
5476,49,Long An,13,Huyện Cần Giuộc,089,TT.GDTX&KTTH-HN Cần Giuộc,"Khóm II, TT Cần Giuộc, huyện Cần Giuộc, Long An",KV2-NT,
5477,49,Long An,14,Huyện Tân Hưng (cũ),032,THPT Tân Hưng (cũ),"Số 01, đường Gò Gòn, Khu phố Rọc Chanh A, Thị trấn Tân Hưng, Tân Hưng, Long An",KV2-NT,
5478,49,Long An,14,Huyện Tân Hưng (cũ),048,TT.GDNN-GDTX huyện Tân Hưng,"Thị trấn Tân Hưng, huyện Tân Hưng, Long An",KV2-NT,
5479,49,Long An,14,Huyện Tân Hưng (cũ),074,THCS&THPT Hưng Điền B (Trước 2021),"Ấp Kinh Mới, Hưng Điền B, Tân Hưng, Long An",KV1,
5480,49,Long An,14,Huyện Tân Hưng (cũ),090,TT.GDTX&KTTH-HN Tân Hưng,"Thị trấn Tân Hưng, huyện Tân Hưng, Long An",KV2-NT,
5481,49,Long An,14,Huyện Tân Hưng (cũ),099,THCS&THPT Hưng Điền B (cũ),"Ấp Kinh Mới, Hưng Điền B, Tân Hưng, Long An",KV2-NT,
5482,49,Long An,15,Thị xã Kiến Tường (cũ),016,THPT Kiến Tường (cũ),"365 Lê Lợi, KP 5, phường 1, TX Kiến Tường, Long An",KV2,
5483,49,Long An,15,Thị xã Kiến Tường (cũ),037,TT.GDNN-GDTX Thị xã Kiến Tường,"304/06, Lê Lợi (nối dài), KP 3, phường 1, TX Kiến Tường, Long An",KV2,
5484,49,Long An,15,Thị xã Kiến Tường (cũ),066,TC nghề Đồng Tháp Mười,"Khu phố 3, phường 3, thị xã Kiến Tường, Long An",KV2,
5485,49,Long An,15,Thị xã Kiến Tường (cũ),079,TT.GDTX&KTTH-HN TX Kiến Tường,"Đường Lê Lợi , KP 3, phường 1, TX Kiến Tường, Long An",KV2,
5486,49,Long An,15,Thị xã Kiến Tường (cũ),096,THPT Thiên Hộ Dương (cũ),"Khu phố 5, Phường 2, Thị xã Kiến Tường",KV2,
5487,49,Long An,16,Huyện Đức Huệ,101,THCS&THPT Mỹ Quý,"Xã Mỹ Quý Tây, Đức Huệ, Long An",KV2-NT,
5488,49,Long An,16,Huyện Đức Huệ,111,THPT Đức Huệ,"Khu phố 4, TT Đông Thành, huyện Đức Huệ, Long An",KV2-NT,
5489,49,Long An,16,Huyện Đức Huệ,112,THCS&THPT Mỹ Bình,"Xã Mỹ Bình, Đức Huệ, Long An",KV2-NT,
5490,49,Long An,17,Huyện Thạnh Hóa,102,THPT Thạnh Hóa,"Khóm II, TT Thạnh Hoá, Long An",KV2-NT,
5491,49,Long An,18,Huyện Tân Hưng,103,THCS&THPT Hưng Điền B,"Ấp Kinh Mới, Hưng Điền B, Tân Hưng, Long An",KV2-NT,
5492,49,Long An,18,Huyện Tân Hưng,104,THPT Tân Hưng,"Số 01, đường Gò Gòn, Khu phố Rọc Chanh A, Thị trấn Tân Hưng, Tân Hưng, Long An",KV2-NT,
5493,49,Long An,19,Huyện Vĩnh Hưng,109,THPT Vĩnh Hưng,"Nguyễn Thái Bình, thị trấn Vĩnh Hưng, Vĩnh Hưng, Long An",KV2-NT,
5494,49,Long An,19,Huyện Vĩnh Hưng,110,THCS&THPT Khánh Hưng,"Xã Khánh Hưng, Vĩnh Hưng, Long An",KV2-NT,
5495,49,Long An,20,Huyện Mộc Hóa,108,THCS&THPT Bình Phong Thạnh,"Khu phố 2, Bình Phong Thạnh, huyện Mộc Hoá, Long An",KV2-NT,
5496,49,Long An,21,Thị xã Kiến Tường,113,THPT Kiến Tường,"365 Lê Lợi, KP 5, phường 1, TX Kiến Tường, Long An",KV2,
5497,49,Long An,21,Thị xã Kiến Tường,114,THPT Thiên Hộ Dương,"Khu phố 5, Phường 2, Thị xã Kiến Tường",KV2,
5498,50,Đồng Tháp,00,Sở Giáo dục và Đào tạo,800,Học ở nước ngoài_50,"06, Võ Trường Toản, F1, TP Cao Lãnh, Đồng Tháp",KV3,
5499,50,Đồng Tháp,00,Sở Giáo dục và Đào tạo,900,"Quân nhân, Công an tại ngũ_50",Đồng Tháp,KV3,
5500,50,Đồng Tháp,01,Huyện Châu Thành,001,THPT Châu Thành 1,"Xã Tân Nhuận Đông, H.Châu Thành, Đồng Tháp",KV2-NT,
5501,50,Đồng Tháp,01,Huyện Châu Thành,002,THPT Châu Thành 2,"TTr. Cái Tàu Hạ, H.Châu Thành, Đồng Tháp",KV2-NT,
5502,50,Đồng Tháp,01,Huyện Châu Thành,003,THPT Tân Phú Trung,"Xã Tân Phú Trung, H. Châu Thành, Đồng Tháp",KV2-NT,
5503,50,Đồng Tháp,01,Huyện Châu Thành,004,THPT Nha Mân,"Xã Tân Nhuận Đông, H.Châu Thành, Đồng Tháp",KV2-NT,
5504,50,Đồng Tháp,01,Huyện Châu Thành,053,TT Dạy nghề - GDTX Châu Thành,"TTr. Cái Tàu Hạ, H.Châu Thành, Đồng Tháp",KV2-NT,
5505,50,Đồng Tháp,01,Huyện Châu Thành,067,TT GDTX Châu Thành,"TTr. Cái Tàu Hạ, H.Châu Thành, Đồng Tháp",KV2-NT,
5506,50,Đồng Tháp,01,Huyện Châu Thành,078,THPT bán công Châu Thành,"Xã Tân Nhuận Đông, Châu Thành, Đồng Tháp",KV2-NT,
5507,50,Đồng Tháp,01,Huyện Châu Thành,091,TT Giáo dục nghề nghiệp - GDTX huyện Châu Thành,"TTr. Cái Tàu Hạ, H.Châu Thành, Đồng Tháp",KV2-NT,
5508,50,Đồng Tháp,01,Huyện Châu Thành,107,THCS và THPT Tân Phú Trung,"Xã Tân Phú Trung, H. Châu Thành, Đồng Tháp",KV2-NT,
5509,50,Đồng Tháp,01,Huyện Châu Thành,801,Trường THPT - Khu vực 1,,KV1,
5510,50,Đồng Tháp,01,Huyện Châu Thành,802,Trường THPT - KV2NT,,KV2-NT,
5511,50,Đồng Tháp,01,Huyện Châu Thành,803,Trường THPT - KV2,,KV2,
5512,50,Đồng Tháp,01,Huyện Châu Thành,804,Trường THPT - Khu vực 3,,KV3,
5513,50,Đồng Tháp,02,Huyện Lai Vung,005,THPT Lai Vung 1,"Xã Long Hậu, H.Lai Vung, Đồng Tháp",KV2-NT,
5514,50,Đồng Tháp,02,Huyện Lai Vung,006,THPT Lai Vung 2,"Xã Tân Hòa, H.Lai Vung, Đồng Tháp",KV2-NT,
5515,50,Đồng Tháp,02,Huyện Lai Vung,007,THPT Lai Vung 3,"Xã Tân Thành, H. Lai Vung, Đồng Tháp",KV2-NT,
5516,50,Đồng Tháp,02,Huyện Lai Vung,008,THPT Phan Văn Bảy,"Xã Long Hậu, H.Lai Vung, Đồng Tháp",KV2-NT,
5517,50,Đồng Tháp,02,Huyện Lai Vung,054,TT Dạy nghề - GDTX Lai Vung,"Xã Long Hậu, H.Lai Vung, Đồng Tháp",KV2-NT,
5518,50,Đồng Tháp,02,Huyện Lai Vung,068,TT GDTX Lai Vung,"TTr. Lai Vung, H.Lai Vung, Đồng Tháp",KV2-NT,
5519,50,Đồng Tháp,02,Huyện Lai Vung,079,THPT bán công Lai Vung,"TTr. Lai Vung, H.Lai Vung, Đồng Tháp",KV2-NT,
5520,50,Đồng Tháp,02,Huyện Lai Vung,092,TT Giáo dục nghề nghiệp - GDTX huyện Lai Vung,"Xã Long Hậu, H.Lai Vung, Đồng Tháp",KV2-NT,
5521,50,Đồng Tháp,03,Huyện Lấp Vò,009,THPT Lấp Vò 1,"TTr. Lấp Vò, H.Lấp Vò, Đồng Tháp",KV2-NT,
5522,50,Đồng Tháp,03,Huyện Lấp Vò,010,THPT Lấp Vò 2,"Xã Tân Mỹ, H.Lấp Vò, Đồng Tháp",KV2-NT,
5523,50,Đồng Tháp,03,Huyện Lấp Vò,011,THPT Lấp Vò 3,"Xã Long Hưng B, H.Lấp Vò, Đồng Tháp",KV2-NT,
5524,50,Đồng Tháp,03,Huyện Lấp Vò,012,THPT Nguyễn Trãi,"TTr. Lấp Vò, H.Lấp Vò, Đồng Tháp",KV2-NT,
5525,50,Đồng Tháp,03,Huyện Lấp Vò,013,THCS & THPT Bình Thạnh Trung,"Xã Bình Thạnh Trung, H. Lấp Vò, Đồng Tháp",KV2-NT,
5526,50,Đồng Tháp,03,Huyện Lấp Vò,055,TT Dạy nghề - GDTX Lấp Vò,"Xã Bình Thạnh Trung, H.Lấp Vò, Đồng Tháp",KV2-NT,
5527,50,Đồng Tháp,03,Huyện Lấp Vò,069,TT GDTX Lấp Vò,"Xã Bình Thạnh Trung, H.Lấp Vò, Đồng Tháp",KV2-NT,
5528,50,Đồng Tháp,03,Huyện Lấp Vò,080,THPT bán công Lấp Vò,"TTr.Lấp Vò, Lấp Vò, Đồng Tháp",KV2-NT,
5529,50,Đồng Tháp,03,Huyện Lấp Vò,093,TT Giáo dục nghề nghiệp - GDTX huyện Lấp Vò,"Xã Bình Thạnh Trung, H.Lấp Vò, Đồng Tháp",KV2-NT,
5530,50,Đồng Tháp,04,Thành phố Sa Đéc,014,THPT Thành phố Sa Đéc,"Phường 1, TP Sa Đéc, Đồng Tháp",KV2,
5531,50,Đồng Tháp,04,Thành phố Sa Đéc,015,THPT Nguyễn Du,"Phường An Hoà, TP Sa Đéc, Đồng Tháp",KV2,
5532,50,Đồng Tháp,04,Thành phố Sa Đéc,016,THPT chuyên Nguyễn Đình Chiểu,"Xã Tân Phú Đông, TP Sa Đéc, Đồng Tháp",KV2,
5533,50,Đồng Tháp,04,Thành phố Sa Đéc,048,TT GDTX thành phố Sa Đéc,"Phường 1, TP Sa Đéc, Đồng Tháp",KV2,
5534,50,Đồng Tháp,04,Thành phố Sa Đéc,060,CĐ nghề Đồng Tháp,"Phường 3, TP Sa Đéc, Đồng Tháp",KV2,
5535,50,Đồng Tháp,04,Thành phố Sa Đéc,077,THPT thị xã Sa Đéc,"Phường 1, TP Sa Đéc, Đồng Tháp",KV2,
5536,50,Đồng Tháp,04,Thành phố Sa Đéc,081,THPT bán công Đồ Chiểu,"Phường 1, TX Sa Đéc, Đồng Tháp",KV2,
5537,50,Đồng Tháp,04,Thành phố Sa Đéc,088,THPT Tư thục Đồ Chiểu,"Phường 1, TX Sa Đéc, Đồng Tháp",KV2,
5538,50,Đồng Tháp,04,Thành phố Sa Đéc,090,THPT Đồ Chiểu,"Phường 1, TX Sa Đéc, Đồng Tháp",KV2,
5539,50,Đồng Tháp,05,Thành phố Cao Lãnh,017,THPT thành phố Cao Lãnh,"Phường Hoa Thuan, TP Cao Lãnh, Đồng Tháp",KV2,
5540,50,Đồng Tháp,05,Thành phố Cao Lãnh,018,THPT Trần Quốc Toản,"Phường 11, TP Cao Lãnh, Đồng Tháp",KV2,
5541,50,Đồng Tháp,05,Thành phố Cao Lãnh,019,THPT Kỹ Thuật,"Phường 1, TP.Cao Lãnh, Đồng Tháp",KV2,
5542,50,Đồng Tháp,05,Thành phố Cao Lãnh,020,THPT Đỗ Công Tường,"Phường Hòa Thuận, TP Cao Lãnh, Đồng Tháp",KV2,
5543,50,Đồng Tháp,05,Thành phố Cao Lãnh,021,THPT Thiên Hộ Dương,"Phường 6, TP Cao Lãnh, Đồng Tháp",KV2,
5544,50,Đồng Tháp,05,Thành phố Cao Lãnh,022,Năng khiếu TDTT,"Phường Mỹ Phú, TP Cao Lãnh, Đồng Tháp",KV2,
5545,50,Đồng Tháp,05,Thành phố Cao Lãnh,023,THPT chuyên Nguyễn Quang Diêu,"Phường Mỹ Phú, TP Cao Lãnh, Đồng Tháp",KV2,
5546,50,Đồng Tháp,05,Thành phố Cao Lãnh,049,TT GDTX - KTHN tỉnh Đồng Tháp,"Phường 1, TP Cao Lãnh, Đồng Tháp",KV2,
5547,50,Đồng Tháp,05,Thành phố Cao Lãnh,061,Trường Trung cấp nghề Giao thông vận tải Đồng Tháp,"Phường Mỹ Phú, TP Cao Lãnh, Đồng Tháp",KV2,
5548,50,Đồng Tháp,05,Thành phố Cao Lãnh,065,CĐ Nghề Cơ điện Xây dựng Việt Xô,"Phường Trung Sơn, Thành phố Tam Điệp, Tỉnh Ninh Bình.",KV2,
5549,50,Đồng Tháp,05,Thành phố Cao Lãnh,066,Cao đẳng cộng đồng Đồng Tháp,"Phường Hòa Thuận, TP Cao Lãnh, Đồng Tháp",KV2,
5550,50,Đồng Tháp,05,Thành phố Cao Lãnh,082,THPT bán công TX Cao Lãnh,"Phường 1, TX Cao Lãnh, Đồng Tháp",KV2,
5551,50,Đồng Tháp,05,Thành phố Cao Lãnh,098,Trung tâm Huấn luyện và Thi đấu thể dục thể thao,"Phường Mỹ Phú, TP cao Lãnh, Đồng Tháp",KV2,
5552,50,Đồng Tháp,05,Thành phố Cao Lãnh,102,TT GDTX tỉnh Đồng Tháp,"Phường 1, TP Cao Lãnh, Đồng Tháp",KV2,
5553,50,Đồng Tháp,05,Thành phố Cao Lãnh,106,"Trường Phổ thông Năng khiếu, Huấn luyện và Thi đấu thể thao","Phường Mỹ Phú, TP Cao Lãnh, Đồng Tháp",KV2,
5554,50,Đồng Tháp,06,Huyện Cao Lãnh,024,THPT Cao Lãnh 1,"TTr. Mỹ Thọ, H.Cao Lãnh, Đồng Tháp",KV2-NT,
5555,50,Đồng Tháp,06,Huyện Cao Lãnh,025,THPT Cao Lãnh 2,"Xã Mỹ Long, H.Cao Lãnh, Đồng Tháp",KV2-NT,
5556,50,Đồng Tháp,06,Huyện Cao Lãnh,026,THPT Thống Linh,"Xã Phương Trà, H. Cao Lãnh, Đồng Tháp",KV2-NT,
5557,50,Đồng Tháp,06,Huyện Cao Lãnh,027,THPT Kiến Văn,"Xã Bình Hàng Trung, H.Cao Lãnh, Đồng Tháp",KV2-NT,
5558,50,Đồng Tháp,06,Huyện Cao Lãnh,028,THCS và THPT Nguyễn Văn Khải,"Xã Bình Hàng Trung, H. Cao Lãnh, Đồng Tháp",KV2-NT,
5559,50,Đồng Tháp,06,Huyện Cao Lãnh,056,TT Dạy nghề - GDTX H.Cao Lãnh,"TTr. Mỹ Thọ, H.Cao Lãnh, Đồng Tháp",KV2-NT,
5560,50,Đồng Tháp,06,Huyện Cao Lãnh,070,TT GDTX huyện Cao Lãnh,"TTr. Mỹ Thọ, H.Cao Lãnh, Đồng Tháp",KV2-NT,
5561,50,Đồng Tháp,06,Huyện Cao Lãnh,083,THPT bán công H. Cao Lãnh,"Xã Mỹ Hội, H.Cao Lãnh, Đồng Tháp",KV2-NT,
5562,50,Đồng Tháp,07,Huyện Tháp Mười,029,THPT Tháp Mười,"TTr. Mỹ An, H.Tháp Mười, Đồng Tháp",KV2-NT,
5563,50,Đồng Tháp,07,Huyện Tháp Mười,030,THPT Trường Xuân,"Xã Trường Xuân, H.Tháp Mười, Đồng Tháp",KV2-NT,
5564,50,Đồng Tháp,07,Huyện Tháp Mười,031,THPT Mỹ Quý,"Xã Mỹ Quý, H.Tháp Mười, Đồng Tháp",KV2-NT,
5565,50,Đồng Tháp,07,Huyện Tháp Mười,032,THPT Đốc Binh Kiều,"TTr. Mỹ An, H. Tháp Mười, Đồng Tháp",KV2-NT,
5566,50,Đồng Tháp,07,Huyện Tháp Mười,033,THPT Phú Điền,"Xã Phú Điền, H. Tháp Mười, Đồng Tháp",KV2-NT,
5567,50,Đồng Tháp,07,Huyện Tháp Mười,050,Trung cấp nghề - GDTX Tháp Mười,"TTr. Mỹ An, H.Tháp Mười, Đồng Tháp",KV2-NT,
5568,50,Đồng Tháp,07,Huyện Tháp Mười,062,Trường TC Nghề Tháp Mười,"TTr. Mỹ An, H. Tháp Mười, Đồng Tháp",KV2-NT,
5569,50,Đồng Tháp,07,Huyện Tháp Mười,071,TT GDTX Tháp Mười,"TTr. Mỹ An, H. Tháp Mười, Đồng Tháp",KV2-NT,
5570,50,Đồng Tháp,07,Huyện Tháp Mười,084,THPT bán công Tháp Mười,"TTr. Mỹ An, H. Tháp Mười, Đồng Tháp",KV2-NT,
5571,50,Đồng Tháp,08,Huyện Tam Nông,034,THPT Tam Nông,"Xã Phú Ninh, H.Tam Nông, Đồng Tháp",KV2-NT,
5572,50,Đồng Tháp,08,Huyện Tam Nông,035,THPT Tràm Chim,"TTr. Tràm Chim, H.Tam Nông, Đồng Tháp",KV2-NT,
5573,50,Đồng Tháp,08,Huyện Tam Nông,036,THCS và THPT Hòa Bình,"Xã Hòa Bình , H. Tam Nông, Đồng Tháp",KV2-NT,
5574,50,Đồng Tháp,08,Huyện Tam Nông,057,TT Dạy nghề - GDTX Tam Nông,"TTr. Tràm Chim, H.Tam Nông, Đồng Tháp",KV2-NT,
5575,50,Đồng Tháp,08,Huyện Tam Nông,072,TT GDTX Tam Nông,"TTr. Tràm Chim, H.Tam Nông, Đồng Tháp",KV2-NT,
5576,50,Đồng Tháp,08,Huyện Tam Nông,085,THPT bán công Tam Nông,"Xã An Long, Tam Nông, Đồng Tháp",KV2-NT,
5577,50,Đồng Tháp,08,Huyện Tam Nông,089,THPT Lê Quí Đôn,"xã An Long, Tam Nông, Đồng Tháp",KV2-NT,
5578,50,Đồng Tháp,08,Huyện Tam Nông,099,THCS - THPT Phú Thành A,"xã Phú Thành A, huyện Tam Nông, Đồng Tháp",KV2-NT,
5579,50,Đồng Tháp,09,Huyện Thanh Bình,037,THPT Thanh Bình 1,"TTr. Thanh Bình, H.Thanh Bình, Đồng Tháp",KV2-NT,
5580,50,Đồng Tháp,09,Huyện Thanh Bình,038,THPT Thanh Bình 2,"Xã Tân Bình, H.Thanh Bình, Đồng Tháp",KV2-NT,
5581,50,Đồng Tháp,09,Huyện Thanh Bình,039,THPT Trần Văn Năng,"TTr. Thanh Bình, H.Thanh Bình, Đồng Tháp",KV2-NT,
5582,50,Đồng Tháp,09,Huyện Thanh Bình,051,Trung cấp nghề - GDTX Thanh Bình,"TTr. Thanh Bình, H.Thanh Bình, Đồng Tháp",KV2-NT,
5583,50,Đồng Tháp,09,Huyện Thanh Bình,063,Trung cấp nghề Thanh Bình,"TTr. Thanh Bình, H. Thanh Bình, Đồng Tháp",KV2-NT,
5584,50,Đồng Tháp,09,Huyện Thanh Bình,073,TT GDTX Thanh Bình,"TTr. Thanh Bình, H. Thanh Bình, Đồng Tháp",KV2-NT,
5585,50,Đồng Tháp,09,Huyện Thanh Bình,086,THPT bán công Thanh Bình,"TTr.Thanh Bình, Thanh Bình, Đồng Tháp",KV2-NT,
5586,50,Đồng Tháp,09,Huyện Thanh Bình,100,THCS - THPT Tân Mỹ,"xã Tân Mỹ, huyện Thanh Bình, Đồng Tháp",KV2-NT,
5587,50,Đồng Tháp,10,Thị xã Hồng Ngự,040,THPT Hồng Ngự 1,"Phường An Lộc,TX. Hồng Ngự, Đồng Tháp",KV2,
5588,50,Đồng Tháp,10,Thị xã Hồng Ngự,041,THPT Chu Văn An,"Phường An Thạnh, TX. Hồng Ngự, Đồng Tháp",KV2,
5589,50,Đồng Tháp,10,Thị xã Hồng Ngự,052,Trung cấp nghề - GDTX Hồng Ngự,"Xã An Bình A, TX. Hồng Ngự, Đồng Tháp",KV2,
5590,50,Đồng Tháp,10,Thị xã Hồng Ngự,064,Trường TC Nghề Hồng Ngự,"Phường An Lộc, TX. Hồng Ngự, Đồng Tháp",KV2,
5591,50,Đồng Tháp,10,Thị xã Hồng Ngự,074,TT GDTX TX Hồng Ngự,"Phường An Thạnh, TX. Hồng Ngự, Đồng Tháp",KV2,
5592,50,Đồng Tháp,11,Huyện Hồng Ngự,042,THPT Hồng Ngự 2,"Xã Phú Thuận A, H.Hồng Ngự, Đồng Tháp",KV2-NT,
5593,50,Đồng Tháp,11,Huyện Hồng Ngự,043,THPT Hồng Ngự 3,"Thị trấnThường Thới Tiền, H.Hồng Ngự, Đồng Tháp",KV2-NT,
5594,50,Đồng Tháp,11,Huyện Hồng Ngự,044,THPT Long Khánh A,"Xã Long Khánh A, H. Hồng Ngự, Đồng Tháp",KV2-NT,
5595,50,Đồng Tháp,11,Huyện Hồng Ngự,058,TT Dạy nghề - GDTX huyện Hồng Ngự,"Xã Thường Thới Tiền, H.Hồng Ngự, Đồng Tháp",KV2-NT,
5596,50,Đồng Tháp,11,Huyện Hồng Ngự,075,TT GDTX huyện Hồng Ngự,"Xã Thường Thới Tiền, H.Hồng Ngự, Đồng Tháp",KV2-NT,
5597,50,Đồng Tháp,11,Huyện Hồng Ngự,087,THPT bán công Hồng Ngự,"TTr.Hồng Ngự, Hồng Ngự, Đồng Tháp",KV2-NT,
5598,50,Đồng Tháp,11,Huyện Hồng Ngự,094,TT Giáo dục nghề nghiệp - GDTX huyện Hồng Ngự,"Xã Thường Thới Tiền, H.Hồng Ngự, Đồng Tháp",KV2-NT,
5599,50,Đồng Tháp,11,Huyện Hồng Ngự,096,THPT Hồng Ngự 1,"QL 30, Hồng Ngự, Đồng Tháp",KV2-NT,
5600,50,Đồng Tháp,11,Huyện Hồng Ngự,097,THPT Chu Văn An,"Hồng Ngự, Đồng Tháp",KV2-NT,
5601,50,Đồng Tháp,12,Huyện Tân Hồng,045,THPT Tân Hồng,"TTr. Sa Rài, H.Tân Hồng, Đồng Tháp",KV2-NT,
5602,50,Đồng Tháp,12,Huyện Tân Hồng,046,THPT Giồng Thị Đam,"Xã An Phước, H.Tân Hồng, Đồng Tháp",KV2-NT,
5603,50,Đồng Tháp,12,Huyện Tân Hồng,047,THPT Tân Thành,"Xã Tân Thành A H. Tân Hồng, Đồng Tháp",KV2-NT,
5604,50,Đồng Tháp,12,Huyện Tân Hồng,059,TT Dạy nghề - GDTX Tân Hồng,"TTr. Sa Rài, H.Tân Hồng, Đồng Tháp",KV2-NT,
5605,50,Đồng Tháp,12,Huyện Tân Hồng,076,TT GDTX Tân Hồng,"TTr. Sa Rài, H.Tân Hồng, Đồng Tháp",KV2-NT,
5606,50,Đồng Tháp,12,Huyện Tân Hồng,095,TT Giáo dục nghề nghiệp - GDTX huyện Tân Hồng,"TTr. Sa Rài, H.Tân Hồng, Đồng Tháp",KV2-NT,
5607,50,Đồng Tháp,12,Huyện Tân Hồng,101,THCS và THPT Giồng Thị Đam,"xã Tân Phước, huyện Tân Hồng, Đồng Tháp",KV2-NT,
5608,50,Đồng Tháp,12,Huyện Tân Hồng,105,THCS và THPT Tân Thành,"Xã Tân Thành A H. Tân Hồng, Đồng Tháp",KV2-NT,
5609,50,Đồng Tháp,13,Thành phố Hồng Ngự,103,THPT Hồng Ngự 1,"Phường An Lộc,TP. Hồng Ngự, Đồng Tháp",KV2,
5610,50,Đồng Tháp,13,Thành phố Hồng Ngự,104,THPT Chu Văn An,"Phường An Thạnh, TP. Hồng Ngự, Đồng Tháp",KV2,
5611,50,Đồng Tháp,13,Thành phố Hồng Ngự,108,THPT thành phố Hồng Ngự,"Phường An Lộc,TP. Hồng Ngự, Đồng Tháp",KV2,
5612,50,Đồng Tháp,13,Thành phố Hồng Ngự,109,TT GDTX thành phố Hồng Ngự,"Phường An Lộc,TP. Hồng Ngự, Đồng Tháp",KV2,
5613,51,An Giang,00,Sở Giáo dục và Đào tạo,800,Học ở nước ngoài_51,,KV3,
5614,51,An Giang,00,Sở Giáo dục và Đào tạo,900,"Quân nhân, Công an tại ngũ_51",0000,KV2,
5615,51,An Giang,01,Thành phố Long Xuyên,001,THPT Long Xuyên,"Ph. Mỹ Long, Long Xuyên",KV2,
5616,51,An Giang,01,Thành phố Long Xuyên,002,THPT Chuyên Thoại Ngọc Hầu,"5B Tôn Đức Thắng, P. Mỹ Bình, TP.Long Xuyên",KV2,
5617,51,An Giang,01,Thành phố Long Xuyên,003,PT ISCHOOL Long Xuyên,"khóm Bình Thới 3, P. Bình Khánh, TP. Long Xuyên",KV2,
5618,51,An Giang,01,Thành phố Long Xuyên,004,THPT Mỹ Thới,"P. Mỹ Thới, Long Xuyên",KV2,
5619,51,An Giang,01,Thành phố Long Xuyên,005,CĐ Nghề An Giang,"165A Trần Hưng Đạo, P.Bình Khánh,Long Xuyên, AG",KV2,
5620,51,An Giang,01,Thành phố Long Xuyên,006,TT GDTX An Giang,"P. Mỹ Xuyên, Long Xuyên",KV2,
5621,51,An Giang,01,Thành phố Long Xuyên,007,PT Chưởng Binh Lễ,"P. Mỹ Bình, Long Xuyên",KV2,
5622,51,An Giang,01,Thành phố Long Xuyên,045,TH Y Tế,"số 20 nguyễn văn linh, P. Mỹ Phước,Long Xuyên, AG",KV2,
5623,51,An Giang,01,Thành phố Long Xuyên,051,THPT Bình Khánh,"P. Bình Khánh, Long Xuyên",KV2,
5624,51,An Giang,01,Thành phố Long Xuyên,068,Năng khiếu thể thao,"P. Mỹ Bình, Long Xuyên, AG",KV2,
5625,51,An Giang,01,Thành phố Long Xuyên,069,THPT Mỹ Hòa Hưng,"ấp Mỹ an 1, xã Mỹ Hòa Hưng, TP Long Xuyên, AG",KV2,
5626,51,An Giang,01,Thành phố Long Xuyên,070,TC Nghề KTKT Công Đoàn AG,"Đường Quản Cơ Thành, P. Bình Khánh, Long Xuyên, AG",KV2,
5627,51,An Giang,01,Thành phố Long Xuyên,074,PT Thực hành Sư phạm,"20 Võ Thị Sáu, P. Đông Xuyên, Long Xuyên, AG",KV2,
5628,51,An Giang,01,Thành phố Long Xuyên,075,PT Quốc tế GIS,"P. Mỹ Hòa (khu hành chính), Long Xuyên, AG",KV2,
5629,51,An Giang,01,Thành phố Long Xuyên,078,THPT Nguyễn Công Trứ,"P. Mỹ Thới, Long Xuyên",KV2,
5630,51,An Giang,01,Thành phố Long Xuyên,086,THPT Nguyễn Hiền,"P. Bình Khánh, Long Xuyên, AG",KV2,
5631,51,An Giang,01,Thành phố Long Xuyên,096,THCS-THPT Mỹ Hòa Hưng,"ấp Mỹ an 1, xã Mỹ Hòa Hưng, TP Long Xuyên, AG",KV2,
5632,51,An Giang,01,Thành phố Long Xuyên,101,Cao Đẳng Y Tế An Giang,"số 20 Nguyễn Văn Linh, P. Mỹ Phước,Long Xuyên, AG",KV2,
5633,51,An Giang,01,Thành phố Long Xuyên,102,"Trung tâm Đào tạo, Huấn luyện & Thi đấu Thể dục thể thao AG","25 Yết Kiêu, phường Mỹ Bình, Tp. Long Xuyên, tỉnh An Giang",KV2,
5634,51,An Giang,01,Thành phố Long Xuyên,801,Trường THPT - Khu vực 1,,KV1,
5635,51,An Giang,01,Thành phố Long Xuyên,802,Trường THPT - KV2NT,,KV2-NT,
5636,51,An Giang,01,Thành phố Long Xuyên,803,Trường THPT - KV2,,KV2,
5637,51,An Giang,01,Thành phố Long Xuyên,804,Trường THPT - Khu vực 3,,KV3,
5638,51,An Giang,02,Thành phố Châu Đốc,008,THPT Chuyên Thủ Khoa Nghĩa,"Nguyễn Đình Chiểu, P. Châu phú A, TP. Châu Đốc",KV2,
5639,51,An Giang,02,Thành phố Châu Đốc,009,THPT Võ Thị Sáu,"Lê Lợi, P. Châu Phú B, TP. Châu Đốc",KV2,
5640,51,An Giang,02,Thành phố Châu Đốc,055,TT. GDTX Châu Đốc,"P. Châu phú A, thị xã Châu Đốc",KV2,
5641,51,An Giang,02,Thành phố Châu Đốc,071,TC Nghề Châu Đốc,"khóm Châu Long 8, P.Châu Long, TP. Châu Đốc",KV2,
5642,51,An Giang,02,Thành phố Châu Đốc,081,PT DTNT THPT An Giang,"Khóm Châu Thới 1, P. Châu Phú B, TP Châu Đốc, AG",KV1,DTNT
5643,51,An Giang,02,Thành phố Châu Đốc,104,THPT Châu Thị Tế,"đường Lê Hồng Phong, Phường Núi Sam, Thành phố Châu Đốc, Tỉnh An Giang",KV2,
5644,51,An Giang,02,Thành phố Châu Đốc,106,TC Kỹ Thuật-Tổng hợp An Giang _CĐ (từ năm 14/06/2021),"Đường Mậu Thân, P. Châu Phú B, Tp. Châu Đốc",KV2,
5645,51,An Giang,03,Huyện An Phú,010,THPT An Phú,"TTr. An Phú, H. An Phú",KV2-NT,
5646,51,An Giang,03,Huyện An Phú,011,THPT An Phú 2,"TTr. An Phú, H. An Phú",KV2-NT,
5647,51,An Giang,03,Huyện An Phú,012,THPT Quốc Thái (trước 04/06/2021),"Ấp Đồng Ky, xã Quốc Thái, H. An phú",KV1,
5648,51,An Giang,03,Huyện An Phú,062,TTDN-GDTX An Phú,"ấp An Hưng, TTr. An Phú, H. An Phú",KV2-NT,
5649,51,An Giang,03,Huyện An Phú,066,THPT Vĩnh Lộc,"ấp 1, xã Vĩnh Lộc, An Phú",KV2-NT,
5650,51,An Giang,03,Huyện An Phú,092,TT GDNN-GDTX An Phú,"ấp An Hưng, TTr. An Phú, H. An Phú, AG",KV2-NT,
5651,51,An Giang,03,Huyện An Phú,098,THCS-THPT Vĩnh Lộc,"Ấp Vĩnh Thạnh, Xã Vĩnh Lộc, An Phú, AG",KV2-NT,
5652,51,An Giang,03,Huyện An Phú,099,THPT Lương Thế Vinh,"TTr. An Phú, H. An Phú, AG",KV2-NT,
5653,51,An Giang,03,Huyện An Phú,110,THPT Quốc Thái (từ 16/09/2021),"Ấp Đồng Ky, xã Quốc Thái, huyện An Phú, tỉnh An Giang",KV2-NT,
5654,51,An Giang,03,Huyện An Phú,117,THCS-THPT Long Bình,"ấp Tân Khánh, TT. Long Bình, huyện An Phú, tỉnh An Giang",KV2-NT,
5655,51,An Giang,04,Thị xã Tân Châu,013,THPT Tân Châu,"Thị xã Tân Châu, An Giang",KV2,
5656,51,An Giang,04,Thị xã Tân Châu,014,THPT Đức Trí (Trước 29/7/2019),"Thị xã Tân Châu, An Giang",KV2,
5657,51,An Giang,04,Thị xã Tân Châu,015,THPT Vĩnh Xương (trước 04/06/2021),"Xã Vĩnh Xương, thị xã Tân Châu, AG",KV1,
5658,51,An Giang,04,Thị xã Tân Châu,050,THPT Châu Phong,"Vĩnh Lợi I, Châu Phong, TX.Tân Châu",KV1,
5659,51,An Giang,04,Thị xã Tân Châu,056,TT. GDTX Tân Châu,"TTr. Tân Châu, H. Tân Châu",KV2,
5660,51,An Giang,04,Thị xã Tân Châu,067,THPT Nguyễn Quang Diêu,"ấp Tân Phú B, xã Tân An, Thị xã Tân Châu, AG",KV2,
5661,51,An Giang,04,Thị xã Tân Châu,072,TC Nghề Tân Châu,"ấp Tân Phú, xã Tân An, Thị xã Tân Châu, AG",KV2,
5662,51,An Giang,04,Thị xã Tân Châu,103,THPT Nguyễn Sinh Sắc,"Tỉnh lộ 954, khóm Long Hưng 2, P. Long Sơn, TX Tân Châu, AG",KV2,
5663,51,An Giang,04,Thị xã Tân Châu,107,TC Kỹ Thuật-Tổng hợp An Giang _TC (từ năm 14/06/2021),"01 Võ Văn Tần, P. Long Hưng, Tx. Tân Châu, H. Tân Châu , An Giang",KV2,
5664,51,An Giang,04,Thị xã Tân Châu,109,THPT Vĩnh Xương (từ 16/09/2021),"ấp 4, Vĩnh Xương, Tân Châu, An Giang",KV2,
5665,51,An Giang,05,Huyện Phú Tân,016,THPT Chu Văn An,"TTr. Phú Mỹ, H. Phú Tân",KV2-NT,
5666,51,An Giang,05,Huyện Phú Tân,017,PT Phú Tân,"TTr. Phú Mỹ, H. Phú Tân",KV2-NT,
5667,51,An Giang,05,Huyện Phú Tân,018,THPT Nguyễn Chí Thanh,"TTr. Chợ Vàm, H. Phú Tân",KV2-NT,
5668,51,An Giang,05,Huyện Phú Tân,046,THPT Hoà Lạc,"Xã Hòa Lạc, H. Phú Tân",KV2-NT,
5669,51,An Giang,05,Huyện Phú Tân,052,THPT Bình Thạnh Đông,"Xã Bình Thạnh Đông, Phú Tân",KV2-NT,
5670,51,An Giang,05,Huyện Phú Tân,057,TTDN-GDTX Phú Tân,"ấp trung 1, TTr. Phú Mỹ, H. Phú Tân",KV2-NT,
5671,51,An Giang,05,Huyện Phú Tân,079,THCS-THPT Phú Tân,"TTr. Phú Mỹ, H. Phú Tân",KV2-NT,
5672,51,An Giang,05,Huyện Phú Tân,087,TT GDNN-GDTX Phú Tân,"ấp trung 1, TTr. Phú Mỹ, H. Phú Tân, AG",KV2-NT,
5673,51,An Giang,06,Huyện Tịnh Biên,024,THPT Tịnh Biên (trước 04/06/2021),"TTr. Nhà Bàng, H. Tịnh Biên",KV1,
5674,51,An Giang,06,Huyện Tịnh Biên,025,THPT Chi Lăng (trước 04/06/2021),"TTr. Chi Lăng, H. Tịnh Biên",KV1,
5675,51,An Giang,06,Huyện Tịnh Biên,026,THPT Xuân Tô (trước 04/06/2021),"TTr. Tịnh Biên, H. Tịnh Biên",KV1,
5676,51,An Giang,06,Huyện Tịnh Biên,064,TTDN-GDTX Tịnh Biên,"Khóm Xuân Phú, TTr. Tịnh Biên, H. Tịnh Biên",KV1,
5677,51,An Giang,06,Huyện Tịnh Biên,094,TT GDNN-GDTX Tịnh Biên (trước 04/06/2021),"Khóm Xuân Phú, TTr. Tịnh Biên, H. Tịnh Biên, AG",KV1,
5678,51,An Giang,06,Huyện Tịnh Biên,111,THPT Tịnh Biên (từ 16/09/2021),"Qlộ 91, khóm Sơn Đông, thị trấn Nhà Bàng, huyện Tịnh Biên, tỉnh An Giang",KV2-NT,
5679,51,An Giang,06,Huyện Tịnh Biên,112,THPT Chi Lăng (từ 16/09/2021),"khóm 2, thị trấn Chi Lăng, huyện Tịnh Biên, tỉnh An Giang",KV2-NT,
5680,51,An Giang,06,Huyện Tịnh Biên,113,THPT Xuân Tô (từ 16/09/2021),"Đường Nguyễn Đình Chiểu, khóm Xuân Hòa, TTr. Tịnh Biên, Tịnh Biên, An Giang",KV2-NT,
5681,51,An Giang,06,Huyện Tịnh Biên,114,TT GDNN-GDTX Tịnh Biên (từ 16/09/2021),"số 60 Phú Hữu, khóm Xuân Phú, TT Tịnh Biên, Tịnh Biên, AG",KV2-NT,
5682,51,An Giang,06,Huyện Tịnh Biên,119,THPT Tịnh Biên từ năm 2024),"Khóm Sơn Đông, TX. Tịnh Biên, Tỉnh An Giangên, An Giang",KV2,
5683,51,An Giang,06,Huyện Tịnh Biên,120,THPT Chi Lăng (từ năm 2024),"Khóm II, phường Chi Lăng, Tịnh Biên, An Giang",KV2,
5684,51,An Giang,06,Huyện Tịnh Biên,121,THPT Xuân Tô (từ năm 2024),"khóm Xuân Hòa, phường Tịnh Biên, thị xã Tịnh Biên, An Giang",KV2,
5685,51,An Giang,06,Huyện Tịnh Biên,122,TT GDNN-GDTX Tịnh Biên (từ năm 2024),"Khóm Xuân Phú, Phường Tịnh Biên, Thị xã Tịnh Biên, An Giang",KV2,
5686,51,An Giang,07,Huyện Tri Tôn,027,THPT Nguyễn Trung Trực,"TTr. Tri Tôn, H. Tri Tôn",KV1,
5687,51,An Giang,07,Huyện Tri Tôn,028,THPT Dân Tộc Nội Trú,"Xã Châu Lăng, H. Tri Tôn",KV1,DTNT
5688,51,An Giang,07,Huyện Tri Tôn,029,THPT Ba Chúc,"TTr. Ba Chúc, H. Tri Tôn",KV1,
5689,51,An Giang,07,Huyện Tri Tôn,065,TT. GDTX Tri Tôn,"TTr. Tri Tôn, H. Tri Tôn",KV1,
5690,51,An Giang,07,Huyện Tri Tôn,073,TC Nghề Dân tộc Nội Trú AG,"ấp Tô Hạ, xã Núi Tô, H. Tri Tôn, AG",KV1,DTNT
5691,51,An Giang,07,Huyện Tri Tôn,077,PT Cô Tô,"Sóc Triết, xã Cô Tô, Tri Tôn, An Giang",KV1,
5692,51,An Giang,07,Huyện Tri Tôn,095,TT GDNN-GDTX Tri Tôn,"TTr. Tri Tôn, H. Tri Tôn, AG",KV1,
5693,51,An Giang,07,Huyện Tri Tôn,097,THCS-THPT Cô Tô,"Sóc Triết, xã Cô Tô, Tri Tôn, An Giang",KV1,
5694,51,An Giang,08,Huyện Châu Phú,019,THPT Trần Văn Thành,"TTr. Cái Dầu, H. Châu Phú",KV2-NT,
5695,51,An Giang,08,Huyện Châu Phú,020,THPT Châu Phú,"Xã Mỹ Đức, H. Châu phú",KV2-NT,
5696,51,An Giang,08,Huyện Châu Phú,021,THPT Thạnh Mỹ Tây,"Xã Thạnh Mỹ Tây, H. Châu Phú",KV2-NT,
5697,51,An Giang,08,Huyện Châu Phú,022,THPT Bình Mỹ (trước 04/06/2021),"Xã Bình Mỹ, H. Châu Phú",KV1,
5698,51,An Giang,08,Huyện Châu Phú,023,PT Bình Long,"Xã Bình Long, H. Châu Phú",KV2-NT,
5699,51,An Giang,08,Huyện Châu Phú,061,TTDN-GDTX Châu Phú,"ấp Vĩnh Thuận, xã Vĩnh Thạnh Trung, H. Châu Phú, AG",KV2-NT,
5700,51,An Giang,08,Huyện Châu Phú,076,TC Kinh tế - Kỹ thuật AG,"QL91, tổ10, ấpVĩnh Phú, xã Vĩnh Thạnh Trung, Châu Phú, AG",KV2-NT,
5701,51,An Giang,08,Huyện Châu Phú,080,THCS-THPT Bình Long,"Xã Bình Long, H. Châu Phú",KV2-NT,
5702,51,An Giang,08,Huyện Châu Phú,091,TT GDNN-GDTX Châu Phú,"ấp Vĩnh Thuận, xã Vĩnh Thạnh Trung, H. Châu Phú, AG",KV2-NT,
5703,51,An Giang,08,Huyện Châu Phú,105,THCS-THPT Bình Chánh,"ấp Bình Lộc, xã Bình Chánh, H. Châu Phú, T. An Giang",KV2-NT,
5704,51,An Giang,08,Huyện Châu Phú,108,TC Kỹ Thuật-Tổng hợp An Giang _CP (từ năm 14/06/2021),"297, Vĩnh Phú, Vĩnh Thanh Trung, Châu Phú, An Giang",KV2-NT,
5705,51,An Giang,08,Huyện Châu Phú,115,THPT Bình Mỹ (từ 16/09/2021),": tổ 1, ấp Bình Trung, Xã Bình Mỹ, huyện Châu Phú, tỉnh An Giang",KV2-NT,
5706,51,An Giang,09,Huyện Chợ Mới,030,THPT Nguyễn Hữu Cảnh,"TTr. Chợ Mới, H. Chợ Mới",KV2-NT,
5707,51,An Giang,09,Huyện Chợ Mới,031,THPT Châu Văn Liêm,"TTr. Mỹ Luông, H. Chợ Mới",KV2-NT,
5708,51,An Giang,09,Huyện Chợ Mới,032,THPT Huỳnh Thị Hưởng,"Xã Hội An, H. Chợ Mới",KV2-NT,
5709,51,An Giang,09,Huyện Chợ Mới,033,THPT Long Kiến,"Xã Long Kiến, H. Chợ Mới",KV2-NT,
5710,51,An Giang,09,Huyện Chợ Mới,034,THPT Mỹ Hiệp,"Xã Mỹ Hiệp, H. Chợ Mới",KV2-NT,
5711,51,An Giang,09,Huyện Chợ Mới,047,THPT Mỹ Hội Đông,"Xã Mỹ Hội Đông, H. Chợ Mới",KV2-NT,
5712,51,An Giang,09,Huyện Chợ Mới,049,THPT Hòa Bình,"Xã Hòa Bình, H. Chợ Mới",KV2-NT,
5713,51,An Giang,09,Huyện Chợ Mới,058,TT. GDTX Chợ Mới,"TTr. Chợ Mới, H. Chợ Mới",KV2-NT,
5714,51,An Giang,09,Huyện Chợ Mới,059,TT. GDTX Mỹ Luông,"TTr. Mỹ Luông, H. Chợ Mới",KV2-NT,
5715,51,An Giang,09,Huyện Chợ Mới,082,THPT Ung Văn Khiêm,"Xã Long Kiến, H. Chợ Mới, AG",KV2-NT,
5716,51,An Giang,09,Huyện Chợ Mới,083,THPT Nguyễn Văn Hưởng,"Xã Mỹ Hiệp, H. Chợ Mới, AG",KV2-NT,
5717,51,An Giang,09,Huyện Chợ Mới,084,THPT Lương Văn Cù,"Xã Mỹ Hội Đông, H. Chợ Mới, AG",KV2-NT,
5718,51,An Giang,09,Huyện Chợ Mới,085,THPT Võ Thành Trinh,"Xã Hòa Bình, H. Chợ Mới, AG",KV2-NT,
5719,51,An Giang,09,Huyện Chợ Mới,088,TT GDNN-GDTX Chợ Mới,"Châu văn Liêm, TTr. Chợ Mới, H. Chợ Mới, AG",KV2-NT,
5720,51,An Giang,09,Huyện Chợ Mới,089,TC Nghề Chợ Mới,"TTr. Mỹ Luông, H. Chợ Mới, AG",KV2-NT,
5721,51,An Giang,09,Huyện Chợ Mới,100,TC Kỹ thuật - Công nghệ An Giang,"Đường 942, Lộ Vòng cung, ấp Mỹ Hòa, TTr. Mỹ Luông, huyện Chợ Mới, AG",KV2-NT,
5722,51,An Giang,10,Huyện Châu Thành,037,THPT Nguyễn Bỉnh Khiêm,"ấp Hòa Long 3, TTr. An Châu, H. Châu Thành",KV2-NT,
5723,51,An Giang,10,Huyện Châu Thành,039,THPT Vĩnh Bình,"Xã Vĩnh Bình, H. Châu Thành",KV2-NT,
5724,51,An Giang,10,Huyện Châu Thành,053,THPT Cần Đăng (trước 04/06/2021),"Xã Cần Đăng, H. Châu Thành",KV1,
5725,51,An Giang,10,Huyện Châu Thành,063,TTDN-GDTX Châu Thành,"ấp Hòa Long 1, TTr. An Châu, H. Châu Thành",KV2-NT,
5726,51,An Giang,10,Huyện Châu Thành,093,TT GDNN-GDTX Châu Thành,"ấp Hòa Long 1, TTr. An Châu, H. Châu Thành, AG",KV2-NT,
5727,51,An Giang,10,Huyện Châu Thành,116,THPT Cần Đăng (từ 16/09/2021),Cần Thạnh- Xã Cần Đăng- Huyện Châu Thành – Tỉnh An Giang,KV2-NT,
5728,51,An Giang,10,Huyện Châu Thành,118,THCS-THPT Vĩnh Nhuận (năm 2024),"ấp Vĩnh Lợi, xã Vĩnh Nhuận, huyện Châu Thành, AG",KV2-NT,
5729,51,An Giang,11,Huyện Thoại Sơn,040,THPT Nguyễn Văn Thoại,"Nam Sơn, TTr. Núi Sập, H. Thoại Sơn",KV2-NT,
5730,51,An Giang,11,Huyện Thoại Sơn,041,THPT Nguyễn Khuyến,"Ấp Phú An, TTr. Phú Hòa, H. Thoại Sơn",KV2-NT,
5731,51,An Giang,11,Huyện Thoại Sơn,044,THPT Vọng Thê,"TTr. óc Eo, H. Thoại Sơn",KV1,
5732,51,An Giang,11,Huyện Thoại Sơn,048,THPT Vĩnh Trạch,"Xã Vĩnh Trạch, H. Thoại Sơn",KV2-NT,
5733,51,An Giang,11,Huyện Thoại Sơn,060,TTDN-GDTX Thoại Sơn,"ấp Tây Sơn, TTr. Núi Sập, H. Thoại Sơn",KV2-NT,
5734,51,An Giang,11,Huyện Thoại Sơn,090,TT GDNN-GDTX Thoại Sơn,"ấp Tây Sơn, TTr. Núi Sập, H. Thoại Sơn, AG",KV2-NT,
5735,52,Bà Rịa-Vũng Tàu,00,Sở Giáo dục và Đào tạo,800,Học ở nước ngoài_52,,KV3,
5736,52,Bà Rịa-Vũng Tàu,00,Sở Giáo dục và Đào tạo,900,"Quân nhân, Công an tại ngũ_52",,KV3,
5737,52,Bà Rịa-Vũng Tàu,01,Thành phố Vũng Tàu,001,THPT Vũng Tàu,"Số 9,đường Thi Sách, Phường 8",KV2,
5738,52,Bà Rịa-Vũng Tàu,01,Thành phố Vũng Tàu,002,THPT Trần Nguyên Hãn,"số 16, đường 30/4, Phường 9",KV2,
5739,52,Bà Rịa-Vũng Tàu,01,Thành phố Vũng Tàu,003,THPT Đinh Tiên Hoàng,"16/15/2 XVNT, phường Thắng Tam, Tp Vũng Tàu",KV2,
5740,52,Bà Rịa-Vũng Tàu,01,Thành phố Vũng Tàu,004,THPT Chuyên Lê Quý Đôn,"Đường 3/2 Ph. 11, TP Vũng Tàu",KV2,
5741,52,Bà Rịa-Vũng Tàu,01,Thành phố Vũng Tàu,005,THPT Nguyễn Huệ,"Số 443, Bùi Thiện Ngộ, Phường Rạch Dừa",KV2,
5742,52,Bà Rịa-Vũng Tàu,01,Thành phố Vũng Tàu,006,THPT Lê Hồng Phong,"Số 209, đường Bình Giã, Phường 8",KV2,
5743,52,Bà Rịa-Vũng Tàu,01,Thành phố Vũng Tàu,007,"TH, THCS và THPT Nguyễn Thị Minh Khai","Số 353/30/16, Bùi Thiện Ngộ, phường 10, Tp Vũng Tàu",KV2,
5744,52,Bà Rịa-Vũng Tàu,01,Thành phố Vũng Tàu,008,THCS - THPT Song ngữ,"Số 1 A Nguyễn Trường Tộ, P.3, Tp Vũng Tàu",KV2,
5745,52,Bà Rịa-Vũng Tàu,01,Thành phố Vũng Tàu,034,TTGDTX-HN Vũng Tàu,"15 Nguyễn Du, phường 1",KV2,
5746,52,Bà Rịa-Vũng Tàu,01,Thành phố Vũng Tàu,046,"Tiểu học, THCS, THPT Việt Mỹ","Phường 1, TP.Vũng Tàu, BRVT",KV2,
5747,52,Bà Rịa-Vũng Tàu,01,Thành phố Vũng Tàu,049,THPT Nguyễn Khuyến,Phường 12,KV2,
5748,52,Bà Rịa-Vũng Tàu,01,Thành phố Vũng Tàu,061,"BTVH Cấp 2,3 Nguyễn Thái Học",Ph. 8 Vũng Tàu,KV2,
5749,52,Bà Rịa-Vũng Tàu,01,Thành phố Vũng Tàu,062,CĐ nghề Dầu khí,"Số 43 đường 30 tháng 4, Ph. 9, Tp Vũng Tàu",KV2,
5750,52,Bà Rịa-Vũng Tàu,01,Thành phố Vũng Tàu,063,TC nghề Giao thông vận tải,"Đường 3 tháng 2, Ph. 11, Tp Vũng Tàu",KV2,
5751,52,Bà Rịa-Vũng Tàu,01,Thành phố Vũng Tàu,064,TC Công nghệ thông tin TM. COMPUTER,"Số 565 Trương Công Định, P.7, Tp Vũng Tàu",KV2,
5752,52,Bà Rịa-Vũng Tàu,01,Thành phố Vũng Tàu,067,CĐ nghề Du lịch Vũng Tàu,"Số 459 Trương Công Định, P.7, Tp Vũng Tàu",KV2,
5753,52,Bà Rịa-Vũng Tàu,01,Thành phố Vũng Tàu,068,TC nghề KTKT Công đoàn Bà Rịa - VT,"Số 1A Nguyễn Trường Tộ, P.3, Tp Vũng Tàu",KV2,
5754,52,Bà Rịa-Vũng Tàu,01,Thành phố Vũng Tàu,071,TH-THCS-THPT HAPPY SCHOOL,"Số 43 D, đường 30 tháng 4, Phường 9, Tp.Vũng Tàu, Bà Rịa - Vũng Tàu",KV2,
5755,52,Bà Rịa-Vũng Tàu,01,Thành phố Vũng Tàu,072,TH-THCS-THPT Khai Nguyên,"Số 1 đường Tố Hữu, Phường 9, TP. Vũng Tàu, tỉnh Bà Rịa - Vũng Tàu",KV2,
5756,52,Bà Rịa-Vũng Tàu,01,Thành phố Vũng Tàu,073,TH-THCS-THPT Quốc tế Việt Nam - Singapore,"Phường 9, TP. Vũng Tàu, tỉnh Bà Rịa - Vũng Tàu",KV2,
5757,52,Bà Rịa-Vũng Tàu,01,Thành phố Vũng Tàu,801,Trường THPT - Khu vực 1,,KV1,
5758,52,Bà Rịa-Vũng Tàu,01,Thành phố Vũng Tàu,802,Trường THPT - KV2NT,,KV2-NT,
5759,52,Bà Rịa-Vũng Tàu,01,Thành phố Vũng Tàu,803,Trường THPT - KV2,,KV2,
5760,52,Bà Rịa-Vũng Tàu,01,Thành phố Vũng Tàu,804,Trường THPT - Khu vực 3,,KV3,
5761,52,Bà Rịa-Vũng Tàu,02,Thành phố Bà Rịa,009,THPT Châu Thành,"số 174, đường 27/4, phường Phước Hiệp, Thành phố Bà Rịa",KV2,
5762,52,Bà Rịa-Vũng Tàu,02,Thành phố Bà Rịa,010,THPT Bà Rịa,"Nguyễn Tất Thành, P.Phước Nguyên, Tp Bà Rịa",KV2,
5763,52,Bà Rịa-Vũng Tàu,02,Thành phố Bà Rịa,011,THPT Nguyễn Bỉnh Khiêm,"Ph. Long Tân, Thành phố Bà Rịa",KV2,
5764,52,Bà Rịa-Vũng Tàu,02,Thành phố Bà Rịa,012,THPT DL Chu Văn An,"Ph. Phước Hưng,Thành phố Bà Rịa",KV2,
5765,52,Bà Rịa-Vũng Tàu,02,Thành phố Bà Rịa,035,TTGDTX tỉnh Bà Rịa - Vũng Tàu,"Ph. Phước Hưng, Thành phố Bà Rịa",KV2,
5766,52,Bà Rịa-Vũng Tàu,02,Thành phố Bà Rịa,042,"Tiểu học, THCS, THPT Học viện Anh Quốc","165 Nguyễn Hữu Thọ, P.Phước Hiệp, Tp.Bà Rịa, tỉnh Bà Rịa - Vũng Tàu",KV2,
5767,52,Bà Rịa-Vũng Tàu,02,Thành phố Bà Rịa,069,Cao đẳng FPT POLYTECHNIC (địa điểm liên kết tại tỉnh Bà Rịa- Vũng Tàu),"Số 762 đường Cách mạng tháng tam, Phường Long Toàn, tp.Bà Rịa, tỉnh Bà Rịa - Vũng Tàu",KV2,
5768,52,Bà Rịa-Vũng Tàu,03,Huyện Xuyên Mộc,013,THPT Xuyên Mộc,"TT Phước Bửu, H. Xuyên Mộc",KV2-NT,
5769,52,Bà Rịa-Vũng Tàu,03,Huyện Xuyên Mộc,014,THPT Phước Bửu,"TT Phước Bửu, H. Xuyên Mộc",KV2-NT,
5770,52,Bà Rịa-Vũng Tàu,03,Huyện Xuyên Mộc,015,THPT Hòa Bình (trước 04/6/2021),"Xã hòa Bình, H Xuyên mộc",KV1,
5771,52,Bà Rịa-Vũng Tàu,03,Huyện Xuyên Mộc,016,THPT Hoà Hội (trước 04/6/2021),Xã Hoà Hội H. Xuyên Mộc,KV1,
5772,52,Bà Rịa-Vũng Tàu,03,Huyện Xuyên Mộc,017,THPT Bưng Riềng (trước 04/6/2021),"ấp 4, Xã Bưng Riềng, H. Xuyên Mộc",KV1,
5773,52,Bà Rịa-Vũng Tàu,03,Huyện Xuyên Mộc,036,TTGDTX-DN-GTVL Xuyên Mộc,"TT Phước Bửu, H. Xuyên Mộc",KV2-NT,
5774,52,Bà Rịa-Vũng Tàu,03,Huyện Xuyên Mộc,215,THPT Hòa Bình,xã Hòa Bình,KV2-NT,
5775,52,Bà Rịa-Vũng Tàu,03,Huyện Xuyên Mộc,216,THPT Hòa Hội,xã Hòa Hội,KV2-NT,
5776,52,Bà Rịa-Vũng Tàu,03,Huyện Xuyên Mộc,217,THPT Bưng Riềng,xã Hòa Hội,KV2-NT,
5777,52,Bà Rịa-Vũng Tàu,04,Huyện Long Điền,021,THPT Trần Văn Quan,"TT Long Điền, H Long Điền",KV2-NT,
5778,52,Bà Rịa-Vũng Tàu,04,Huyện Long Điền,022,THPT Long Hải - Phước Tỉnh,"TT Long Hải, H. Long Điền",KV2-NT,
5779,52,Bà Rịa-Vũng Tàu,04,Huyện Long Điền,023,THPT Trần Quang Khải,"xã Phước Tỉnh, huyện Long Điền",KV2-NT,
5780,52,Bà Rịa-Vũng Tàu,04,Huyện Long Điền,024,THPT Minh Đạm,"Xã Phước Hưng, H. Long Điền",KV2-NT,
5781,52,Bà Rịa-Vũng Tàu,04,Huyện Long Điền,038,TTGDTX Long Điền (Trước 01/7/2019),"TT Long Điền, H. Long Điền",KV2-NT,
5782,52,Bà Rịa-Vũng Tàu,04,Huyện Long Điền,048,TTGDTX Long Điền - Đất Đỏ,"Nguyễn Văn Trỗi, kp.Long Sơn, tt.Long Điền",KV2-NT,
5783,52,Bà Rịa-Vũng Tàu,04,Huyện Long Điền,066,CĐ nghề tỉnh Bà Rịa-Vũng Tàu,"TT Đất Đỏ, H. Đất Đỏ, tỉnh Bà Rịa- Vũng Tàu",KV2-NT,
5784,52,Bà Rịa-Vũng Tàu,05,Huyện Côn Đảo,027,THPT Võ Thị Sáu - Côn Đảo,H. Côn Đảo,KV2-NT,
5785,52,Bà Rịa-Vũng Tàu,05,Huyện Côn Đảo,040,TTGDTX Côn Đảo,"Số 3 đường Nguyễn Huệ, H. Côn Đảo",KV2-NT,
5786,52,Bà Rịa-Vũng Tàu,06,Thị xã Phú Mỹ,018,THPT Phú Mỹ (trước 12/4/2018),"TT Phú Mỹ, H. Tân Thành",KV2-NT,
5787,52,Bà Rịa-Vũng Tàu,06,Thị xã Phú Mỹ,019,THPT Hắc Dịch (trước 04/6/2021),"Phường Hắc Dịch, H. Tân Thành",KV1,
5788,52,Bà Rịa-Vũng Tàu,06,Thị xã Phú Mỹ,020,THPT Trần Hưng Đạo (trước 12/4/2018),"Xã Hội Bài, H. Tân thành",KV2-NT,
5789,52,Bà Rịa-Vũng Tàu,06,Thị xã Phú Mỹ,037,TTGDTX Tân Thành (trước 12/4/2018),"Xã Phước Hòa, H. Tân Thành",KV2-NT,
5790,52,Bà Rịa-Vũng Tàu,06,Thị xã Phú Mỹ,043,THPT Phú Mỹ,"Đường Trường Chinh, TT Phú Mỹ, tx.Phú Mỹ, BRVT",KV2,
5791,52,Bà Rịa-Vũng Tàu,06,Thị xã Phú Mỹ,045,THPT Trần Hưng Đạo,"Tân Hải, Tx.Phú Mỹ, BRVT",KV2,
5792,52,Bà Rịa-Vũng Tàu,06,Thị xã Phú Mỹ,047,TTGDTX Thị xã Phú Mỹ,"Đường Trường Chinh, TT Phú Mỹ, tx.Phú Mỹ, BRVT",KV2,
5793,52,Bà Rịa-Vũng Tàu,06,Thị xã Phú Mỹ,065,CĐ nghề quốc tế Hồng Lam,"ấp Vạn Hạnh, TT Phú Mỹ, H.Tân Thành, tỉnh BR-VT",KV2-NT,
5794,52,Bà Rịa-Vũng Tàu,06,Thị xã Phú Mỹ,219,THPT Hắc Dịch,Phường Hắc Dịch,KV2,
5795,52,Bà Rịa-Vũng Tàu,07,Huyện Châu Đức,028,THPT Nguyễn Du (trước 04/6/2021),"TT Ngãi Giao, H. Châu Đức",KV1,
5796,52,Bà Rịa-Vũng Tàu,07,Huyện Châu Đức,029,THPT Nguyễn Trãi (trước 04/6/2021),"TT Ngãi Giao, H. Châu Đức",KV1,
5797,52,Bà Rịa-Vũng Tàu,07,Huyện Châu Đức,030,THPT Ngô Quyền,"Xã Đá Bạc, H. Châu Đức",KV1,
5798,52,Bà Rịa-Vũng Tàu,07,Huyện Châu Đức,031,THPT Trần Phú (trước 04/6/2021),"Xã Kim Long, H. Châu Đức",KV1,
5799,52,Bà Rịa-Vũng Tàu,07,Huyện Châu Đức,032,THPT Nguyễn Văn Cừ (trước 04/6/2021),"Xã Xuân Sơn, H. Châu Đức",KV1,
5800,52,Bà Rịa-Vũng Tàu,07,Huyện Châu Đức,033,Phổ thông DTNT tỉnh Bà Rịa - Vũng Tàu (trước 04/6/2021),"Xã Bàu Chinh, H. Châu Đức",KV1,DTNT
5801,52,Bà Rịa-Vũng Tàu,07,Huyện Châu Đức,041,TTGDTX-DN-GTVL Châu Đức (trước 04/6/2021),"TT Ngãi Giao, H. Châu Đức",KV1,
5802,52,Bà Rịa-Vũng Tàu,07,Huyện Châu Đức,228,THPT Nguyễn Du,thị trấn Ngãi Giao,KV2-NT,
5803,52,Bà Rịa-Vũng Tàu,07,Huyện Châu Đức,229,THPT Nguyễn Trãi,thị trấn Ngãi Giao,KV2-NT,
5804,52,Bà Rịa-Vũng Tàu,07,Huyện Châu Đức,230,THPT Ngô Quyền,xã Đá Bạc,KV1,
5805,52,Bà Rịa-Vũng Tàu,07,Huyện Châu Đức,231,THPT Trần Phú,xã Kim Long,KV2-NT,
5806,52,Bà Rịa-Vũng Tàu,07,Huyện Châu Đức,232,THPT Nguyễn Văn Cừ,xã Xuân Sơn,KV2-NT,
5807,52,Bà Rịa-Vũng Tàu,07,Huyện Châu Đức,233,TTGDTX-DN-GTVL Châu Đức,thị trấn Ngãi Giao,KV2-NT,
5808,52,Bà Rịa-Vũng Tàu,08,Huyện Đất Đỏ,025,THPT Võ Thị Sáu,"Xã Phước Long Thọ, H Đất Đỏ",KV2-NT,
5809,52,Bà Rịa-Vũng Tàu,08,Huyện Đất Đỏ,026,THPT Dương Bạch Mai,"Xã Phước Hội , H. Đất Đỏ",KV2-NT,
5810,52,Bà Rịa-Vũng Tàu,08,Huyện Đất Đỏ,039,TTGDTX-HN Đất Đỏ (Trước 01/7/2019),"Xã Phước Thạnh, H. Đất Đỏ",KV2-NT,
5811,53,Tiền Giang,00,Sở Giáo dục và Đào tạo,800,Học ở nước ngoài_53,"Số 397, Hùng Vương, xã Đạo Thạnh, TP. Mỹ Tho, Tiền Giang",KV3,
5812,53,Tiền Giang,00,Sở Giáo dục và Đào tạo,900,"Quân nhân, Công an tại ngũ_53","Số 397, Hùng Vương, xã Đạo Thạnh, TP. Mỹ Tho, Tiền Giang",KV3,
5813,53,Tiền Giang,01,Thành phố Mỹ Tho,015,THPT Nguyễn Đình Chiểu,"8 Bis, Hùng Vương, Phường 1, TP. Mỹ Tho",KV2,
5814,53,Tiền Giang,01,Thành phố Mỹ Tho,016,THPT Chuyên TG,Ấp Bình Tạo-Xã Trung An- TP.Mỹ Tho,KV2,
5815,53,Tiền Giang,01,Thành phố Mỹ Tho,017,THPT Trần Hưng Đạo,"Số 199, Trần Hưng Đạo Phường 6, TP Mỹ Tho",KV2,
5816,53,Tiền Giang,01,Thành phố Mỹ Tho,018,THPT Âp Bắc,"Số 555 Ấp Bắc , P5, TP Mỹ Tho , TG",KV2,
5817,53,Tiền Giang,01,Thành phố Mỹ Tho,035,THPT Phước Thạnh,"Xã Phước Thạnh, TP. Mỹ Tho",KV2,
5818,53,Tiền Giang,01,Thành phố Mỹ Tho,037,Năng Khiếu Thể dục Thể Thao,"Số 1A, Phan Lương Trực, Phường 6, TP MT",KV2,
5819,53,Tiền Giang,01,Thành phố Mỹ Tho,038,Trung tâm GDTX Mỹ Tho,"121 Phan Thanh Giản, Phường 2, TP. Mỹ Tho",KV2,
5820,53,Tiền Giang,01,Thành phố Mỹ Tho,044,Trường Văn hóa II- Bộ Công An,"Số 55 Ấp Bắc, Phường 10, TP. Mỹ Tho",KV2,DTNT
5821,53,Tiền Giang,01,Thành phố Mỹ Tho,045,Trường CĐ Nghề Tiền Giang,"11B/17 đường Học Lạc, Phường 8, TP. Mỹ Tho",KV2,
5822,53,Tiền Giang,01,Thành phố Mỹ Tho,046,Trường TC Kinh tế-Kỹ Thuật Tiền Giang,"Số 11 Hùng Vương, Phường 7, TP. Mỹ Tho",KV2,
5823,53,Tiền Giang,01,Thành phố Mỹ Tho,052,Trường CĐ Nông nghiệp Nam Bộ,"Xã Tân Mỹ Chánh, TP Mỹ Tho",KV2,
5824,53,Tiền Giang,01,Thành phố Mỹ Tho,063,Trường Cao đẳng Tiền Giang,"11B/17 đường Học Lạc, Phường 8, TP. Mỹ Tho",KV2,
5825,53,Tiền Giang,01,Thành phố Mỹ Tho,064,Trung tâm Giáo dục thường xuyên tỉnh Tiền Giang,"Số 07, Hùng Vương, Phường 7, Tp. Mỹ Tho, Tiền Giang",KV2,
5826,53,Tiền Giang,01,Thành phố Mỹ Tho,801,Trường THPT - Khu vực 1,,KV1,
5827,53,Tiền Giang,01,Thành phố Mỹ Tho,802,Trường THPT - KV2NT,,KV2-NT,
5828,53,Tiền Giang,01,Thành phố Mỹ Tho,803,Trường THPT - KV2,,KV2,
5829,53,Tiền Giang,01,Thành phố Mỹ Tho,804,Trường THPT - Khu vực 3,,KV3,
5830,53,Tiền Giang,02,Thị xã Gò Công,025,THPT Trương Định,"10 Nguyễn Văn Côn, Phường 2, thị xã Gò Công",KV2,
5831,53,Tiền Giang,02,Thị xã Gò Công,026,THPT Gò Công,"Phường 5, TX Gò Công",KV2,
5832,53,Tiền Giang,02,Thị xã Gò Công,032,THPT Bình Đông (Trước 01/01/2021),"Ấp Muôn Nghiệp, Xã Bình Đông, TX Gò Công",KV1,
5833,53,Tiền Giang,02,Thị xã Gò Công,049,Trường TC Nghề Khu vực Gò Công,"26/1 Võ Thị Lớ, khu phố 5, phường 4, thị xã Gò Công",KV2,
5834,53,Tiền Giang,02,Thị xã Gò Công,051,Trường TC Bách Khoa Gò Công,"Số 91, Hai Bà Trưng, Phường 1, Thị xã Gò Công",KV2,
5835,53,Tiền Giang,02,Thị xã Gò Công,062,Trường Trung cấp Gò Công,"Số 91, Hai Bà Trưng, Phường 1, Thị xã Gò Công",KV2,
5836,53,Tiền Giang,02,Thị xã Gò Công,072,THPT Bình Đông,"Ấp Muôn Nghiệp, Xã Bình Đông, TX Gò Công",KV2,
5837,53,Tiền Giang,03,Huyện Cái Bè,001,THPT Cái Bè,"Khu 3, Thị trấn Cái Bè, H. Cái Bè",KV2-NT,
5838,53,Tiền Giang,03,Huyện Cái Bè,002,THPT Phạm Thành Trung,"Ấp 2, xã An Thái Trung, huyện Cái Bè",KV2-NT,
5839,53,Tiền Giang,03,Huyện Cái Bè,003,THPT Thiên Hộ Dương,"Xã Hậu Mỹ Bắc A, H. Cái Bè",KV2-NT,
5840,53,Tiền Giang,03,Huyện Cái Bè,004,THPT Huỳnh Văn Sâm,"Thị trấn Cái Bè, H. Cái Bè",KV2-NT,
5841,53,Tiền Giang,03,Huyện Cái Bè,005,THPT Lê Thanh Hiền,"Ấp 1, Xã An Hữu, Huyện Cái Bè",KV2-NT,
5842,53,Tiền Giang,03,Huyện Cái Bè,036,THCS&THPT Ngô Văn Nhạc,"Ấp Lợi Thuận, xã Mỹ Lợi B, H. Cái Bè",KV2-NT,
5843,53,Tiền Giang,03,Huyện Cái Bè,047,Trường TC Kỹ thuật - Nghiệp vụ Cái Bè,"Thị trấn Cái Bè, H. Cái Bè",KV2-NT,
5844,53,Tiền Giang,04,Huyện Cai Lậy,007,THPT Lưu Tấn Phát,"Xã Tam Bình, H. Cai Lậy",KV2-NT,
5845,53,Tiền Giang,04,Huyện Cai Lậy,031,THPT Phan Việt Thống,"Ấp Bình Ninh, Xã Bình Phú, H Cai Lậy",KV2-NT,
5846,53,Tiền Giang,05,Huyện Châu Thành,010,THPT Tân Hiệp,"Ấp Thân Đức, xã Thân Cửu Nghĩa, H. Châu Thành",KV2-NT,
5847,53,Tiền Giang,05,Huyện Châu Thành,011,THPT Vĩnh Kim,"Ấp Thới, xã Đông Hoà, H. Châu Thành",KV2-NT,
5848,53,Tiền Giang,05,Huyện Châu Thành,012,THPT Dưỡng Điềm,"Xã Dưỡng Điềm, H. Châu Thành",KV2-NT,
5849,53,Tiền Giang,05,Huyện Châu Thành,013,THPT Nam Kỳ Khởi Nghĩa,"Thị trấn Tân Hiệp, H.Châu Thành",KV2-NT,
5850,53,Tiền Giang,05,Huyện Châu Thành,014,THPT Rạch Gầm-Xoài Mút,Ấp Bình Thới A xã Bình Trưng H.Châu Thành,KV2-NT,
5851,53,Tiền Giang,05,Huyện Châu Thành,039,Trung tâm GDTX HN Châu Thành,"Âp Thân Ngãi, xã Thân Cửu Nghĩa, H. Châu Thành",KV2-NT,
5852,53,Tiền Giang,05,Huyện Châu Thành,055,Trung tâm GDNN - GDTX Châu Thành (+),"Âp Thân Ngãi, xã Thân Cửu Nghĩa, H. Châu Thành",KV2-NT,
5853,53,Tiền Giang,05,Huyện Châu Thành,080,THCS và THPT Giồng Dứa,"Ấp Mới, xã Long Định, huyện Châu Thành",KV2-NT,
5854,53,Tiền Giang,06,Huyện Chợ Gạo,019,THPT Chợ Gạo,"Ô 3, khu 1, Thị trấn Chợ Gạo H Chợ Gạo",KV2-NT,
5855,53,Tiền Giang,06,Huyện Chợ Gạo,020,THPT Thủ Khoa Huân,"Ấp An Thị, xã Mỹ Tịnh An, huyện Chợ Gạo",KV2-NT,
5856,53,Tiền Giang,06,Huyện Chợ Gạo,021,THPT Trần Văn Hoài,"Ô 3 khu 1 Thị Trấn Chợ Gạo, H. Chợ Gạo",KV2-NT,
5857,53,Tiền Giang,06,Huyện Chợ Gạo,033,THPT Bình Phục Nhứt,"Xã Bình Phục Nhứt, H. Chợ Gạo",KV2-NT,
5858,53,Tiền Giang,06,Huyện Chợ Gạo,040,Trung tâm GDTX HN Chợ Gạo,"Xã Long Bình Điền, H. Chợ Gạo",KV2-NT,
5859,53,Tiền Giang,06,Huyện Chợ Gạo,056,Trung tâm GDNN - GDTX Chợ Gạo (+),"Ấp Tân Hưng, Xã Tân Thuận Bình, H. Chợ Gạo",KV2-NT,
5860,53,Tiền Giang,07,Huyện Gò Công Tây,022,THPT Vĩnh Bình,"Xã Đồng Thạnh, H. Gò Công Tây",KV2-NT,
5861,53,Tiền Giang,07,Huyện Gò Công Tây,023,THPT Long Bình,"Xã Long Bình, H Gò Công Tây",KV2-NT,
5862,53,Tiền Giang,07,Huyện Gò Công Tây,024,THPT Nguyễn Văn Thìn,"Thị trấn Vĩnh Bình, H Gò Công Tây",KV2-NT,
5863,53,Tiền Giang,07,Huyện Gò Công Tây,041,Trung tâm GDTX HN Gò Công Tây,"Ấp Bình Hòa Đông, Xã Bình Nhì, H. Gò Công Tây",KV2-NT,
5864,53,Tiền Giang,07,Huyện Gò Công Tây,057,Trung tâm GDNN - GDTX Gò Công Tây (+),"Ấp Bình Hòa Đông, Xã Bình Nhì, H. Gò Công Tây",KV2-NT,
5865,53,Tiền Giang,07,Huyện Gò Công Tây,060,THCS và THPT Long Bình,"Xã Long Bình, H Gò Công Tây",KV2-NT,
5866,53,Tiền Giang,07,Huyện Gò Công Tây,065,THCS và THPT Phú Thành,"Ấp Bình Lạc, Xã Thành Công, H. Gò Công Tây",KV2-NT,
5867,53,Tiền Giang,07,Huyện Gò Công Tây,074,THCS và THPT Đoàn Trần Nghiệp,"Ấp Bình Lạc, Xã Thành Công, H. Gò Công Tây",KV2-NT,
5868,53,Tiền Giang,08,Huyện Gò Công Đông,027,THPT Nguyễn Văn Côn,"Thị trấn Tân Hoà, H Gò Công Đông",KV2-NT,
5869,53,Tiền Giang,08,Huyện Gò Công Đông,028,THPT Gò Công Đông,"Tỉnh lộ 871, xã Tân Đông, huyện Gò Công Đông",KV2-NT,
5870,53,Tiền Giang,08,Huyện Gò Công Đông,042,Trung tâm GDTX HN Gò Công Đông,"Đường Nguyễn Văn Côn, khu phố Hòa Thơm 3, thị trấn Tân Hòa, H. Gò Công Đông",KV2-NT,
5871,53,Tiền Giang,08,Huyện Gò Công Đông,058,Trung tâm GDNN - GDTX Gò Công Đông (+),"Đường Nguyễn Văn Côn, khu phố Hòa Thơm 3, Thị trấn Tân Hòa, H. Gò Công Đông",KV2-NT,
5872,53,Tiền Giang,09,Huyện Tân Phước,029,THPT Tân Phước,"Khu 3, Thị trấn Mỹ Phước, H Tân Phước",KV2-NT,
5873,53,Tiền Giang,09,Huyện Tân Phước,030,THPT Nguyễn Văn Tiếp,"Số 0209, ấp Tân Quới, xã Tân Hòa Thành, huyện Tân Phước",KV2-NT,
5874,53,Tiền Giang,09,Huyện Tân Phước,043,Trung tâm GDTX HN Tân Phước,"Khu 3 Thị Trấn Mỹ Phước, H. Tân Phước",KV2-NT,
5875,53,Tiền Giang,09,Huyện Tân Phước,059,Trung tâm GDNN - GDTX Tân Phước (+),"Khu 3 Thị Trấn Mỹ Phước, H. Tân Phước",KV2-NT,
5876,53,Tiền Giang,10,Huyện Tân Phú Đông (Trước ngày 15/3/2022),034,THCS&THPT Phú Thạnh (Trước 15/3/2022),"Huyện lộ 17, Ấp Tân Phú, Xã Phú Thạnh, H. Tân Phú Đông",KV1,
5877,53,Tiền Giang,10,Huyện Tân Phú Đông (Trước ngày 15/3/2022),054,THCS&THPT Tân Thới (Trước 01/01/2021),"Tỉnh lộ 877B, Ấp Tân Tân Hiệp, Xã Tân Thới, H. Tân Phú Đông",KV1,
5878,53,Tiền Giang,10,Huyện Tân Phú Đông (Trước ngày 15/3/2022),073,THCS&THPT Tân Thới,"Tỉnh lộ 877B, Ấp Tân Tân Hiệp, Xã Tân Thới, H. Tân Phú Đông",KV2-NT,
5879,53,Tiền Giang,11,Thị xã Cai Lậy,006,THPT Đốc Binh Kiều,"Phường 4, TX. Cai Lậy",KV2,
5880,53,Tiền Giang,11,Thị xã Cai Lậy,008,THPT Mỹ Phước Tây,"Xã Mỹ Phước Tây, TX. Cai Lậy",KV2,
5881,53,Tiền Giang,11,Thị xã Cai Lậy,009,THPT Tứ Kiệt,"Phường 4, TX. Cai Lậy",KV2,
5882,53,Tiền Giang,11,Thị xã Cai Lậy,048,Trường TC Kinh tế - Công nghệ Cai Lậy,"Phường 5, TX. Cai Lậy",KV2,
5883,53,Tiền Giang,11,Thị xã Cai Lậy,050,Trường TC Nghề Khu vực Cai Lậy,"Khu 1, Phường 1, TX. Cai Lậy",KV2,
5884,53,Tiền Giang,11,Thị xã Cai Lậy,053,THPT Lê Văn Phẩm,"Xã Mỹ Phước Tây, TX. Cai Lậy",KV2,
5885,53,Tiền Giang,11,Thị xã Cai Lậy,061,Trường Trung cấp Cai Lậy,"Đường Trần Xuân Hòa, Phường 1, TX. Cai Lậy",KV2,
5886,53,Tiền Giang,12,Huyện Tân Phú Đông (Từ ngày 15/3/2022),075,THCS&THPT Phú Thạnh,"Ấp Bà Lắm, Xã Phú Thạnh, H. Tân Phú Đông",KV2-NT,
5887,53,Tiền Giang,12,Huyện Tân Phú Đông (Từ ngày 15/3/2022),076,THCS&THPT Tân Thới,"Tỉnh lộ 877B, Ấp Tân Tân Hiệp, Xã Tân Thới, H. Tân Phú Đông",KV2-NT,
5888,53,Tiền Giang,13,Thành phố Gò Công,077,THPT Trương Định,"Số 10, Nguyễn Văn Côn, phường 2",KV2,
5889,53,Tiền Giang,13,Thành phố Gò Công,078,THPT Gò Công,"Phường 5, thành phố Gò Công",KV2,
5890,53,Tiền Giang,13,Thành phố Gò Công,079,THPT Bình Đông,"Ấp Muôn Nghiệp, Xã Bình Đông, thành phố Gò Công",KV2,
5891,54,Kiên Giang,00,Sở Giáo dục và Đào tạo,800,Học ở nước ngoài_54,Học ở nước ngoài_54,KV3,
5892,54,Kiên Giang,00,Sở Giáo dục và Đào tạo,801,Trường THPT - Khu vực 1,02973862680,KV1,
5893,54,Kiên Giang,00,Sở Giáo dục và Đào tạo,802,Trường THPT - KV2NT,02973862680,KV2-NT,
5894,54,Kiên Giang,00,Sở Giáo dục và Đào tạo,803,Trường THPT - KV2,02973862680,KV2,
5895,54,Kiên Giang,00,Sở Giáo dục và Đào tạo,804,Trường THPT - Khu vực 3,02973862680,KV3,
5896,54,Kiên Giang,00,Sở Giáo dục và Đào tạo,900,"Quân nhân, Công an tại ngũ_54","Quân nhân, Công an tại ngũ_54",KV3,
5897,54,Kiên Giang,01,Thành phố Rạch Giá,001,THPT Nguyễn Trung Trực,"393 Nguyễn Bỉnh Khiêm, P Vĩnh Thanh, Tp Rạch Giá, Kiên Giang",KV2,
5898,54,Kiên Giang,01,Thành phố Rạch Giá,002,THPT chuyên Huỳnh Mẫn Đạt,"Trần Công Án, P Vĩnh Lạc, Tp Rạch Giá, Kiên Giang",KV2,
5899,54,Kiên Giang,01,Thành phố Rạch Giá,003,THPT Nguyễn Hùng Sơn,"14 Mai Thị Hồng Hạnh, P Rạch Sỏi, Tp Rạch Giá, Kiên Giang",KV2,
5900,54,Kiên Giang,01,Thành phố Rạch Giá,004,THPT iSCHOOL Rạch Giá,"487/15 Nguyễn Trung Trực, P Vĩnh Lạc, Tp Rạch Giá, Kiên Giang",KV2,
5901,54,Kiên Giang,01,Thành phố Rạch Giá,005,Trung cấp Kỹ thuật-Nghiệp vụ Kiên Giang,"31 Chi Lăng, P Vĩnh Bảo, Tp Rạch Giá, Kiên Giang",KV2,
5902,54,Kiên Giang,01,Thành phố Rạch Giá,013,PT Dân tộc Nội trú tỉnh Kiên Giang,"196 Đường Đống Đa, P Vĩnh Lạc, Tp Rạch Giá, Kiên Giang",KV2,DTNT
5903,54,Kiên Giang,01,Thành phố Rạch Giá,022,Trung tâm GDTX tỉnh Kiên Giang,"C5 - Đặng Huyền Thông, P Vĩnh Lạc, Tp Rạch Giá, Kiên Giang",KV2,
5904,54,Kiên Giang,01,Thành phố Rạch Giá,041,THPT Phó Cơ Điều,"Lê Hồng Phong, P An Hoà, Tp Rạch Giá, Kiên Giang",KV2,
5905,54,Kiên Giang,01,Thành phố Rạch Giá,061,THPT Ngô Sĩ Liên,"X Phi Thông, Tp Rạch Giá, Kiên Giang",KV1,
5906,54,Kiên Giang,01,Thành phố Rạch Giá,079,Cao đẳng Nghề tỉnh Kiên Giang,"1022 Nguyễn Trung Trực, P An Hoà, Tp Rạch Giá, Kiên Giang",KV2,
5907,54,Kiên Giang,01,Thành phố Rạch Giá,085,PT Đức Trí,Không,KV2,
5908,54,Kiên Giang,01,Thành phố Rạch Giá,087,CĐ Cộng đồng Kiên Giang,"217 Chu Văn An, P An Hòa, Tp Rạch Giá, Kiên Giang",KV2,
5909,54,Kiên Giang,01,Thành phố Rạch Giá,088,Cao đẳng Kinh tế - Kỹ thuật Kiên Giang,"425 Mạc Cửu, P Vĩnh Thanh, Tp Rạch Giá, Kiên Giang",KV2,
5910,54,Kiên Giang,01,Thành phố Rạch Giá,089,CĐ Sư phạm Kiên Giang,"449 Nguyễn Chí Thanh, P Rạch Sỏi, Tp Rạch Giá, Kiên Giang",KV2,
5911,54,Kiên Giang,01,Thành phố Rạch Giá,090,CĐ Y tế Kiên Giang,"14 Phạm Ngọc Thạch, P Vĩnh Thanh, Tp Rạch Giá, Kiên Giang",KV2,
5912,54,Kiên Giang,01,Thành phố Rạch Giá,091,Chính trị tỉnh Kiên Giang,84 Đường Lạc Hồng,KV2,
5913,54,Kiên Giang,01,Thành phố Rạch Giá,092,THPT Võ Văn Kiệt,"Lô 7-9, Đường Tôn Đức Thắng",KV2,
5914,54,Kiên Giang,01,Thành phố Rạch Giá,093,PTNC iSchool Rạch Giá,"487/15 Nguyễn Trung Trực, P Vĩnh Lạc, Tp Rạch Giá, Kiên Giang",KV2,
5915,54,Kiên Giang,01,Thành phố Rạch Giá,109,Năng khiếu TDTT Kiên Giang,"P An Bình, Tp Rạch Giá, Kiên Giang",KV2,
5916,54,Kiên Giang,01,Thành phố Rạch Giá,111,PT Dân tộc Nội trú THPT Kiên Giang,"196 Đường Đống Đa, P Vĩnh Lạc, Tp Rạch Giá, Kiên Giang",KV2,DTNT
5917,54,Kiên Giang,01,Thành phố Rạch Giá,112,THCS&THPT Võ Văn Kiệt,"Lô 7-9, Đường Tôn Đức Thắng",KV2,
5918,54,Kiên Giang,02,Thành phố Hà Tiên,006,THPT Nguyễn Thần Hiến (trước 04/6/2021),"10 Tỉnh lộ 28, P Pháo Đài, Tp Hà Tiên, Kiên Giang",KV2,
5919,54,Kiên Giang,02,Thành phố Hà Tiên,043,Trung tâm GDTX TX Hà Tiên,"08 Tỉnh lộ 28, P Pháo Đài, Tx Hà Tiên , Kiên Giang",KV2,
5920,54,Kiên Giang,02,Thành phố Hà Tiên,095,Trung tâm GDNN-GDTX thành phố Hà Tiên (trước 04/6/2021),"08 Tỉnh lộ 28, P Pháo Đài, Tp Hà Tiên , Kiên Giang",KV2,
5921,54,Kiên Giang,02,Thành phố Hà Tiên,145,THPT Nguyễn Thần Hiến,"10 Tỉnh lộ 28, P Pháo Đài, Tp Hà Tiên, Kiên Giang",KV1,
5922,54,Kiên Giang,02,Thành phố Hà Tiên,162,Trung tâm GDNN-GDTX thành phố Hà Tiên,"08 Tỉnh lộ 28, P Pháo Đài, Tp Hà Tiên, Kiên Giang",KV1,
5923,54,Kiên Giang,03,Huyện Kiên Lương,007,THPT Kiên Lương (trước 04/6/2021),"TT Kiên Lương, H Kiên Lương, Kiên Giang",KV1,
5924,54,Kiên Giang,03,Huyện Kiên Lương,044,Trung tâm GDTX Kiên Lương,"TT Kiên Lương, H Kiên Lương, Kiên Giang",KV1,
5925,54,Kiên Giang,03,Huyện Kiên Lương,076,THPT Ba Hòn,"TT Kiên Lương, Huyện Kiên Lương, Tỉnh Kiên Giang",KV1,
5926,54,Kiên Giang,03,Huyện Kiên Lương,096,Trung tâm GDNN-GDTX huyện Kiên Lương (trước 04/6/2021),"TT Kiên Lương, H Kiên Lương, Kiên Giang",KV1,
5927,54,Kiên Giang,03,Huyện Kiên Lương,107,Trung cấp Nghề vùng Tứ Giác Long Xuyên,"X Bình An, H Kiên Lương, Kiên Giang",KV1,
5928,54,Kiên Giang,03,Huyện Kiên Lương,113,THCS&THPT Ba Hòn (trước 04/6/2021),"TT Kiên Lương, Huyện Kiên Lương, Tỉnh Kiên Giang",KV1,
5929,54,Kiên Giang,03,Huyện Kiên Lương,146,THPT Kiên Lương,"TT Kiên Lương, H Kiên Lương, Kiên Giang",KV2-NT,
5930,54,Kiên Giang,03,Huyện Kiên Lương,147,THCS&THPT Ba Hòn,"TT Kiên Lương, Huyện Kiên Lương, Tỉnh Kiên Giang",KV2-NT,
5931,54,Kiên Giang,03,Huyện Kiên Lương,148,Trung tâm GDNN-GDTX huyện Kiên Lương,"TT Kiên Lương, H Kiên Lương, Kiên Giang",KV2-NT,
5932,54,Kiên Giang,04,Huyện Hòn Đất,008,THPT Hòn Đất,"TT Hòn Đất, H Hòn Đất, Kiên Giang",KV2-NT,
5933,54,Kiên Giang,04,Huyện Hòn Đất,038,THPT Sóc Sơn,"TT Sóc Sơn, H Hòn Đất, Kiên Giang",KV1,
5934,54,Kiên Giang,04,Huyện Hòn Đất,045,Trung tâm GDTX Hòn Đất,"TT Hòn Đất, Hòn Đất, Kiên Giang",KV2-NT,
5935,54,Kiên Giang,04,Huyện Hòn Đất,055,THPT Bình Sơn,"X Bình Sơn, H Hòn Đất, Kiên Giang",KV2-NT,
5936,54,Kiên Giang,04,Huyện Hòn Đất,062,THPT Phan Thị Ràng,"X Thổ Sơn, H Hòn Đất, Kiên Giang",KV1,
5937,54,Kiên Giang,04,Huyện Hòn Đất,071,THPT Nguyễn Hùng Hiệp,"X Mỹ Hiệp Sơn, H Hòn Đất,, Kiên Giang",KV2-NT,
5938,54,Kiên Giang,04,Huyện Hòn Đất,077,THPT Nam Thái Sơn,"X Nam Thái Sơn, H Hòn Đất, Kiên Giang",KV2-NT,
5939,54,Kiên Giang,04,Huyện Hòn Đất,097,Trung tâm GDNN-GDTX huyện Hòn Đất,"TT Hòn Đất, Hòn Đất, Kiên Giang",KV2-NT,
5940,54,Kiên Giang,04,Huyện Hòn Đất,114,THCS&THPT Bình Sơn,"X Bình Sơn, H Hòn Đất, Kiên Giang",KV2-NT,
5941,54,Kiên Giang,04,Huyện Hòn Đất,115,THCS&THPT Phan Thị Ràng,"X Thổ Sơn, H Hòn Đất, Kiên Giang",KV1,
5942,54,Kiên Giang,04,Huyện Hòn Đất,116,THCS&THPT Nguyễn Hùng Hiệp,"X Mỹ Hiệp Sơn, H Hòn Đất,, Kiên Giang",KV2-NT,
5943,54,Kiên Giang,04,Huyện Hòn Đất,117,THCS&THPT Nam Thái Sơn,"X Nam Thái Sơn, H Hòn Đất, Kiên Giang",KV2-NT,
5944,54,Kiên Giang,05,Huyện Tân Hiệp,009,THPT Tân Hiệp,"TT Tân Hiệp, H Tân Hiệp, Kiên Giang",KV2-NT,
5945,54,Kiên Giang,05,Huyện Tân Hiệp,011,THPT Thạnh Đông,"X Thạnh Đông A, H Tân Hiệp, Kiên Giang",KV2-NT,
5946,54,Kiên Giang,05,Huyện Tân Hiệp,046,Trung tâm GDTX Tân Hiệp,"TT Tân Hiệp, H Tân Hiệp, Kiên Giang",KV2-NT,
5947,54,Kiên Giang,05,Huyện Tân Hiệp,056,THPT Cây Dương,"X Tân Thành, H Tân Hiệp, Kiên Giang",KV2-NT,
5948,54,Kiên Giang,05,Huyện Tân Hiệp,075,THPT Thạnh Tây,"X Thạnh Đông, H Tân Hiệp, Kiên Giang",KV2-NT,
5949,54,Kiên Giang,05,Huyện Tân Hiệp,098,Trung tâm GDNN-GDTX huyện Tân Hiệp,"TT Tân Hiệp, H Tân Hiệp, Kiên Giang",KV2-NT,
5950,54,Kiên Giang,05,Huyện Tân Hiệp,108,Trung cấp Nghề Tân Hiệp,"TT Tân Hiệp, H Tân Hiệp, Kiên Giang",KV2-NT,
5951,54,Kiên Giang,05,Huyện Tân Hiệp,118,THCS&THPT Thạnh Tây,"X Thạnh Đông, H Tân Hiệp, Kiên Giang",KV2-NT,
5952,54,Kiên Giang,06,Huyện Châu Thành,012,THPT Châu Thành,"TT Minh Lương, H Châu Thành, Kiên Giang",KV1,
5953,54,Kiên Giang,06,Huyện Châu Thành,047,Trung tâm GDTX Châu Thành,"X Vĩnh Hòa Hiệp, H Châu Thành, Kiên Giang",KV1,
5954,54,Kiên Giang,06,Huyện Châu Thành,067,THPT Mong Thọ,"X Mong Thọ, H Châu Thành, Kiên Giang",KV2-NT,
5955,54,Kiên Giang,06,Huyện Châu Thành,099,Trung tâm GDNN-GDTX huyện Châu Thành,"X Vĩnh Hòa Hiệp, H Châu Thành, Kiên Giang",KV1,
5956,54,Kiên Giang,06,Huyện Châu Thành,119,THCS&THPT Mong Thọ,"X Mong Thọ, H Châu Thành, Kiên Giang",KV2-NT,
5957,54,Kiên Giang,07,Huyện Giồng Riềng,014,THPT Giồng Riềng (trước 04/6/2021),"Lê Quý Đôn, TT Giồng Riềng, H Giồng Riềng, Kiên Giang",KV1,
5958,54,Kiên Giang,07,Huyện Giồng Riềng,039,THPT Hòa Thuận,"X Ngọc Hòa, H Giồng Riềng, Kiên Giang",KV1,
5959,54,Kiên Giang,07,Huyện Giồng Riềng,040,THPT Long Thạnh,"X Long Thạnh, H Giồng Riềng, Kiên Giang",KV1,
5960,54,Kiên Giang,07,Huyện Giồng Riềng,048,Trung tâm GDTX Giồng Riềng,"TT Giồng Riềng, H Giồng Riềng, Kiên Giang",KV1,
5961,54,Kiên Giang,07,Huyện Giồng Riềng,057,THPT Thạnh Lộc,"X Thạnh Lộc, H Giồng Riềng, Kiên Giang",KV1,
5962,54,Kiên Giang,07,Huyện Giồng Riềng,063,THPT Hòa Hưng,"X Hoà Hưng, H Giồng Riềng, Kiên Giang",KV1,
5963,54,Kiên Giang,07,Huyện Giồng Riềng,069,THPT Bàn Tân Định,"X Bàn Tân Định, H Giồng Riềng, Kiên Giang",KV1,
5964,54,Kiên Giang,07,Huyện Giồng Riềng,082,Trung cấp Nghề DTNT tỉnh Kiên Giang,"X Long Thạnh, H Giồng Riềng, Kiên Giang",KV1,
5965,54,Kiên Giang,07,Huyện Giồng Riềng,084,THCS Thạnh Phước,"X Thạnh Phước, H Giồng Riềng, Kiên Giang",KV1,
5966,54,Kiên Giang,07,Huyện Giồng Riềng,100,Trung tâm GDNN-GDTX huyện Giồng Riềng (trước 04/6/2021),"TT Giồng Riềng, H Giồng Riềng, Kiên Giang",KV1,
5967,54,Kiên Giang,07,Huyện Giồng Riềng,120,THCS&THPT Hòa Thuận,"X Ngọc Hòa, H Giồng Riềng, Kiên Giang",KV1,
5968,54,Kiên Giang,07,Huyện Giồng Riềng,121,THCS&THPT Long Thạnh,"X Long Thạnh, H Giồng Riềng, Kiên Giang",KV1,
5969,54,Kiên Giang,07,Huyện Giồng Riềng,122,THCS&THPT Thạnh Lộc (trước 04/6/2021),"X Thạnh Lộc, H Giồng Riềng, Kiên Giang",KV1,
5970,54,Kiên Giang,07,Huyện Giồng Riềng,123,THCS&THPT Hòa Hưng (trước 04/6/2021),"X Hoà Hưng, H Giồng Riềng, Kiên Giang",KV1,
5971,54,Kiên Giang,07,Huyện Giồng Riềng,124,THCS&THPT Bàn Tân Định,"X Bàn Tân Định, H Giồng Riềng, Kiên Giang",KV1,
5972,54,Kiên Giang,07,Huyện Giồng Riềng,149,THCS&THPT Hòa Hưng,"X Hoà Hưng, H Giồng Riềng, Kiên Giang",KV2-NT,
5973,54,Kiên Giang,07,Huyện Giồng Riềng,150,THCS&THPT Thạnh Lộc,"X Thạnh Lộc, H Giồng Riềng, Kiên Giang",KV2-NT,
5974,54,Kiên Giang,07,Huyện Giồng Riềng,151,THPT Giồng Riềng,"Lê Quý Đôn, TT Giồng Riềng, H Giồng Riềng, Kiên Giang",KV2-NT,
5975,54,Kiên Giang,07,Huyện Giồng Riềng,152,Trung tâm GDNN-GDTX huyện Giồng Riềng,"TT Giồng Riềng, H Giồng Riềng, Kiên Giang",KV2-NT,
5976,54,Kiên Giang,08,Huyện Gò Quao,015,THPT Gò Quao (trước 04/6/2021),"TT Gò Quao, H Gò Quao, Kiên Giang",KV1,
5977,54,Kiên Giang,08,Huyện Gò Quao,049,Trung tâm GDTX Gò Quao,"TT Gò Quao, H Gò Quao, Kiên Giang",KV1,
5978,54,Kiên Giang,08,Huyện Gò Quao,064,THPT Định An,"X Định An, H Gò Quao, Kiên Giang",KV1,
5979,54,Kiên Giang,08,Huyện Gò Quao,065,THPT Vĩnh Thắng,"X Vĩnh Thắng, H Gò Quao, Kiên Giang",KV1,
5980,54,Kiên Giang,08,Huyện Gò Quao,070,THPT Vĩnh Hoà Hưng Bắc,"X Vĩnh Hoà Hưng Bắc, H Gò Quao, Kiên Giang",KV1,
5981,54,Kiên Giang,08,Huyện Gò Quao,072,THPT Thới Quản,"X Thới Quản, H Gò Quao, Kiên Giang",KV1,
5982,54,Kiên Giang,08,Huyện Gò Quao,101,Trung tâm GDNN-GDTX huyện Gò Quao (trước 04/6/2021),"TT Gò Quao, H Gò Quao, Kiên Giang",KV1,
5983,54,Kiên Giang,08,Huyện Gò Quao,125,THCS&THPT Định An,"X Định An, H Gò Quao, Kiên Giang",KV1,
5984,54,Kiên Giang,08,Huyện Gò Quao,126,THCS&THPT Vĩnh Thắng (trước 04/6/2021),"X Vĩnh Thắng, H Gò Quao, Kiên Giang",KV1,
5985,54,Kiên Giang,08,Huyện Gò Quao,127,THCS&THPT Vĩnh Hoà Hưng Bắc (trước 04/6/2021),"X Vĩnh Hoà Hưng Bắc, H Gò Quao, Kiên Giang",KV1,
5986,54,Kiên Giang,08,Huyện Gò Quao,128,THCS&THPT Thới Quản,"X Thới Quản, H Gò Quao, Kiên Giang",KV1,
5987,54,Kiên Giang,08,Huyện Gò Quao,153,THPT Gò Quao,"TT Gò Quao, H Gò Quao, Kiên Giang",KV2-NT,
5988,54,Kiên Giang,08,Huyện Gò Quao,154,THCS&THPT Vĩnh Thắng,"X Vĩnh Thắng, H Gò Quao, Kiên Giang",KV2-NT,
5989,54,Kiên Giang,08,Huyện Gò Quao,155,THCS&THPT Vĩnh Hoà Hưng Bắc,"X Vĩnh Hoà Hưng Bắc, H Gò Quao, Kiên Giang",KV2-NT,
5990,54,Kiên Giang,08,Huyện Gò Quao,156,Trung tâm GDNN-GDTX huyện Gò Quao,"TT Gò Quao, H Gò Quao, Kiên Giang",KV2-NT,
5991,54,Kiên Giang,09,Huyện An Biên,016,THPT An Biên,"TT Thứ 3, H An Biên, Kiên Giang",KV1,
5992,54,Kiên Giang,09,Huyện An Biên,042,THPT Đông Thái,"X Đông Thái, H An Biên, Kiên Giang",KV1,
5993,54,Kiên Giang,09,Huyện An Biên,050,Trung tâm GDTX An Biên,"TT Thứ 3, H An Biên, Kiên Giang",KV1,
5994,54,Kiên Giang,09,Huyện An Biên,068,THPT Nam Yên,"X Nam Yên, H An Biên, Kiên Giang",KV1,
5995,54,Kiên Giang,09,Huyện An Biên,102,Trung tâm GDNN-GDTX huyện An Biên,"TT Thứ 3, H An Biên, Kiên Giang",KV1,
5996,54,Kiên Giang,09,Huyện An Biên,129,THCS&THPT Đông Thái,"X Đông Thái, H An Biên, Kiên Giang",KV1,
5997,54,Kiên Giang,09,Huyện An Biên,130,THCS&THPT Nam Yên (trước 01/01/2021),"X Nam Yên, H An Biên, Kiên Giang",KV1,
5998,54,Kiên Giang,09,Huyện An Biên,131,THCS&THPT Nam Yên,"X Nam Yên, H An Biên, Kiên Giang",KV2-NT,
5999,54,Kiên Giang,10,Huyện An Minh,017,THPT An Minh,"TT Thứ 11, H An Minh, Kiên Giang",KV2-NT,
6000,54,Kiên Giang,10,Huyện An Minh,051,Trung tâm GDTX An Minh,"TT Thứ 11, H An Minh, Kiên Giang",KV2-NT,
6001,54,Kiên Giang,10,Huyện An Minh,059,THPT Nguyễn Văn Xiện (trước 2017),"X Tân Thạnh, H An Minh, Kiên Giang",KV2-NT,
6002,54,Kiên Giang,10,Huyện An Minh,066,THPT Vân Khánh,"X Vân Khánh, H An Minh, Kiên Giang",KV1,
6003,54,Kiên Giang,10,Huyện An Minh,094,THPT Nguyễn Văn Xiện (từ 2017),"X Tân Thạnh, H An Minh, Kiên Giang",KV1,
6004,54,Kiên Giang,10,Huyện An Minh,103,Trung tâm GDNN-GDTX huyện An Minh,"TT Thứ 11, H An Minh, Kiên Giang",KV2-NT,
6005,54,Kiên Giang,10,Huyện An Minh,132,THCS&THPT Vân Khánh (trước 01/01/2021),"X Vân Khánh, H An Minh, Kiên Giang",KV1,
6006,54,Kiên Giang,10,Huyện An Minh,133,THCS&THPT Nguyễn Văn Xiện,"X Tân Thạnh, H An Minh, Kiên Giang",KV1,
6007,54,Kiên Giang,10,Huyện An Minh,159,THCS&THPT Vân Khánh,"X Vân Khánh, H An Minh, Kiên Giang",KV2-NT,
6008,54,Kiên Giang,11,Huyện Vĩnh Thuận,010,THPT Vĩnh Phong,"X Vĩnh Phong, H Vĩnh Thuận, Kiên Giang",KV1,
6009,54,Kiên Giang,11,Huyện Vĩnh Thuận,018,THPT Vĩnh Thuận (trước 04/6/2021),"TT Vĩnh Thuận, H Vĩnh Thuận, Kiên Giang",KV1,
6010,54,Kiên Giang,11,Huyện Vĩnh Thuận,052,Trung tâm GDTX Vĩnh Thuận,"TT Vĩnh Thuận, H Vĩnh Thuận, Kiên Giang",KV1,
6011,54,Kiên Giang,11,Huyện Vĩnh Thuận,060,THPT Vĩnh Bình Bắc,"X Vĩnh Bình Bắc, H Vĩnh Thuận, Kiên Giang",KV1,
6012,54,Kiên Giang,11,Huyện Vĩnh Thuận,104,Trung tâm GDNN-GDTX huyện Vĩnh Thuận (trước 04/6/2021),"TT Vĩnh Thuận, H Vĩnh Thuận, Kiên Giang",KV1,
6013,54,Kiên Giang,11,Huyện Vĩnh Thuận,134,THCS&THPT Vĩnh Phong (trước 04/6/2021),"X Vĩnh Phong, H Vĩnh Thuận, Kiên Giang",KV1,
6014,54,Kiên Giang,11,Huyện Vĩnh Thuận,135,THCS&THPT Vĩnh Bình Bắc,"X Vĩnh Bình Bắc, H Vĩnh Thuận, Kiên Giang",KV1,
6015,54,Kiên Giang,11,Huyện Vĩnh Thuận,157,THPT Vĩnh Thuận,"TT Vĩnh Thuận, H Vĩnh Thuận, Kiên Giang",KV2-NT,
6016,54,Kiên Giang,11,Huyện Vĩnh Thuận,158,Trung tâm GDNN-GDTX huyện Vĩnh Thuận,"TT Vĩnh Thuận, H Vĩnh Thuận, Kiên Giang",KV2-NT,
6017,54,Kiên Giang,11,Huyện Vĩnh Thuận,160,THCS&THPT Vĩnh Phong,"X Vĩnh Phong, H Vĩnh Thuận, Kiên Giang",KV2-NT,
6018,54,Kiên Giang,12,Huyện Phú Quốc,019,THPT Phú Quốc (trước 09/12/2020),"TT Dương Đông, H Phú Quốc, Kiên Giang",KV1,
6019,54,Kiên Giang,12,Huyện Phú Quốc,020,THPT An Thới (trước 09/12/2020),"TT An Thới, H Phú Quốc, Kiên Giang",KV1,
6020,54,Kiên Giang,12,Huyện Phú Quốc,053,Trung tâm GDTX Phú Quốc,"TT Dương Đông, H Phú Quốc, Kiên Giang",KV1,
6021,54,Kiên Giang,12,Huyện Phú Quốc,080,THPT Dương Đông (trước 09/12/2020),"TT Dương Đông, H Phú Quốc, Kiên Giang",KV1,
6022,54,Kiên Giang,12,Huyện Phú Quốc,105,Trung tâm GDNN-GDTX huyện Phú Quốc,"TT Dương Đông, H Phú Quốc, Kiên Giang",KV1,
6023,54,Kiên Giang,13,Huyện Kiên Hải,021,THPT Kiên Hải,"X Hòn Tre, H Kiên Hải, Kiên Giang",KV1,
6024,54,Kiên Giang,13,Huyện Kiên Hải,074,THPT Lại Sơn,"X Lại Sơn, H Kiên Hải, Kiên Giang",KV1,
6025,54,Kiên Giang,13,Huyện Kiên Hải,081,THCS An Sơn,"X An Sơn, H Kiên Hải, Kiên Giang",KV1,
6026,54,Kiên Giang,13,Huyện Kiên Hải,110,TH&THCS Nam Du,"X Nam Du, H Kiên Hải, Kiên Giang",KV1,
6027,54,Kiên Giang,13,Huyện Kiên Hải,136,THCS&THPT Kiên Hải,"X Hòn Tre, H Kiên Hải, Kiên Giang",KV1,
6028,54,Kiên Giang,13,Huyện Kiên Hải,137,THCS&THPT Lại Sơn,"X Lại Sơn, H Kiên Hải, Kiên Giang",KV1,
6029,54,Kiên Giang,14,Huyện U Minh Thượng,058,THPT U Minh Thượng,"X Thạnh Yên, H U Minh Thượng, Kiên Giang",KV1,
6030,54,Kiên Giang,14,Huyện U Minh Thượng,073,THPT Minh Thuận,"X Minh Thuận, H U Minh Thượng, Kiên Giang",KV1,
6031,54,Kiên Giang,14,Huyện U Minh Thượng,078,THPT Vĩnh Hoà,"X Vĩnh Hoà, H U Minh Thượng, Kiên Giang",KV1,
6032,54,Kiên Giang,14,Huyện U Minh Thượng,086,Trung cấp Nghề vùng U Minh Thượng,"X Thạnh Yên, H U Minh Thượng, Kiên Giang",KV1,
6033,54,Kiên Giang,14,Huyện U Minh Thượng,138,THCS&THPT U Minh Thượng,"X Thạnh Yên, H U Minh Thượng, Kiên Giang",KV1,
6034,54,Kiên Giang,14,Huyện U Minh Thượng,139,THCS&THPT Minh Thuận,"X Minh Thuận, H U Minh Thượng, Kiên Giang",KV1,
6035,54,Kiên Giang,14,Huyện U Minh Thượng,140,THCS&THPT Vĩnh Hoà (trước 04/6/2021),"X Vĩnh Hoà, H U Minh Thượng, Kiên Giang",KV1,
6036,54,Kiên Giang,14,Huyện U Minh Thượng,161,THCS&THPT Vĩnh Hoà,"X Vĩnh Hoà, H U Minh Thượng, Kiên Giang",KV2-NT,
6037,54,Kiên Giang,15,Huyện Giang Thành,054,THPT Thoại Ngọc Hầu,"X Tân Khánh Hòa, H Giang Thành, Kiên Giang",KV1,
6038,54,Kiên Giang,15,Huyện Giang Thành,083,Trung tâm GDTX Giang Thành,"X Phú Lợi, H Giang Thành, Kiên Giang",KV1,
6039,54,Kiên Giang,15,Huyện Giang Thành,106,Trung tâm GDNN-GDTX huyện Giang Thành,"X Phú Lợi, H Giang Thành, Kiên Giang",KV1,
6040,54,Kiên Giang,16,Thành phố Phú Quốc,141,THPT Phú Quốc,"P Dương Đông, TP Phú Quốc, Kiên Giang",KV1,
6041,54,Kiên Giang,16,Thành phố Phú Quốc,142,THPT An Thới,"P An Thới, TP Phú Quốc, Kiên Giang",KV1,
6042,54,Kiên Giang,16,Thành phố Phú Quốc,143,THPT Dương Đông,"P Dương Đông, TP Phú Quốc, Kiên Giang",KV1,
6043,54,Kiên Giang,16,Thành phố Phú Quốc,144,Trung tâm GDNN-GDTX thành phố Phú Quốc,"P Dương Đông, TP Phú Quốc, Kiên Giang",KV1,
6044,55,Cần Thơ,00,Sở Giáo dục và Đào tạo,800,Học ở nước ngoài_55,Học ở nước ngoài,KV3,
6045,55,Cần Thơ,00,Sở Giáo dục và Đào tạo,900,"Quân nhân, Công an tại ngũ_55","Quân nhân, Công an tại ngũ",KV3,
6046,55,Cần Thơ,01,Quận Ninh Kiều,000,Sở GD - ĐT Cần Thơ,"Phường Xuân Khánh, Q Ninh Kiều, TP CT",KV3,
6047,55,Cần Thơ,01,Quận Ninh Kiều,002,THPT Châu Văn Liêm,"Phường An Cư, Q.Ninh Kiều, TP CT",KV3,
6048,55,Cần Thơ,01,Quận Ninh Kiều,003,THPT Nguyễn Việt Hồng,"Phường An Bình, Q.Ninh Kiều, TP CT",KV3,
6049,55,Cần Thơ,01,Quận Ninh Kiều,004,THPT Phan Ngọc Hiển,"Phường An Cư, Q.Ninh Kiều, TP CT",KV3,
6050,55,Cần Thơ,01,Quận Ninh Kiều,005,THPT Bán công An Bình,"Q. Ninh Kiều, Tp. Cần Thơ",KV3,
6051,55,Cần Thơ,01,Quận Ninh Kiều,006,THCS&THPT Nguyễn Bỉnh Khiêm,"Phường An Cư, Q.Ninh Kiều, TP CT",KV3,
6052,55,Cần Thơ,01,Quận Ninh Kiều,007,Phổ Thông Thái Bình Dương,"Phường Cái Khế, Q.Ninh Kiều, TP CT",KV3,
6053,55,Cần Thơ,01,Quận Ninh Kiều,008,GDNN - GDTX quận Ninh Kiều,"Phường Xuân Khánh, Q.Ninh Kiều, TP CT",KV3,
6054,55,Cần Thơ,01,Quận Ninh Kiều,009,TT Giáo dục thường xuyên TP. Cần Thơ,"Phường Tân An, Q.Ninh Kiều, TP CT",KV3,
6055,55,Cần Thơ,01,Quận Ninh Kiều,010,TTGDTX-KTTH-HN Cần Thơ,"Phường An Cư, Q.Ninh Kiều, TP CT",KV3,
6056,55,Cần Thơ,01,Quận Ninh Kiều,011,Phòng GD&ĐT Q.Ninh Kiều,"Phường Xuân Khánh, Q.Ninh Kiều, TP CT",KV3,
6057,55,Cần Thơ,01,Quận Ninh Kiều,046,Trường trung cấp Bách Nghệ CT,"93/4 Trần Hưng Đạo, Q. Ninh Kiều, TPCT",KV3,
6058,55,Cần Thơ,01,Quận Ninh Kiều,047,Trường TC Kinh tế - Kỹ thuật CT,"62 Mậu Thân, Quận Ninh Kiều, TPCT",KV3,
6059,55,Cần Thơ,01,Quận Ninh Kiều,049,Trường TC Miền Tây,"133C-133D Nguyễn V.Cừ nối dài, Q.Ninh Kiều, TPCT",KV3,
6060,55,Cần Thơ,01,Quận Ninh Kiều,051,"CĐ Nghề Việt Mỹ, Phân hiệu CT","135P Trần Hưng Đạo, Q.Ninh Kiều, TPCT",KV3,
6061,55,Cần Thơ,01,Quận Ninh Kiều,052,"CĐ Nghề ISPACE, Phân hiệu CT","118 đường 3/2, Q.Ninh Kiều, TPCT",KV3,
6062,55,Cần Thơ,01,Quận Ninh Kiều,053,TC Nghề Cần Thơ,"30-32 Hùng Vương, Q.Ninh Kiều, TPCT",KV3,
6063,55,Cần Thơ,01,Quận Ninh Kiều,060,"TH, THCS và THPT Quốc Văn","435 đường 30/4, Q.Ninh Kiều, TPCT",KV3,
6064,55,Cần Thơ,01,Quận Ninh Kiều,061,Phổ thông Việt Mỹ,"31 - 33 - 35 Châu Văn Liêm, P. An Lạc, Q.Ninh Kiều, TPCT",KV3,
6065,55,Cần Thơ,01,Quận Ninh Kiều,062,Phổ thông năng khiếu Thể dục Thể thao,"Khu Liên hợp TDTT, P.Cái Khế, Q.Ninh Kiều, TPCT",KV3,
6066,55,Cần Thơ,01,Quận Ninh Kiều,063,THPT Thực hành sư phạm - ĐHCT,"Khu II Đại học Cần Thơ, P.Xuân Khánh, Q.Ninh Kiều, TPCT",KV3,
6067,55,Cần Thơ,01,Quận Ninh Kiều,065,TC Phạm Ngọc Thạch Cần Thơ,"144 đường 30/4, Q. Ninh Kiều, TP Cần Thơ",KV3,
6068,55,Cần Thơ,01,Quận Ninh Kiều,066,TC Đại Việt TP. Cần Thơ,"390 CMT8, Q. Ninh Kiều, TPCT",KV3,
6069,55,Cần Thơ,01,Quận Ninh Kiều,068,CĐ Kinh tế - Kỹ thuật Cần Thơ,"09 CMT8, Q.Ninh Kiều, TPCT",KV3,
6070,55,Cần Thơ,01,Quận Ninh Kiều,069,Cao đẳng Cần Thơ,"209 đường 30/4, Q.Ninh Kiều, TPCT",KV3,
6071,55,Cần Thơ,01,Quận Ninh Kiều,070,CĐ Y tế Cần Thơ,"340 Nguyễn Văn Cừ, Q.Ninh Kiều, TPCT",KV3,
6072,55,Cần Thơ,01,Quận Ninh Kiều,072,CĐ Nghề Du lịch Cần Thơ,"85 Phan Đăng Lưu, Q.Ninh Kiều, TPCT",KV3,
6073,55,Cần Thơ,01,Quận Ninh Kiều,074,TC Văn hóa - Nghệ thuật Cần Thơ,"188/35A Nguyễn Văn Cừ, Q.Ninh Kiều, TPCT",KV3,
6074,55,Cần Thơ,01,Quận Ninh Kiều,075,TC Thể dục - Thể Thao Cần Thơ,"Khu liên hợp TDTT, P.Cái Khế, Q.Ninh Kiều, TPCT",KV3,
6075,55,Cần Thơ,01,Quận Ninh Kiều,076,TC Giao Thông Vận tải Miền Nam,"288 Nguyễn Văn Linh, P. An Khánh, Q. Ninh Kiều, Tp. Cần Thơ",KV3,
6076,55,Cần Thơ,01,Quận Ninh Kiều,080,THPT An Khánh,"Số 106, đường số 2, KDC Thới Nhựt 2,Phường An Khánh, Q.Ninh Kiều, TPCT",KV3,
6077,55,Cần Thơ,01,Quận Ninh Kiều,081,"Trường TH, THCS và THPT Quốc tế Hòa Bình","105B, Nguyễn Văn Cừ",KV3,
6078,55,Cần Thơ,01,Quận Ninh Kiều,082,THPT FPT,"Số 600, Nguyễn Văn Cừ nối dài, phường An Bình, quận Ninh Kiều, TPCT",KV3,
6079,55,Cần Thơ,01,Quận Ninh Kiều,083,"TH, THCS và THPT quốc tế Singapore","Nguyễn Văn Cừ nối dài, phường An Bình, quận Ninh Kiều, TPCT",KV3,
6080,55,Cần Thơ,01,Quận Ninh Kiều,801,Trường THPT - Khu vực 1,,KV1,
6081,55,Cần Thơ,01,Quận Ninh Kiều,802,Trường THPT - KV2NT,,KV2-NT,
6082,55,Cần Thơ,01,Quận Ninh Kiều,803,Trường THPT - KV2,,KV2,
6083,55,Cần Thơ,01,Quận Ninh Kiều,804,Trường THPT - Khu vực 3,,KV3,
6084,55,Cần Thơ,02,Quận Bình Thủy,012,THPT Bùi Hữu Nghĩa,"55 Cách mạng tháng Tám, phường An Thới, quận Bình Thủy, thành phố Cần Thơ",KV3,
6085,55,Cần Thơ,02,Quận Bình Thủy,014,THPT Bình Thủy,"Phường Bình Thuỷ, Q.Bình Thủy, TP CT",KV3,
6086,55,Cần Thơ,02,Quận Bình Thủy,016,GDNN - GDTX quận Bình Thủy,"Phường An Thới, Q.Bình Thủy, TP CT",KV3,
6087,55,Cần Thơ,02,Quận Bình Thủy,017,Phòng GD&ĐT Q.Bình Thuỷ,"Phường An Thới, Q.Bình Thủy, TP CT",KV3,
6088,55,Cần Thơ,02,Quận Bình Thủy,050,CĐ Nghề Cần Thơ,"57 CMT8, Q.Bình Thủy, TPCT",KV3,
6089,55,Cần Thơ,02,Quận Bình Thủy,054,"TC Nghề số 9, cơ sở 2 CT","27 CMT8, Q.Bình Thủy, TPCT",KV3,
6090,55,Cần Thơ,02,Quận Bình Thủy,064,TC Y dược MeKong,"366 Cách mạng tháng 8, Q.Bình Thủy, TP.Cần Thơ.",KV3,
6091,55,Cần Thơ,02,Quận Bình Thủy,071,CĐ Kinh tế Đối ngoại TPHCM (Cơ sở 2 Cần Thơ),"8 Lê Hồng Phong, Q. Bình Thủy, TPCT",KV3,
6092,55,Cần Thơ,02,Quận Bình Thủy,073,TC Hồng Hà,"Số 557/9 đường Trần Quang Diệu, P. An Thới, Q. Bình Thủy",KV3,
6093,55,Cần Thơ,03,Quận Cái Răng,013,THPT Chuyên Lý Tự Trọng,"Phường Hưng Thạnh, Quận Cái Răng, TP Cần Thơ",KV3,
6094,55,Cần Thơ,03,Quận Cái Răng,015,THPT Trần Đại Nghĩa,"Phường Hưng Phú, Q.Cái Răng, TP CT",KV3,
6095,55,Cần Thơ,03,Quận Cái Răng,018,THPT Nguyễn Việt Dũng,"Phường Lê Bình, Q.Cái Răng, TP.CT",KV3,
6096,55,Cần Thơ,03,Quận Cái Răng,019,GDNN - GDTX quận Cái Răng,"Phường Lê Bình, Q.Cái Răng, TP CT",KV3,
6097,55,Cần Thơ,03,Quận Cái Răng,020,Phòng GD&ĐT Q.Cái Răng,"Phường Lê Bình, Q.Cái Răng, TP CT",KV3,
6098,55,Cần Thơ,03,Quận Cái Răng,055,TC Nghề Đông Dương,"Khu DC Nông thổ sản 2, Q.Cái Răng, CT",KV3,
6099,55,Cần Thơ,03,Quận Cái Răng,088,"TH, THCS và THPT Việt Hoa","Đường Vũ Đình Liệu, KDC Nam Long, phường Hưng Thạnh, quận Cái Răng, TP. Cần Thơ",KV3,
6100,55,Cần Thơ,03,Quận Cái Răng,903,Trường Cao đẳng FPT Polytechnic,"Công ty Cổ phần Đầu tư - Địa ốc Hoàng Quân Cần Thơ (Tòa nhà giáo dục, Khu dân cư Thường Thạnh, phường Thường Thạnh, quận Cái Răng, TP. Cần Thơ)",KV3,
6101,55,Cần Thơ,04,Quận Ô Môn,021,THPT Lưu Hữu Phước,"Phường Châu Văn Liêm, Q.Ô Môn, TP CT",KV3,
6102,55,Cần Thơ,04,Quận Ô Môn,022,THPT Thới Long,"Phường Long Hưng, Q.Ô Môn, TP CT",KV3,
6103,55,Cần Thơ,04,Quận Ô Môn,024,Phổ thông Dân Tộc Nội trú,"Phường Châu Văn Liêm, Q.Ô Môn, TP CT",KV3,DTNT
6104,55,Cần Thơ,04,Quận Ô Môn,025,THPT Lương Định Của,"Phường Châu Văn Liêm, Q.Ô Môn, TP CT",KV3,
6105,55,Cần Thơ,04,Quận Ô Môn,026,GDNN - GDTX quận Ô Môn,"Phường Châu Văn Liêm, Q.Ô Môn, TP CT",KV3,
6106,55,Cần Thơ,04,Quận Ô Môn,027,Phòng GD&ĐT Q.Ô Môn,"Phường Châu Văn Liêm, Q.Ô Môn, TP CT",KV3,
6107,55,Cần Thơ,04,Quận Ô Môn,067,CĐ Cơ điện và Nông nghiệp Nam Bộ,"Phường Phước Thới, Q.Ô Môn, Tp. Cần Thơ",KV3,
6108,55,Cần Thơ,05,Huyện Phong Điền,028,THPT Phan Văn Trị,"TT Phong Điền, huyện Phong Điền, TP CT",KV2,
6109,55,Cần Thơ,05,Huyện Phong Điền,029,GDNN - GDTX huyện Phong Điền,"TT Phong Điền, huyện Phong Điền, TP CT",KV2,
6110,55,Cần Thơ,05,Huyện Phong Điền,030,Phòng GD&ĐT H.Phong Điền,"Xã Nhơn ái, huyện Phong Điền, TP CT",KV2,
6111,55,Cần Thơ,05,Huyện Phong Điền,058,THPT Giai Xuân,"Xã Giai Xuân, huyện Phong Điền, TPCT",KV2,
6112,55,Cần Thơ,06,Huyện Cờ Đỏ,023,THCS và THPT Trần Ngọc Hoằng,"Xã Thới Hưng, H.Cờ Đỏ, TP CT",KV2,
6113,55,Cần Thơ,06,Huyện Cờ Đỏ,032,THPT Hà Huy Giáp (trước 04/6/2021),"Thị trấn Cờ Đỏ, huyện Cờ Đỏ, TP CT",KV2,
6114,55,Cần Thơ,06,Huyện Cờ Đỏ,034,Phòng GD&ĐT H.Cờ Đỏ,"Thị trấn Cờ Đỏ, huyện Cờ Đỏ, TP CT",KV2,
6115,55,Cần Thơ,06,Huyện Cờ Đỏ,040,THPT Trung An,"Xã Trung An, H.Cờ Đỏ, TP CT",KV2,
6116,55,Cần Thơ,06,Huyện Cờ Đỏ,057,GDNN - GDTX huyện Cờ Đỏ,"Thị trấn Cờ Đỏ, huyện Cờ Đỏ, TP CT",KV2,
6117,55,Cần Thơ,07,Huyện Vĩnh Thạnh,035,THPT Thạnh An,"Thị trấn Thạnh An, H.Vĩnh Thạnh, TPCT",KV2,
6118,55,Cần Thơ,07,Huyện Vĩnh Thạnh,037,GDNN - GDTX huyện Vĩnh Thạnh,"Thị trấn Vĩnh Thạnh, H.Vĩnh Thạnh, TP CT",KV2,
6119,55,Cần Thơ,07,Huyện Vĩnh Thạnh,038,Phòng GD&ĐT H.Vĩnh Thạnh,"Thị trấn Vĩnh Thạnh, H.Vĩnh Thạnh, TP CT",KV2,
6120,55,Cần Thơ,07,Huyện Vĩnh Thạnh,045,THPT Vĩnh Thạnh,"Thị trấn Vĩnh Thạnh, H.Vĩnh Thạnh, TP CT",KV2,
6121,55,Cần Thơ,07,Huyện Vĩnh Thạnh,077,THCS và THPT Thạnh Thắng,"Xã Thạnh Thắng, H. Vĩnh Thạnh, TPCT",KV2,
6122,55,Cần Thơ,08,Quận Thốt Nốt,039,THPT Thốt Nốt,"Phường Thuận An, Q.Thốt Nốt, TP CT",KV3,
6123,55,Cần Thơ,08,Quận Thốt Nốt,041,THPT Thuận Hưng,"Phường Thuận Hưng, Q.Thốt Nốt, TP CT",KV3,
6124,55,Cần Thơ,08,Quận Thốt Nốt,042,GDNN - GDTX quận Thốt Nốt,"Phường Thuận An, Q.Thốt Nốt, TP CT",KV3,
6125,55,Cần Thơ,08,Quận Thốt Nốt,043,Phòng GD&ĐT Q.Thốt Nốt,"Phường Thuận An, Q.Thốt Nốt, TP CT",KV3,
6126,55,Cần Thơ,08,Quận Thốt Nốt,078,THCS và THPT Thới Thuận,"Phường Thới Thuận, Q.Thốt Nốt, TPCT",KV3,
6127,55,Cần Thơ,08,Quận Thốt Nốt,079,THCS và THPT Tân Lộc,"Phường Tân Lộc, Q.Thốt Nốt, TPCT",KV3,
6128,55,Cần Thơ,09,Huyện Thới Lai,031,THPT Thới Lai,"Thị trấn Thới Lai, huyện Thới Lai, TP CT",KV2,
6129,55,Cần Thơ,09,Huyện Thới Lai,033,GDNN - GDTX huyện Thới Lai,"Thị trấn Thới Lai, huyện Thới Lai, TP CT",KV2,
6130,55,Cần Thơ,09,Huyện Thới Lai,044,Phòng GD&ĐT H.Thới Lai,"Thị trấn Thới Lai, huyện Thới Lai, TP CT",KV2,
6131,55,Cần Thơ,09,Huyện Thới Lai,056,TC Nghề Thới Lai,"TT Thới Lai, H.Thới Lai, CT",KV2,
6132,55,Cần Thơ,09,Huyện Thới Lai,059,THCS và THPT Trường Xuân,"Xã Trường Xuân B, huyện Thới Lai, TPCT",KV2,
6133,55,Cần Thơ,09,Huyện Thới Lai,096,THCS và THPT Thới Thạnh,"Xã Thới Thạnh, huyện Thới Lai, TP. Cần Thơ",KV2,
6134,55,Cần Thơ,10,Huyện Cờ Đỏ (từ 04/6/2021 không còn xã ĐBKK),084,GDNN - GDTX huyện Cờ Đỏ (từ 04/6/2021),"Thị trấn Cờ Đỏ, huyện Cờ Đỏ, TP. Cần Thơ",KV2,
6135,55,Cần Thơ,10,Huyện Cờ Đỏ (từ 04/6/2021 không còn xã ĐBKK),085,THPT Trung An (từ 04/6/2021),"Xã Trung An, huyện Cờ Đỏ, TP. Cần Thơ",KV2,
6136,55,Cần Thơ,10,Huyện Cờ Đỏ (từ 04/6/2021 không còn xã ĐBKK),087,THCS và THPT Trần Ngọc Hoằng (từ 04/6/2021),"Xã Thới Hưng, huyện Cờ Đỏ, TP. Cần Thơ",KV2,
6137,55,Cần Thơ,12,Quận Ô Môn (từ ngày 04/6/2021),091,THPT Lưu Hữu Phước (từ 04/6/2021),"Phường Châu Văn Liêm, Q.Ô Môn, TP CT",KV1,
6138,55,Cần Thơ,12,Quận Ô Môn (từ ngày 04/6/2021),092,THPT Lương Định Của (từ ngày 04/6/2021),"Phường Châu Văn Liêm, Q.Ô Môn, TP CT",KV1,
6139,55,Cần Thơ,12,Quận Ô Môn (từ ngày 04/6/2021),093,GDNN - GDTX quận Ô Môn (từ ngày 04/6/2021),"Phường Châu Văn Liêm, Q.Ô Môn, TP CT",KV1,
6140,55,Cần Thơ,12,Quận Ô Môn (từ ngày 04/6/2021),098,Phổ thông Dân tộc Nội trú (từ ngày 04/6/2021),"Khu vực 5, phường Châu Văn Liêm, quận Ô Môn, TP. Cần Thơ",KV1,DTNT
6141,55,Cần Thơ,13,Huyện Cờ Đỏ (từ ngày 04/6/2021),094,THPT Hà Huy Giáp (từ ngày 04/6/2021),"Thị trấn Cờ Đỏ, huyện Cờ Đỏ, TP CT",KV1,
6142,55,Cần Thơ,13,Huyện Cờ Đỏ (từ ngày 04/6/2021),095,GDNN - GDTX huyện Cờ Đỏ (từ ngày 04/6/2021),"Thị trấn Cờ Đỏ, huyện Cờ Đỏ, TP CT",KV1,
6143,56,Bến Tre,00,Sở Giáo dục và Đào tạo,800,Học ở nước ngoài_56,,KV3,
6144,56,Bến Tre,00,Sở Giáo dục và Đào tạo,900,"Quân nhân, Công an tại ngũ_56",,KV3,
6145,56,Bến Tre,01,Thành phố Bến Tre,002,THPT Nguyễn Đình Chiểu,"Phường Phú Tân, TP. Bến Tre, Tỉnh Bến Tre",KV2,
6146,56,Bến Tre,01,Thành phố Bến Tre,023,THPT Bán Công Thị Xã,"Phường 3-TP. Bến Tre, Tỉnh Bến Tre",KV2,
6147,56,Bến Tre,01,Thành phố Bến Tre,030,THPT Chuyên Bến Tre,"Phường Phú Tân -TP. Bến Tre, Tỉnh Bến Tre",KV2,
6148,56,Bến Tre,01,Thành phố Bến Tre,040,THPT Võ Trường Toản,"Xã Phú Hưng-TP. Bến Tre, Tỉnh Bến Tre",KV2,
6149,56,Bến Tre,01,Thành phố Bến Tre,045,Trung tâm GDNN-GDTX thành phố Bến Tre,"Phường Phú Khương , thành phố Bến Tre, Tỉnh Bến Tre",KV2,
6150,56,Bến Tre,01,Thành phố Bến Tre,050,Phổ thông Hermann Gmeiner,"Phường 6-TP. Bến Tre, Tỉnh Bến Tre",KV2,
6151,56,Bến Tre,01,Thành phố Bến Tre,051,Trung cấp Y Tế Bến Tre,"Phường 6-TP. Bến Tre, Tỉnh Bến Tre",KV2,
6152,56,Bến Tre,01,Thành phố Bến Tre,062,CĐ Bến Tre,"Xã Sơn Đông, TP Bến Tre-Tỉnh Bến Tre",KV2,
6153,56,Bến Tre,01,Thành phố Bến Tre,066,THPT Lạc Long Quân,"Xã Mỹ Thạnh An- Thành phố Bến Tre, Tỉnh Bến Tre",KV2,
6154,56,Bến Tre,01,Thành phố Bến Tre,068,CĐ nghề Đồng Khởi,"17A4,QL60, P.Phú Tân, TP Bến Tre, Tỉnh Bến Tre",KV2,
6155,56,Bến Tre,01,Thành phố Bến Tre,069,TC nghề Bến Tre,"59A1, Khu phố 1, P. Phú Tân, TP Bến Tre, Tỉnh Bến Tre",KV2,
6156,56,Bến Tre,01,Thành phố Bến Tre,072,Năng khiếu TDTT Bến Tre,"Phường Phú Khương, TP Bến Tre, Tỉnh Bến Tre",KV2,
6157,56,Bến Tre,01,Thành phố Bến Tre,801,Trường THPT - Khu vực 1,,KV1,
6158,56,Bến Tre,01,Thành phố Bến Tre,802,Trường THPT - KV2NT,,KV2-NT,
6159,56,Bến Tre,01,Thành phố Bến Tre,803,Trường THPT - KV2,,KV2,
6160,56,Bến Tre,01,Thành phố Bến Tre,804,Trường THPT - Khu vực 3,,KV3,
6161,56,Bến Tre,02,Huyện Châu Thành (trước 15/3/2022),004,THPT Trần Văn Ơn (trước 15/3/2022),"Xã Phú An Hòa, H.Châu Thành, Tỉnh Bến Tre",KV2-NT,
6162,56,Bến Tre,02,Huyện Châu Thành (trước 15/3/2022),005,THPT Diệp Minh Châu (trước 15/3/2022),"Xã Tiên Thủy, H. Châu Thành, Tỉnh Bến Tre",KV2-NT,
6163,56,Bến Tre,02,Huyện Châu Thành (trước 15/3/2022),026,THPT BC Châu Thành A,"TT Châu Thành, H. Châu Thành, Tỉnh Bến Tre",KV2-NT,
6164,56,Bến Tre,02,Huyện Châu Thành (trước 15/3/2022),027,THPT BC Châu Thành B,"Xã Tiên Thủy, H. Châu Thành, Tỉnh Bến Tre",KV2-NT,
6165,56,Bến Tre,02,Huyện Châu Thành (trước 15/3/2022),049,THPT Mạc Đĩnh Chi (trước 15/3/2022),"Xã An Hóa, H. Châu Thành, Tỉnh Bến Tre",KV2-NT,
6166,56,Bến Tre,02,Huyện Châu Thành (trước 15/3/2022),054,Trung tâm GDNN-GDTX Châu Thành (trước 15/3/2022),"TT Châu Thành, H.Châu Thành, Tỉnh Bến Tre",KV2-NT,
6167,56,Bến Tre,02,Huyện Châu Thành (trước 15/3/2022),067,THPT Nguyễn Huệ (trước 15/3/2022),"Xã Phú Túc- H. Châu Thành, Tỉnh Bến Tre",KV2-NT,
6168,56,Bến Tre,02,Huyện Châu Thành (trước 15/3/2022),073,Nuôi Dạy Trẻ em khuyết tật (trước 15/3/2022),"Xã Hữu Định, Huyện Châu Thành,Tỉnh Bến Tre",KV2-NT,
6169,56,Bến Tre,03,Huyện Chợ Lách,007,THPT Trần Văn Kiết,"TT Chợ Lách, H.Chợ Lách, Tỉnh Bến Tre",KV2-NT,
6170,56,Bến Tre,03,Huyện Chợ Lách,008,THPT Trương Vĩnh Ký,"Xã Vĩnh Thành, H. Chợ Lách, Tỉnh Bến Tre",KV2-NT,
6171,56,Bến Tre,03,Huyện Chợ Lách,029,THPT Bán công Chợ Lách,"TT Chợ Lách, H. Chợ Lách, Tỉnh Bến Tre",KV2-NT,
6172,56,Bến Tre,03,Huyện Chợ Lách,034,THPT Bán công Vĩnh Thành,"Xã Vĩnh Thành, H. Chợ Lách, Tỉnh Bến Tre",KV2-NT,
6173,56,Bến Tre,03,Huyện Chợ Lách,055,Trung tâm GDNN-GDTX Chợ Lách,"Xã Hòa Nghĩa, H. Chợ Lách, Tỉnh Bến Tre",KV2-NT,
6174,56,Bến Tre,03,Huyện Chợ Lách,082,THPT Võ Văn Kiệt,Xã Long Thới,KV2-NT,
6175,56,Bến Tre,04,Huyện Mỏ Cày Bắc,024,THPT Ngô Văn Cấn,"Xã Tân Thanh Tây, H.Mỏ Cày Bắc, Tỉnh Bến Tre",KV2-NT,
6176,56,Bến Tre,04,Huyện Mỏ Cày Bắc,035,THPT Bán công Phước Mỹ Trung,"Xã Phước Mỹ Trung, H Mỏ Cày Bắc, Tỉnh Bến Tre",KV2-NT,
6177,56,Bến Tre,04,Huyện Mỏ Cày Bắc,048,THPT Lê Anh Xuân,"Xã Tân Thành Bình, H Mỏ Cày Bắc, Tỉnh Bến Tre",KV2-NT,
6178,56,Bến Tre,04,Huyện Mỏ Cày Bắc,070,Trung tâm GDNN-GDTX Mỏ Cày Bắc,"Xã Phước Mỹ Trung, H. Mỏ Cày Bắc, Tỉnh Bến Tre",KV2-NT,
6179,56,Bến Tre,04,Huyện Mỏ Cày Bắc,089,THPT Nhuận Phú Tân,Xã Nhuận Phú Tân,KV2-NT,
6180,56,Bến Tre,05,Huyện Giồng Trôm,014,THPT Phan Văn Trị,"Xã Bình Hòa, H. Giồng Trôm, Tỉnh Bến Tre",KV2-NT,
6181,56,Bến Tre,05,Huyện Giồng Trôm,015,THPT Nguyễn Ngọc Thăng,"Xã Phước Long, H. Giồng Trôm, Tỉnh Bến Tre",KV2-NT,
6182,56,Bến Tre,05,Huyện Giồng Trôm,028,THPT Dân lập Giồng Trôm,"TTGiồng Trôm, H. Giồng Trôm , Tỉnh Bến Tre",KV2-NT,
6183,56,Bến Tre,05,Huyện Giồng Trôm,039,THPT Bán công Giồng Trôm,"Xã Bình Thành, H. Giồng Trôm, Tỉnh Bến Tre",KV2-NT,
6184,56,Bến Tre,05,Huyện Giồng Trôm,057,Trung tâm GDNN-GDTX huyện Giồng Trôm,"ấp 5, X. Bình Thành, H. Giồng Trôm, Tỉnh Bến Tre",KV2-NT,
6185,56,Bến Tre,05,Huyện Giồng Trôm,061,THPT Nguyễn Thị Định,"Xã Lương Hòa-H. Giồng Trôm, Tỉnh Bến Tre",KV2-NT,
6186,56,Bến Tre,05,Huyện Giồng Trôm,063,THPT Nguyễn Trãi,"Xã Tân Hào,H. Giồng Trôm,Tỉnh Bến Tre",KV2-NT,
6187,56,Bến Tre,06,Huyện Bình Đại,017,THPT Lê Hoàng Chiếu,"TT Bình Đại, H. Bình Đại, Tỉnh Bến Tre",KV2-NT,
6188,56,Bến Tre,06,Huyện Bình Đại,018,THPT Huỳnh Tấn Phát,"Xã Châu Hưng, H. Bình Đại, Tỉnh Bến Tre",KV2-NT,
6189,56,Bến Tre,06,Huyện Bình Đại,025,THPT Lê Quí Đôn,"Xã Định Trung, H. Bình Đại, Tỉnh Bến Tre",KV2-NT,
6190,56,Bến Tre,06,Huyện Bình Đại,032,THPT Bán công Bình Đại,"TT Bình Đại, H. Bình Đại, Tỉnh Bến Tre",KV2-NT,
6191,56,Bến Tre,06,Huyện Bình Đại,037,THPT Bán công Lộc Thuận,"Xã Lộc Thuận, H. Bình Đại , Tỉnh Bến Tre",KV2-NT,
6192,56,Bến Tre,06,Huyện Bình Đại,058,Trung tâm GDNN-GDTX Bình Đại,"TT Bình Đại, H. Bình Đại , Tỉnh Bến Tre",KV2-NT,
6193,56,Bến Tre,06,Huyện Bình Đại,081,THPT Thạnh Phước,Xã Thạnh Phước,KV2-NT,
6194,56,Bến Tre,07,Huyện Ba Tri,020,THPT Phan Thanh Giản,"TT Ba Tri, H. Ba Tri, Tỉnh Bến Tre",KV2-NT,
6195,56,Bến Tre,07,Huyện Ba Tri,036,THPT Bán công Ba Tri,"TT Ba Tri, H. Ba Tri , Tỉnh Bến Tre",KV2-NT,
6196,56,Bến Tre,07,Huyện Ba Tri,038,THPT Tán Kế,"Xã Mỹ Thạnh, H. Ba Tri, Tỉnh Bến Tre",KV2-NT,
6197,56,Bến Tre,07,Huyện Ba Tri,047,THPT Sương Nguyệt Anh,"Xã Phú Ngãi, H. Ba Tri, Tỉnh Bến Tre",KV2-NT,
6198,56,Bến Tre,07,Huyện Ba Tri,059,Trung tâm GDNN-GDTX Ba Tri,"TT Ba Tri, H. Ba Tri, Tỉnh Bến Tre",KV2-NT,
6199,56,Bến Tre,07,Huyện Ba Tri,064,THPT Phan Ngọc Tòng (trước 25/01/2017),"Xã An Ngãi Tây,H. Ba Tri, Tỉnh Bến Tre",KV2-NT,
6200,56,Bến Tre,07,Huyện Ba Tri,071,THPT Phan Liêm (trước 01/8/2017),"Thị Trấn Ba Tri, huyện Ba Tri, Tỉnh Bến Tre",KV2-NT,
6201,56,Bến Tre,07,Huyện Ba Tri,076,THPT Phan Liêm (từ 01/8/2017),Xã An Hòa Tây,KV1,
6202,56,Bến Tre,07,Huyện Ba Tri,078,THPT Phan Ngọc Tòng (từ 25/01/2017),Xã An Ngãi Tây.H.Ba Tri. T.Bến Tre,KV1,
6203,56,Bến Tre,08,Huyện Thạnh Phú,022,THPT Lê Hoài Đôn (trước 01/05/2015),"Thị trấn Thạnh Phú, H. Thạnh Phú, Tỉnh Bến Tre",KV2-NT,
6204,56,Bến Tre,08,Huyện Thạnh Phú,033,THPT Bán công Thạnh Phú,"TT Thạnh Phú, H. Thạnh Phú, Tỉnh Bến Tre",KV2-NT,
6205,56,Bến Tre,08,Huyện Thạnh Phú,043,THPT Trần Trường Sinh (trước 25/01/2017),"Xã Giao Thạnh, H. Thạnh Phú, Tỉnh Bến Tre",KV2-NT,
6206,56,Bến Tre,08,Huyện Thạnh Phú,044,THPT Đoàn Thị Điểm,"Xã Tân Phong, H. Thạnh Phú, Tỉnh Bến Tre",KV2-NT,
6207,56,Bến Tre,08,Huyện Thạnh Phú,060,Trung tâm GDNN-GDTX Thạnh Phú,"TT Thạnh Phú, H. Thạnh Phú, Tỉnh Bến Tre",KV2-NT,
6208,56,Bến Tre,08,Huyện Thạnh Phú,075,THPT Lê Hoài Đôn (từ 01/5/2015 đến 27/6/2024),"Xã Bình Thạnh, H. Thạnh Phú, Tỉnh Bến Tre",KV1,
6209,56,Bến Tre,08,Huyện Thạnh Phú,077,THPT Trần Trường Sinh (từ 25/01/2017 đến 31/12/2021),Xã Giao Thạnh.h.Thạnh Phú,KV1,
6210,56,Bến Tre,08,Huyện Thạnh Phú,079,THPT Lương Thế Vinh (trước 09/12/2024),"Ấp An Phú, xã An Quy, huyện Thạnh Phú",KV1,
6211,56,Bến Tre,08,Huyện Thạnh Phú,084,THPT Trần Trường Sinh (từ 31/12/2021),"Xã Giao Thạnh, huyện Thạnh Phú",KV2-NT,
6212,56,Bến Tre,08,Huyện Thạnh Phú,91,THPT Lương Thế Vinh (từ 09/12/2024),Xã An Qui,KV2-NT,
6213,56,Bến Tre,08,Huyện Thạnh Phú,92,THPT Lê Hoài Đôn (từ 28/6/2024),Xã Bình Thành,KV2-NT,
6214,56,Bến Tre,09,Huyện Mỏ Cày Nam (trước 15/3/2022),010,THPT Chê Ghê-va-ra (trước 15/3/2022),"Khu phố 4, TT Mỏ Cày, H. Mỏ Cày Nam, Tỉnh Bến Tre",KV2-NT,
6215,56,Bến Tre,09,Huyện Mỏ Cày Nam (trước 15/3/2022),011,THPT Ca Văn Thỉnh (trước 15/3/2022),"Xã An Định, H. Mỏ Cày Nam, Tỉnh Bến Tre",KV2-NT,
6216,56,Bến Tre,09,Huyện Mỏ Cày Nam (trước 15/3/2022),012,THPT Bán công Mỏ Cày,"TT Mỏ Cày Nam, H. Mỏ Cày Nam, Tỉnh Bến Tre",KV2-NT,
6217,56,Bến Tre,09,Huyện Mỏ Cày Nam (trước 15/3/2022),041,THPT Bán công An Thới,"Xã An Thới, H. Mỏ Cày Nam, Tỉnh Bến Tre",KV2-NT,
6218,56,Bến Tre,09,Huyện Mỏ Cày Nam (trước 15/3/2022),042,THPT Quản Trọng Hoàng (trước 15/3/2022),"Xã An Thạnh, H. Mỏ Cày Nam, Tỉnh Bến Tre",KV2-NT,
6219,56,Bến Tre,09,Huyện Mỏ Cày Nam (trước 15/3/2022),046,THPT Nguyễn Thị Minh Khai (trước 15/3/2022),"Xã Hương Mỹ, H. Mỏ Cày Nam, Tỉnh Bến Tre",KV2-NT,
6220,56,Bến Tre,09,Huyện Mỏ Cày Nam (trước 15/3/2022),056,Trung tâm GDNN-GDTX huyện Mỏ Cày Nam (trước 15/3/2022),"TT Mỏ Cày Nam, H. Mỏ Cày Nam, Tỉnh Bến Tre",KV2-NT,
6221,56,Bến Tre,09,Huyện Mỏ Cày Nam (trước 15/3/2022),074,THPT An Thới (trước 15/3/2022),"Xã An Định, Huyện Mỏ Cày Nam,Tỉnh Bến Tre",KV2-NT,
6222,56,Bến Tre,10,Huyện Mỏ Cày Nam (từ 15/3/2022 không còn xã ĐBKK),013,THPT Ca Văn Thỉnh (từ 15/3/2022),"Xã An Định, H. Mỏ Cày Nam, Tỉnh Bến Tre",KV2-NT,
6223,56,Bến Tre,10,Huyện Mỏ Cày Nam (từ 15/3/2022 không còn xã ĐBKK),016,THPT Chê Ghê-va-ra (từ 15/3/2022),"Khu phố 4, TT Mỏ Cày, H. Mỏ Cày Nam, Tỉnh Bến Tre",KV2-NT,
6224,56,Bến Tre,10,Huyện Mỏ Cày Nam (từ 15/3/2022 không còn xã ĐBKK),085,THPT Quản Trọng Hoàng (từ 15/3/2022),"Xã An Thạnh, H. Mỏ Cày Nam, Tỉnh Bến Tre",KV2-NT,
6225,56,Bến Tre,10,Huyện Mỏ Cày Nam (từ 15/3/2022 không còn xã ĐBKK),086,THPT Nguyễn Thị Minh Khai (từ 15/3/2022),"Xã Hương Mỹ, H. Mỏ Cày Nam, Tỉnh Bến Tre",KV2-NT,
6226,56,Bến Tre,10,Huyện Mỏ Cày Nam (từ 15/3/2022 không còn xã ĐBKK),087,Trung tâm GDNN-GDTX huyện Mỏ Cày Nam,"TT Mỏ Cày Nam, H. Mỏ Cày Nam, Tỉnh Bến Tre",KV2-NT,
6227,56,Bến Tre,10,Huyện Mỏ Cày Nam (từ 15/3/2022 không còn xã ĐBKK),088,THPT An Thới (từ 15/3/2022),"Xã An Định, Huyện Mỏ Cày Nam,Tỉnh Bến Tre",KV2-NT,
6228,56,Bến Tre,11,Huyện Châu Thành (từ 15/3/2022 không còn xã ĐBKK),006,THPT Trần Văn Ơn (từ 15/3/2022),"Xã Phú An Hòa, H.Châu Thành, Tỉnh Bến Tre",KV2-NT,
6229,56,Bến Tre,11,Huyện Châu Thành (từ 15/3/2022 không còn xã ĐBKK),009,THPT Diệp Minh Châu (từ 15/3/2022),"Xã Tiên Thủy, H. Châu Thành, Tỉnh Bến Tre",KV2-NT,
6230,56,Bến Tre,11,Huyện Châu Thành (từ 15/3/2022 không còn xã ĐBKK),052,THPT Mạc Đĩnh Chi (từ 15/3/2022),"Xã An Hóa, H. Châu Thành, Tỉnh Bến Tre",KV2-NT,
6231,56,Bến Tre,11,Huyện Châu Thành (từ 15/3/2022 không còn xã ĐBKK),053,Trung tâm GDNN-GDTX Châu Thành (từ 15/3/2022),"TT Châu Thành, H.Châu Thành, Tỉnh Bến Tre",KV2-NT,
6232,56,Bến Tre,11,Huyện Châu Thành (từ 15/3/2022 không còn xã ĐBKK),065,THPT Nguyễn Huệ (từ15/3/2022),"Xã Phú Túc- H. Châu Thành, Tỉnh Bến Tre",KV2-NT,
6233,56,Bến Tre,11,Huyện Châu Thành (từ 15/3/2022 không còn xã ĐBKK),083,Nuôi Dạy Trẻ em khuyết tật (từ 15/3/2022),"Xã Hữu Định, Huyện Châu Thành,Tỉnh Bến Tre",KV2-NT,
6234,57,Vĩnh Long,00,Sở Giáo dục và Đào tạo,000,Sở Giáo dục- Đào tạo,"Ph. 1, Thành phố Vĩnh Long",KV2,
6235,57,Vĩnh Long,00,Sở Giáo dục và Đào tạo,800,Học ở nước ngoài_57,,KV3,
6236,57,Vĩnh Long,00,Sở Giáo dục và Đào tạo,900,"Quân nhân, Công an tại ngũ_57",,KV3,
6237,57,Vĩnh Long,01,Thành phố Vĩnh Long,001,THPT Lưu Văn Liệt,"Ph. 1, Thành phố Vĩnh Long",KV2,
6238,57,Vĩnh Long,01,Thành phố Vĩnh Long,002,THPT Nguyễn Thông,"Ph. 8, Thành phố Vĩnh Long",KV2,
6239,57,Vĩnh Long,01,Thành phố Vĩnh Long,003,THPT Vĩnh Long,"Ph. 4, Thành phố Vĩnh Long",KV2,
6240,57,Vĩnh Long,01,Thành phố Vĩnh Long,015,THPT chuyên Nguyễn Bỉnh Khiêm,"Ph. 4, Thành phố Vĩnh Long",KV2,
6241,57,Vĩnh Long,01,Thành phố Vĩnh Long,016,Năng khiếu Nghệ thuật và TDTT (Đổi tên năm 2021),Phường 2- TP Vĩnh Long,KV2,
6242,57,Vĩnh Long,01,Thành phố Vĩnh Long,024,THCS và THPT Trưng Vương,"Ph. 9, TP Vĩnh Long",KV2,
6243,57,Vĩnh Long,01,Thành phố Vĩnh Long,032,TTGDTX TP Vĩnh Long,"Ph. 4, TP Vĩnh Long",KV2,
6244,57,Vĩnh Long,01,Thành phố Vĩnh Long,042,Năng khiếu Thể dục thể thao,"Ph.2 , TP Vĩnh Long",KV2,
6245,57,Vĩnh Long,01,Thành phố Vĩnh Long,043,Cao đẳng Kinh tế Tài chính Vĩnh Long,"Phường 8, Thành phố Vĩnh Long",KV2,
6246,57,Vĩnh Long,01,Thành phố Vĩnh Long,044,TT GDNN-GDTX TP Vĩnh Long,"Ph. 4, TP Vĩnh Long",KV2,
6247,57,Vĩnh Long,01,Thành phố Vĩnh Long,052,Trung học Sư phạm Cửu Long,"Phường 2, thị xã Vĩnh Long, tỉnh Vĩnh Long",KV2,
6248,57,Vĩnh Long,01,Thành phố Vĩnh Long,801,Trường THPT - Khu vực 1,,KV1,
6249,57,Vĩnh Long,01,Thành phố Vĩnh Long,802,Trường THPT - KV2NT,,KV2-NT,
6250,57,Vĩnh Long,01,Thành phố Vĩnh Long,803,Trường THPT - KV2,,KV2,
6251,57,Vĩnh Long,01,Thành phố Vĩnh Long,804,Trường THPT - Khu vực 3,,KV3,
6252,57,Vĩnh Long,02,Huyện Long Hồ,004,THPT Phạm Hùng,"TT Long Hồ, H. Long Hồ",KV2-NT,
6253,57,Vĩnh Long,02,Huyện Long Hồ,029,THCS và THPT Phú Quới,"Xã Phú Quới, H. Long Hồ",KV2-NT,
6254,57,Vĩnh Long,02,Huyện Long Hồ,033,TTGDTX huyện Long Hồ,"TT Long Hồ, H. Long Hồ",KV2-NT,
6255,57,Vĩnh Long,02,Huyện Long Hồ,041,THPT Hòa Ninh,"Xã Hòa Ninh, H. Long Hồ",KV2-NT,
6256,57,Vĩnh Long,02,Huyện Long Hồ,045,TT GDNN-GDTX huyện Long Hồ,"TT Long Hồ, H. Long Hồ",KV2-NT,
6257,57,Vĩnh Long,03,Huyện Mang Thít,005,THPT Mang Thít,"TT Cái Nhum, H. Mang Thít",KV2-NT,
6258,57,Vĩnh Long,03,Huyện Mang Thít,006,THPT Nguyễn Văn Thiệt,"TT Cái Nhum, H. Mang Thít",KV2-NT,
6259,57,Vĩnh Long,03,Huyện Mang Thít,023,THCS và THPT Mỹ Phước,"Xã Mỹ Phước, H. Mang Thít",KV2-NT,
6260,57,Vĩnh Long,03,Huyện Mang Thít,034,TTGDTX huyện Mang Thít,"TT Cái Nhum, H. Mang Thít",KV2-NT,
6261,57,Vĩnh Long,03,Huyện Mang Thít,046,TT GDNN-GDTX huyện Mang Thít,"TT Cái Nhum, H. Mang Thít",KV2-NT,
6262,57,Vĩnh Long,04,Thị xã Bình Minh,009,THPT Bình Minh,"Ph. Thành Phước, thị xã Bình Minh",KV2,
6263,57,Vĩnh Long,04,Thị xã Bình Minh,021,THPT Hoàng Thái Hiếu,"Ph. Cái Vồn, thị xã Bình Minh",KV1,
6264,57,Vĩnh Long,04,Thị xã Bình Minh,035,TTGDTX Thị xã Bình Minh,"Ph. Cái Vồn, thị xã Bình Minh",KV1,
6265,57,Vĩnh Long,04,Thị xã Bình Minh,047,TT GDNN-GDTX Thị xã Bình Minh,"Ph. Cái Vồn, thị xã Bình Minh",KV1,
6266,57,Vĩnh Long,04,Thị xã Bình Minh,056,THCS và THPT Đông Thành,Xã Đông Thành- Thị xã Bình Minh,KV1,
6267,57,Vĩnh Long,04,Thị xã Bình Minh,060,THPT Hoàng Thái Hiếu,Thị xã Bình Minh,KV2,
6268,57,Vĩnh Long,04,Thị xã Bình Minh,061,Trung tâm GDNN-GDTX TX Bình Minh,Thị xã Bình Minh,KV2,
6269,57,Vĩnh Long,04,Thị xã Bình Minh,062,THCS và THPT Đông Thành,Xã Đông Thành,KV1,
6270,57,Vĩnh Long,05,Huyện Tam Bình,011,THPT Trần Đại Nghĩa,"Xã Tường Lộc, H. Tam Bình",KV2-NT,
6271,57,Vĩnh Long,05,Huyện Tam Bình,012,THCS và THPT Long Phú,"Xã Long Phú, H. Tam Bình",KV2-NT,
6272,57,Vĩnh Long,05,Huyện Tam Bình,018,THPT Tam Bình,"TT Tam Bình, H. Tam Bình",KV2-NT,
6273,57,Vĩnh Long,05,Huyện Tam Bình,026,Phổ thông Dân tộc Nội trú,"Xã Tường Lộc, H. Tam Bình",KV2-NT,DTNT
6274,57,Vĩnh Long,05,Huyện Tam Bình,027,THCS và THPT Phú Thịnh,"Xã Phú Thịnh, H. Tam Bình",KV2-NT,
6275,57,Vĩnh Long,05,Huyện Tam Bình,028,THPT Phan Văn Hòa,"Xã Hậu Lộc, H. Tam Bình",KV2-NT,
6276,57,Vĩnh Long,05,Huyện Tam Bình,036,TTGDTX huyện Tam Bình,"TT Tam Bình, H. Tam Bình",KV2-NT,
6277,57,Vĩnh Long,05,Huyện Tam Bình,048,TT GDNN-GDTX huyện Tam Bình,"TT Tam Bình, H. Tam Bình",KV2-NT,
6278,57,Vĩnh Long,05,Huyện Tam Bình,053,THPT Song Phú,"Ấp Phú trường Yên, Xã Song Phú, huyện Tam Bình",KV2-NT,
6279,57,Vĩnh Long,06,Huyện Trà Ôn,013,THPT Trà Ôn,"TT Trà Ôn, H. Trà Ôn",KV2-NT,
6280,57,Vĩnh Long,06,Huyện Trà Ôn,014,THPT Hựu Thành,"Xã Hựu Thành, H. Trà Ôn",KV1,
6281,57,Vĩnh Long,06,Huyện Trà Ôn,019,THPT Lê Thanh Mừng,"Xã Thiện Mỹ, H. Trà Ôn",KV1,
6282,57,Vĩnh Long,06,Huyện Trà Ôn,020,THPT Vĩnh Xuân,"Xã Vĩnh Xuân, H. Trà Ôn",KV2-NT,
6283,57,Vĩnh Long,06,Huyện Trà Ôn,030,THCS và THPT Hoà Bình,"Xã Hoà Bình, H. Trà Ôn",KV2-NT,
6284,57,Vĩnh Long,06,Huyện Trà Ôn,037,TTGDTX huyện Trà Ôn,"Xã Thiện Mỹ, H. Trà Ôn",KV1,
6285,57,Vĩnh Long,06,Huyện Trà Ôn,049,TT GDNN-GDTX huyện Trà Ôn,"Xã Thiện Mỹ, H. Trà Ôn",KV1,
6286,57,Vĩnh Long,06,Huyện Trà Ôn,054,THPT Lê Thanh Mừng (Từ ngày 28/4/2017),"Xã Thiện Mỹ, H. Trà Ôn",KV2-NT,
6287,57,Vĩnh Long,06,Huyện Trà Ôn,055,TT GDNN-GDTX huyện Trà Ôn (Từ ngày ngày 28/4/2017),"Xã Thiện Mỹ, H. Trà Ôn",KV2-NT,
6288,57,Vĩnh Long,06,Huyện Trà Ôn,063,THPT Hựu Thành,Xã Hựu Thành,KV2-NT,
6289,57,Vĩnh Long,07,Huyện Vũng Liêm,007,THPT Võ Văn Kiệt,"TT Vũng Liêm, H. Vũng Liêm",KV2-NT,
6290,57,Vĩnh Long,07,Huyện Vũng Liêm,008,THPT Hiếu Phụng,"Xã Hiếu Phụng, H. Vũng Liêm",KV2-NT,
6291,57,Vĩnh Long,07,Huyện Vũng Liêm,022,THPT Nguyễn Hiếu Tự,"TT Vũng Liêm, H. Vũng Liêm",KV2-NT,
6292,57,Vĩnh Long,07,Huyện Vũng Liêm,031,THCS và THPT Hiếu Nhơn,"Xã Hiếu Nhơn, H. Vũng Liêm",KV2-NT,
6293,57,Vĩnh Long,07,Huyện Vũng Liêm,038,TTGDTX huyện Vũng Liêm,"TT Vũng Liêm, H. Vũng Liêm",KV2-NT,
6294,57,Vĩnh Long,07,Huyện Vũng Liêm,050,TT GDNN-GDTX huyện Vũng Liêm,"Xã Trung Thành, H. Vũng Liêm",KV1,
6295,57,Vĩnh Long,07,Huyện Vũng Liêm,057,THCS và THPT Thanh Bình,Xã Thanh Bình- huyện Vũng Liêm,KV2-NT,
6296,57,Vĩnh Long,07,Huyện Vũng Liêm,058,THCS và THPT Phan Văn Đáng,Xã Tân An Luông- huyện Vũng Liêm,KV2-NT,
6297,57,Vĩnh Long,07,Huyện Vũng Liêm,059,Trung tâm GDNN-GDTX Vũng Liêm,huyện Vũng Liêm,KV2-NT,
6298,57,Vĩnh Long,08,Huyện Bình Tân,010,THPT Tân Quới,"Xã Tân Quới, H. Bình Tân",KV2-NT,
6299,57,Vĩnh Long,08,Huyện Bình Tân,025,THPT Tân Lược,"Xã Tân Lược, H. Bình Tân",KV2-NT,
6300,57,Vĩnh Long,08,Huyện Bình Tân,039,THCS và THPT Mỹ Thuận,"Xã Mỹ Thuận, H. Bình Tân",KV2-NT,
6301,57,Vĩnh Long,08,Huyện Bình Tân,040,TTGDTX huyện Bình Tân,"Xã Thành Đông, H. Bình Tân",KV2-NT,
6302,57,Vĩnh Long,08,Huyện Bình Tân,051,TT GDNN-GDTX huyện Bình Tân,"Xã Thành Đông, H. Bình Tân",KV2-NT,
6303,57,Vĩnh Long,09,Thị xã Bình Minh,064,THCS và THPT Đông Thành (Sau ngày 23/12/2022),Xã Đông Thành (Sau ngày 23/12/2022),KV1,
6304,57,Vĩnh Long,10,Huyện Tam Bình,065,THPT Trần Đại Nghĩa,Xã Tường Lộc,KV2-NT,
6305,57,Vĩnh Long,10,Huyện Tam Bình,066,THPT Tam Bình,Thị trấn Tam Bình,KV2-NT,
6306,57,Vĩnh Long,10,Huyện Tam Bình,067,THCS và THPT Long Phú,Xã Long Phú,KV2-NT,
6307,57,Vĩnh Long,10,Huyện Tam Bình,068,THPT Song Phú,Xã Song Phú,KV2-NT,
6308,57,Vĩnh Long,10,Huyện Tam Bình,069,THPT Phan Văn Hòa,Xã Hậu Lộc,KV2-NT,
6309,57,Vĩnh Long,10,Huyện Tam Bình,070,TT GDNN-GDTX huyện Tam Bình,Thị trấn Tam Bình,KV2-NT,
6310,57,Vĩnh Long,10,Huyện Tam Bình,071,Phổ thông Dân tộc Nội trú,Xã Tường Lộc,KV2-NT,DTNT
6311,58,Trà Vinh,00,Sở Giáo dục và Đào tạo,800,Học ở nước ngoài_58,,KV3,
6312,58,Trà Vinh,00,Sở Giáo dục và Đào tạo,900,"Quân nhân, Công an tại ngũ_58",,KV3,
6313,58,Trà Vinh,01,Thành phố Trà Vinh,001,THPT Phạm Thái Bường (Trước 04/6/2021),"Phường 1, thành phố Trà Vinh, tỉnh Trà Vinh",KV1,
6314,58,Trà Vinh,01,Thành phố Trà Vinh,011,Phổ thông Dân Tộc Nội Trú - THPT tỉnh Trà Vinh,"Phường 1, thành phố Trà Vinh, tỉnh Trà Vinh, hưởng ưu tiên theo hộ khẩu.",KV1,DTNT
6315,58,Trà Vinh,01,Thành phố Trà Vinh,012,THPT Chuyên Nguyễn Thiện Thành,"Phường 4, thành phố Trà Vinh, tỉnh Trà Vinh",KV2,
6316,58,Trà Vinh,01,Thành phố Trà Vinh,016,Trung tâm GDTX-HNDN thành phố Trà Vinh (Trước 04/6/2021),"Phường 1, thành phố Trà Vinh, tỉnh Trà Vinh",KV1,
6317,58,Trà Vinh,01,Thành phố Trà Vinh,017,THPT Thành Phố Trà Vinh,"Phường 9, thành phố Trà Vinh, tỉnh Trà Vinh",KV1,
6318,58,Trà Vinh,01,Thành phố Trà Vinh,039,Cao đẳng nghề Trà Vinh,"xã Long Đức, TP Trà Vinh, tỉnh Trà Vinh",KV1,
6319,58,Trà Vinh,01,Thành phố Trà Vinh,043,Thực Hành Sư Phạm (Trước 04/6/2021),"Phường 1, thành phố Trà Vinh, tỉnh Trà Vinh",KV1,
6320,58,Trà Vinh,01,Thành phố Trà Vinh,047,Trung cấp Pali Khmer,"Phường 8, thành phố Trà Vinh, tỉnh Trà Vinh",KV1,
6321,58,Trà Vinh,01,Thành phố Trà Vinh,054,THPT Chuyên Trà Vinh (trước 26/4/2014),"Phường 1, thành phố Trà Vinh, tỉnh Trà Vinh",KV2,
6322,58,Trà Vinh,01,Thành phố Trà Vinh,055,Cao đẳng Sư phạm Trà Vinh,"Phường 1, thị xã Trà Vinh, tỉnh Trà Vinh",KV2,
6323,58,Trà Vinh,01,Thành phố Trà Vinh,059,Phổ thông Dân tộc Nội trú - THPT tỉnh Trà Vinh (từ 25/7/2018),"Phường 4, thành phố Trà Vinh, tỉnh Trà Vinh, hưởng ưu tiên theo hộ khẩu",KV2,DTNT
6324,58,Trà Vinh,01,Thành phố Trà Vinh,063,THPT Phạm Thái Bường (Từ 04/6/2021-14/8/2024),"Phường 1, thành phố Trà Vinh, tỉnh Trà Vinh.",KV2,
6325,58,Trà Vinh,01,Thành phố Trà Vinh,064,THPT Phạm Thái Bường (Từ 15/8/2024),"Phường 1, thành phố Trà Vinh, tỉnh Trà Vinh",KV1,
6326,58,Trà Vinh,01,Thành phố Trà Vinh,065,Thực Hành Sư Phạm (Từ 04/6/2021 - 14/8/2024),"Phường 1, thành phố Trà Vinh, tỉnh Trà Vinh",KV2,
6327,58,Trà Vinh,01,Thành phố Trà Vinh,066,Thực Hành Sư Phạm (Từ 15/8/2024),"Phường 1, thành phố Trà Vinh, tỉnh Trà Vinh",KV1,
6328,58,Trà Vinh,01,Thành phố Trà Vinh,069,Trung tâm GDTX-HNDN thành phố Trà Vinh (Từ 04/6/2021 - 14/8/2024),"Phường 1, thành phố Trà Vinh, tỉnh Trà Vinh",KV2,
6329,58,Trà Vinh,01,Thành phố Trà Vinh,070,Trung tâm GDTX-HNDN thành phố Trà Vinh (Từ 15/8/2024),"Phường 1, thành phố Trà Vinh, tỉnh Trà Vinh",KV1,
6330,58,Trà Vinh,01,Thành phố Trà Vinh,801,Trường THPT - Khu vực 1,,KV1,
6331,58,Trà Vinh,01,Thành phố Trà Vinh,802,Trường THPT - KV2NT,,KV2-NT,
6332,58,Trà Vinh,01,Thành phố Trà Vinh,803,Trường THPT - KV2,,KV2,
6333,58,Trà Vinh,01,Thành phố Trà Vinh,804,Trường THPT - Khu vực 3,,KV3,
6334,58,Trà Vinh,02,Huyện Càng Long,002,THPT Nguyễn Đáng,"Thị trấn Càng Long, huyện Càng Long, tỉnh Trà Vinh",KV2-NT,
6335,58,Trà Vinh,02,Huyện Càng Long,003,THPT Nguyễn Văn Hai,"Xã Bình Phú, huyện Càng Long,tỉnh Trà Vinh",KV1,
6336,58,Trà Vinh,02,Huyện Càng Long,013,Trung tâm GDTX – DN huyện Càng Long,"Thị trấn Càng Long, huyện Càng Long, tỉnh Trà Vinh",KV2-NT,
6337,58,Trà Vinh,02,Huyện Càng Long,014,THPT Hồ Thị Nhâm,"Xã Nhị Long, huyện Càng Long, tỉnh Trà Vinh",KV2-NT,
6338,58,Trà Vinh,02,Huyện Càng Long,015,THPT Dương Háo Học,"Xã Tân An, huyện Càng Long, tỉnh Trà Vinh",KV2-NT,
6339,58,Trà Vinh,02,Huyện Càng Long,020,THPT Bùi Hữu Nghĩa,"Xã Đại Phước, huyện Càng Long, tỉnh Trà Vinh",KV1,
6340,58,Trà Vinh,02,Huyện Càng Long,048,Trung tâm GDNN - GDTX huyện Càng Long (từ 12/4/2016),"Thị trấn Càng Long, huyện Càng Long, tỉnh Trà Vinh",KV2-NT,
6341,58,Trà Vinh,02,Huyện Càng Long,056,THPT Bùi Hữu Nghĩa (từ 25/01/2017),"Xã Đại Phước, huyện Càng Long, tỉnh Trà Vinh",KV2-NT,
6342,58,Trà Vinh,03,Huyện Cầu Kè,004,THPT Cầu Kè,"Thị trấn Cầu Kè, huyện Cầu Kè, tỉnh Trà Vinh",KV1,
6343,58,Trà Vinh,03,Huyện Cầu Kè,025,THPT Phong Phú,"Xã Phong Phú, huyện Cầu Kè, tỉnh Trà Vinh",KV1,
6344,58,Trà Vinh,03,Huyện Cầu Kè,035,THPT Tam Ngãi (Trước 04/6/2021),"Xã Tam Ngãi, huyện Cầu Kè, tỉnh Trà Vinh",KV1,
6345,58,Trà Vinh,03,Huyện Cầu Kè,036,Trung tâm GDTX- DN huyện Cầu Kè,"Xã Hòa Tân , huyện Cầu Kè, tỉnh Trà Vinh",KV1,
6346,58,Trà Vinh,03,Huyện Cầu Kè,051,Trung tâm GDNN - GDTX huyện Cầu Kè (từ 12/4/2016 đến 31/12/2020),"Xã Hòa Tân , huyện Cầu Kè, tỉnh Trà Vinh",KV1,
6347,58,Trà Vinh,03,Huyện Cầu Kè,060,Trung tâm GDNN - GDTX huyện Cầu Kè (từ 01/01/2021),"Xã Hòa Tân, huyện Cầu Kè, tỉnh Trà Vinh",KV1,
6348,58,Trà Vinh,03,Huyện Cầu Kè,071,THPT Tam Ngãi (Từ 04/6/2021 - 14/8/2024),"Xã Tam Ngãi, huyện Cầu Kè, tỉnh Trà Vinh",KV2-NT,
6349,58,Trà Vinh,03,Huyện Cầu Kè,072,THPT Tam Ngãi (Từ 15/8/2024),"Xã Tam Ngãi, huyện Cầu Kè, tỉnh Trà Vinh",KV1,
6350,58,Trà Vinh,04,Huyện Tiểu Cần,005,THPT Tiểu Cần,"xã Phú Cần, huyện Tiểu Cần, tỉnh Trà Vinh",KV1,
6351,58,Trà Vinh,04,Huyện Tiểu Cần,019,THPT Cầu Quan,"Thị trấn Cầu Quan, huyện Tiểu Cần, tỉnh Trà Vinh",KV2-NT,
6352,58,Trà Vinh,04,Huyện Tiểu Cần,028,Trung tâm GDTX- DN huyện Tiểu Cần,"TT Tiểu Cần, huyện Tiểu Cần, tỉnh Trà Vinh",KV1,
6353,58,Trà Vinh,04,Huyện Tiểu Cần,031,THPT Hiếu Tử,"Xã Hiếu Tử, huyện Tiểu Cần, tỉnh Trà Vinh",KV1,
6354,58,Trà Vinh,04,Huyện Tiểu Cần,050,Trung tâm GDNN - GDTX huyện Tiểu Cần (từ 12/4/2016),"TT Tiểu Cần, huyện Tiểu Cần, tỉnh Trà Vinh",KV1,
6355,58,Trà Vinh,04,Huyện Tiểu Cần,057,Phổ thông DTNT THCS và THPT huyện Tiểu Cần,"Xã Phú Cần, huyện Tiểu Cần, tỉnh Trà Vinh, hưởng ưu tiên theo hộ khẩu",KV1,DTNT
6356,58,Trà Vinh,05,Huyện Châu Thành,006,THPT Vũ Đình Liệu,"Thị trấn Châu Thành, huyện Châu Thành, tỉnh Trà Vinh",KV1,
6357,58,Trà Vinh,05,Huyện Châu Thành,021,THPT Hòa Minh,"Xã Hòa Minh, huyện Châu Thành, tỉnh Trà Vinh",KV1,
6358,58,Trà Vinh,05,Huyện Châu Thành,027,Trung tâm GDTX- DN huyện Châu Thành,"Thị trấn Châu Thành, huyện Châu Thành, tỉnh Trà Vinh",KV1,
6359,58,Trà Vinh,05,Huyện Châu Thành,030,THPT Hòa Lợi,"Xã Hòa Lợi, huyện Châu Thành, tỉnh Trà Vinh",KV1,
6360,58,Trà Vinh,05,Huyện Châu Thành,040,THCS và THPT Lương Hòa A,"Xã Lương Hòa A, huyện Châu Thành, tỉnh Trà Vinh",KV1,
6361,58,Trà Vinh,05,Huyện Châu Thành,049,Trung tâm GDNN - GDTX huyện Châu Thành (từ 12/4/2016),"Thị trấn Châu Thành, huyện Châu Thành, tỉnh Trà Vinh",KV1,
6362,58,Trà Vinh,06,Huyện Trà Cú,007,THPT Trà Cú,"Thị trấn Trà Cú, huyện Trà Cú, tỉnh Trà Vinh",KV1,
6363,58,Trà Vinh,06,Huyện Trà Cú,008,THPT Đại An,"Xã Đại An, huyện Trà Cú, tỉnh Trà Vinh",KV1,
6364,58,Trà Vinh,06,Huyện Trà Cú,018,THPT Long Hiệp,"Xã Long Hiệp, huyện Trà Cú, tỉnh Trà Vinh",KV1,
6365,58,Trà Vinh,06,Huyện Trà Cú,024,THPT Hàm Giang,"Xã Hàm Giang, huyện Trà Cú, tỉnh Trà Vinh",KV1,
6366,58,Trà Vinh,06,Huyện Trà Cú,026,THPT Tập Sơn,"Xã Tập Sơn, huyện Trà Cú, tỉnh Trà Vinh",KV1,
6367,58,Trà Vinh,06,Huyện Trà Cú,038,Trung tâm GDTX-HNDN huyện Trà Cú,"Thị trấn Trà Cú, huyện Trà Cú, tỉnh Trà Vinh",KV1,
6368,58,Trà Vinh,06,Huyện Trà Cú,041,Phổ thông DTNT THCS và THPT huyện Trà Cú,"Thị Trấn Trà Cú, huyện Trà Cú, tỉnh Trà Vinh, hưởng ưu tiên theo hộ khẩu.",KV1,DTNT
6369,58,Trà Vinh,06,Huyện Trà Cú,061,THPT Trần Văn Long,"Thị trấn Trà Cú, huyện Trà Cú, tỉnh Trà Vinh",KV1,
6370,58,Trà Vinh,07,Huyện Cầu Ngang,009,THPT Dương Quang Đông (Trước 04/6/2021),"Thị trấn Cầu Ngang, huyện Cầu Ngang, tỉnh Trà Vinh",KV1,
6371,58,Trà Vinh,07,Huyện Cầu Ngang,022,THPT Cầu Ngang A,"Xã Mỹ Long Bắc, huyện Cầu Ngang, tỉnh Trà Vinh",KV2-NT,
6372,58,Trà Vinh,07,Huyện Cầu Ngang,023,THPT Cầu Ngang B,"Xã Hiệp Mỹ Tây, huyện Cầu Ngang, tỉnh Trà Vinh",KV2-NT,
6373,58,Trà Vinh,07,Huyện Cầu Ngang,032,THPT Nhị Trường,"Xã Nhị Trường, huyện Cầu Ngang, tỉnh Trà Vinh",KV1,
6374,58,Trà Vinh,07,Huyện Cầu Ngang,037,Trung tâm GDTX- DN huyện Cầu Ngang,"xã Long Sơn, huyện Cầu Ngang, tỉnh Trà Vinh",KV1,
6375,58,Trà Vinh,07,Huyện Cầu Ngang,052,Trung tâm GDNN - GDTX huyện Cầu Ngang (từ 12/4/2016),"xã Long Sơn, huyện Cầu Ngang, tỉnh Trà Vinh",KV1,
6376,58,Trà Vinh,07,Huyện Cầu Ngang,067,THPT Dương Quang Đông (Từ 04/6/2021 - 14/8/2024),"Thị trấn Cầu Ngang, huyện Cầu Ngang, tỉnh Trà Vinh",KV2-NT,
6377,58,Trà Vinh,07,Huyện Cầu Ngang,068,THPT Dương Quang Đông (Từ 15/8/2024),"Thị trấn Cầu Ngang, huyện Cầu Ngang, tỉnh Trà Vinh",KV1,
6378,58,Trà Vinh,08,Huyện Duyên Hải,029,THPT Long Khánh,"TT Long Thành, huyện Duyên Hải, tỉnh Trà Vinh",KV1,
6379,58,Trà Vinh,08,Huyện Duyên Hải,033,THPT Đôn Châu,"Xã Đôn Châu, huyện Duyên Hải, tỉnh Trà Vinh",KV1,
6380,58,Trà Vinh,08,Huyện Duyên Hải,044,THPT Duyên Hải (Trước 15/8/2015),"Thị trấn Duyên Hải, huyện Duyên Hải, tỉnh Trà Vinh",KV2-NT,
6381,58,Trà Vinh,08,Huyện Duyên Hải,045,THPT Long Hữu (Trước 15/8/2015),"Xã Long Hữu, huyện Duyên Hải, tỉnh Trà Vinh",KV2-NT,
6382,58,Trà Vinh,08,Huyện Duyên Hải,046,Trung Tâm GDTX-DN huyện Duyên Hải (trước 15/8/2015),"Thị trấn Duyên Hải, huyện Duyên Hải, tỉnh Trà Vinh",KV2-NT,
6383,58,Trà Vinh,08,Huyện Duyên Hải,062,THPT Sơn Cang,"xã Ngũ Lạc, huyện Duyên Hải, tỉnh Trà Vinh",KV1,
6384,58,Trà Vinh,09,Thị xã Duyên Hải,010,THPT Duyên Hải (từ 15/8/2015),"Phường 1, thị xã Duyên Hải, tỉnh Trà Vinh",KV2,
6385,58,Trà Vinh,09,Thị xã Duyên Hải,034,THPT Long Hữu (từ 15/8/2015),"Phường 2, thị xã Duyên Hải, tỉnh Trà Vinh",KV2,
6386,58,Trà Vinh,09,Thị xã Duyên Hải,042,Trung tâm GDTX - DN thị xã Duyên Hải (từ 15/8/2015 đến 11/4/2016),"Phường 2, thị xã Duyên Hải, tỉnh Trà Vinh",KV2,
6387,58,Trà Vinh,09,Thị xã Duyên Hải,053,Trung tâm GDNN - GDTX thị xã Duyên Hải (từ 12/4/2016),"Phường 2, thị xã Duyên Hải, tỉnh Trà Vinh",KV2,
6388,58,Trà Vinh,09,Thị xã Duyên Hải,058,THCS và THPT Dân Thành,"Xã Dân Thành, thị xã Duyên Hải, tỉnh Trà Vinh",KV2,
6389,59,Sóc Trăng,00,Sở Giáo dục và Đào tạo,900,"Công an, Quân nhân tại ngũ_59",Tỉnh Sóc Trăng,KV3,
6390,59,Sóc Trăng,01,Thành phố Sóc Trăng,002,THPT Hoàng Diệu,"1 Mạc Đỉnh Chi, P4, TP Sóc Trăng, T. Sóc Trăng",KV1,
6391,59,Sóc Trăng,01,Thành phố Sóc Trăng,003,THPT Chuyên Nguyễn Thị Minh Khai,"Đường Hồ Nước Ngọt, P6, TP Sóc Trăng, T. Sóc Trăng",KV1,
6392,59,Sóc Trăng,01,Thành phố Sóc Trăng,004,"TH, THCS&THPT iSchool Sóc Trăng","19 Tôn Đức Thắng, P6, TP Sóc Trăng, T. Sóc Trăng",KV1,
6393,59,Sóc Trăng,01,Thành phố Sóc Trăng,005,Trung tâm GDTX tỉnh Sóc Trăng,"41 Nguyễn Văn Cừ, Phường 1, TP Sóc Trăng, T. Sóc Trăng",KV1,
6394,59,Sóc Trăng,01,Thành phố Sóc Trăng,006,THPT DTNT Huỳnh Cương,"473 Lê Hồng Phong, P3, TP Sóc Trăng, T. Sóc Trăng",KV1,DTNT
6395,59,Sóc Trăng,01,Thành phố Sóc Trăng,007,BTVH Pali Trung cấp Nam Bộ,"51A, Tôn Đức Thắng, Phường 6, TP Sóc Trăng, T. Sóc Trăng",KV1,
6396,59,Sóc Trăng,01,Thành phố Sóc Trăng,036,THPT Thành phố Sóc Trăng,"1115 Trần Hưng Đạo, Phường 10, TP Sóc Trăng, T. Sóc Trăng",KV1,
6397,59,Sóc Trăng,01,Thành phố Sóc Trăng,059,Trung tâm dạy nghề và GDTX TP. Sóc Trăng,"Phường 2, TP. Sóc Trăng, T. Sóc Trăng",KV1,
6398,59,Sóc Trăng,01,Thành phố Sóc Trăng,090,THPT Lê Lợi,"19 Tôn Đức Thắng, P6, TP Sóc Trăng, T. Sóc Trăng",KV1,
6399,59,Sóc Trăng,01,Thành phố Sóc Trăng,091,Phổ thông DTNT Sóc Trăng,"473 Lê Hồng Phong, P3, TP Sóc Trăng, T. Sóc Trăng",KV1,DTNT
6400,59,Sóc Trăng,01,Thành phố Sóc Trăng,092,THCS&THPT Lê Hồng Phong,"66B Nguyển Thị Minh Khai, Khóm 6, Phường 3, TP. Sóc Trăng",KV1,
6401,59,Sóc Trăng,01,Thành phố Sóc Trăng,094,Hệ thiếu sinh quân Trường Quân sự Quân khu 9,"Phường 3, TP. Sóc Trăng",KV1,
6402,59,Sóc Trăng,01,Thành phố Sóc Trăng,104,Trung tâm GDNN-GDTX TP. Sóc Trăng,"Phường 2, TP. Sóc Trăng, T. Sóc Trăng",KV1,
6403,59,Sóc Trăng,01,Thành phố Sóc Trăng,800,Học ở nước ngoài_59,,KV3,
6404,59,Sóc Trăng,01,Thành phố Sóc Trăng,801,Trường THPT - Khu vực 1,,KV1,
6405,59,Sóc Trăng,01,Thành phố Sóc Trăng,802,Trường THPT - KV2NT,,KV2-NT,
6406,59,Sóc Trăng,01,Thành phố Sóc Trăng,803,Trường THPT - KV2,,KV2,
6407,59,Sóc Trăng,01,Thành phố Sóc Trăng,804,Trường THPT - Khu vực 3,,KV3,
6408,59,Sóc Trăng,02,Huyện Kế Sách,008,THPT Kế Sách,"Ấp An Khương, TT Kế Sách, H. Kế Sách, T. Sóc Trăng",KV1,
6409,59,Sóc Trăng,02,Huyện Kế Sách,009,THPT An Lạc Thôn (trước 2017),"Xã An Lạc Thôn, H. Kế Sách, T. Sóc Trăng",KV1,
6410,59,Sóc Trăng,02,Huyện Kế Sách,010,THPT Phan Văn Hùng,"Xã Đại Hải, H. Kế Sách, T. Sóc Trăng",KV1,
6411,59,Sóc Trăng,02,Huyện Kế Sách,025,THPT Thiều Văn Chỏi,"Xã Trinh Phú, H. Kế Sách, T. Sóc Trăng",KV1,
6412,59,Sóc Trăng,02,Huyện Kế Sách,032,Trung tâm dạy nghề và GDTX huyện Kế Sách,"Thị trấn Kế Sách, H. Kế Sách, T. Sóc Trăng",KV1,
6413,59,Sóc Trăng,02,Huyện Kế Sách,097,Trung tâm GDNN-GDTX huyện Kế Sách,"Thị trấn Kế Sách, H. Kế Sách, T. Sóc Trăng",KV1,
6414,59,Sóc Trăng,02,Huyện Kế Sách,106,THPT An Lạc Thôn (từ 2017),"TT. An Lạc Thôn, H. Kế Sách, T. Sóc Trăng",KV2-NT,
6415,59,Sóc Trăng,03,Huyện Mỹ Tú,011,THPT Mỹ Hương (trước 01/01/2021),"Xã Mỹ Hương, H. Mỹ Tú, T. Sóc Trăng",KV1,
6416,59,Sóc Trăng,03,Huyện Mỹ Tú,021,THPT Huỳnh Hữu Nghĩa (trước 01/01/2021),"TT Huỳnh Hữu Nghĩa, H. Mỹ Tú, T. Sóc Trăng",KV1,
6417,59,Sóc Trăng,03,Huyện Mỹ Tú,027,THPT An Ninh,"Xã Thuận Hưng, H.Mỹ Tú, T. Sóc Trăng",KV1,
6418,59,Sóc Trăng,03,Huyện Mỹ Tú,031,Trung tâm dạy nghề và GDTX huyện Mỹ Tú,"Xã Thuận Hưng, H.Mỹ Tú, T. Sóc Trăng",KV1,
6419,59,Sóc Trăng,03,Huyện Mỹ Tú,037,THCS&THPT Mỹ Thuận,"Xã Mỹ Thuận, H. Mỹ Tú, T. Sóc Trăng",KV1,
6420,59,Sóc Trăng,03,Huyện Mỹ Tú,065,THCS&THPT Long Hưng,"ấp Mỹ Khánh A, xã Long Hưng, huyện Mỹ Tú",KV1,
6421,59,Sóc Trăng,03,Huyện Mỹ Tú,096,Trung tâm GDNN-GDTX huyện Mỹ Tú,"Xã Thuận Hưng, H.Mỹ Tú, T. Sóc Trăng",KV1,
6422,59,Sóc Trăng,03,Huyện Mỹ Tú,107,THPT Mỹ Hương,"Xã Mỹ Hương, H. Mỹ Tú, T. Sóc Trăng",KV2-NT,
6423,59,Sóc Trăng,03,Huyện Mỹ Tú,108,THPT Huỳnh Hữu Nghĩa,"TT Huỳnh Hữu Nghĩa, H. Mỹ Tú, T. Sóc Trăng",KV2-NT,
6424,59,Sóc Trăng,04,Huyện Mỹ Xuyên,013,THPT Mỹ Xuyên,"TT Mỹ Xuyên, H. Mỹ Xuyên, T. Sóc Trăng",KV1,
6425,59,Sóc Trăng,04,Huyện Mỹ Xuyên,014,THPT Văn Ngọc Chính,"Xã Thạnh Phú, H. Mỹ Xuyên, T. Sóc Trăng",KV1,
6426,59,Sóc Trăng,04,Huyện Mỹ Xuyên,023,THPT Ngọc Tố,"Xã Ngọc Tố, H. Mỹ Xuyên, T. Sóc Trăng",KV1,
6427,59,Sóc Trăng,04,Huyện Mỹ Xuyên,033,THPT Hòa Tú (trước 01/01/2021),"Xã Hòa Tú 1, H. Mỹ Xuyên, T. Sóc Trăng",KV1,
6428,59,Sóc Trăng,04,Huyện Mỹ Xuyên,060,Trung tâm dạy nghề và GDTX huyện Mỹ Xuyên,"Xã Thạnh Phú, H. Mỹ Xuyên, T. Sóc Trăng",KV1,
6429,59,Sóc Trăng,04,Huyện Mỹ Xuyên,064,Phổ thông DTNT THCS&THPT Thạnh Phú,"Cần Đước, Thạnh Phú, Mỹ Xuyên, Sóc Trăng",KV1,DTNT
6430,59,Sóc Trăng,04,Huyện Mỹ Xuyên,105,Trung tâm GDNN-GDTX huyện Mỹ Xuyên,"Xã Thạnh Phú, H. Mỹ Xuyên, T. Sóc Trăng",KV1,
6431,59,Sóc Trăng,04,Huyện Mỹ Xuyên,109,THPT Hòa Tú (từ 01/01/2021),"Xã Hòa Tú 1, H. Mỹ Xuyên, T. Sóc Trăng",KV2-NT,
6432,59,Sóc Trăng,05,Huyện Thạnh Trị,018,THPT Trần Văn Bảy,"TT Phú Lộc, H. Thạnh Trị, T. Sóc Trăng",KV1,
6433,59,Sóc Trăng,05,Huyện Thạnh Trị,030,Trung tâm dạy nghề và GDTX huyện Thạnh Trị,"ấp 3 Thị trấn Phú Lộc, huyện Thạnh Trị, T. Sóc Trăng",KV1,
6434,59,Sóc Trăng,05,Huyện Thạnh Trị,038,THPT Thạnh Tân,"Xã Thạnh Tân, H. Thạnh Trị, T. Sóc Trăng",KV1,
6435,59,Sóc Trăng,05,Huyện Thạnh Trị,051,THCS&THPT Hưng Lợi,"TT Hưng Lợi, H Thạnh Trị, T. Sóc Trăng",KV1,
6436,59,Sóc Trăng,05,Huyện Thạnh Trị,095,Trung tâm GDNN-GDTX huyện Thạnh Trị,"ấp 3 Thị trấn Phú Lộc, huyện Thạnh Trị, T. Sóc Trăng",KV1,
6437,59,Sóc Trăng,06,Huyện Long Phú,015,THPT Lương Định Của,"TT Long Phú, H. Long Phú, T. Sóc Trăng",KV1,
6438,59,Sóc Trăng,06,Huyện Long Phú,017,THPT Đại Ngãi (trước 01/01/2021),"TT Đại Ngãi, huyện Long Phú, T. Sóc Trăng",KV1,
6439,59,Sóc Trăng,06,Huyện Long Phú,052,THCS&THPT Tân Thạnh (trước 01/01/2021),"Xã Tân Thạnh, H. Long Phú, T. Sóc Trăng",KV1,
6440,59,Sóc Trăng,06,Huyện Long Phú,057,Trung tâm dạy nghề và GDTX H. Long Phú,"Thị trấn Long Phú, H. Long Phú, T. Sóc Trăng",KV1,
6441,59,Sóc Trăng,06,Huyện Long Phú,066,THCS&THPT Dương Kỳ Hiệp,"Quốc lộ 60, ấp Trường Thành A, xã Trường Khánh, huyện Long Phú",KV1,
6442,59,Sóc Trăng,06,Huyện Long Phú,102,Trung tâm GDNN-GDTX huyện Long Phú,"Thị trấn Long Phú, H. Long Phú, T. Sóc Trăng",KV1,
6443,59,Sóc Trăng,06,Huyện Long Phú,110,THPT Đại Ngãi,"TT Đại Ngãi, huyện Long Phú, T. Sóc Trăng",KV2-NT,
6444,59,Sóc Trăng,06,Huyện Long Phú,111,THCS&THPT Tân Thạnh,"Xã Tân Thạnh, H. Long Phú, T. Sóc Trăng",KV2-NT,
6445,59,Sóc Trăng,07,Thị xã Vĩnh Châu,020,THPT Nguyễn Khuyến,"Phường 1, TX Vĩnh Châu, TX. Vĩnh Châu, T. Sóc Trăng",KV1,
6446,59,Sóc Trăng,07,Thị xã Vĩnh Châu,028,THPT Vĩnh Hải,"Xã Lạc Hòa, TX Vĩnh Châu, T. Sóc Trăng",KV1,
6447,59,Sóc Trăng,07,Thị xã Vĩnh Châu,034,Trung tâm dạy nghề và GDTX Thị xã Vĩnh Châu,"Phường 1, TX. Vĩnh Châu, T. Sóc Trăng",KV1,
6448,59,Sóc Trăng,07,Thị xã Vĩnh Châu,053,THCS&THPT Lai Hòa,"Xã Lai Hòa, TX. Vĩnh Châu, T. Sóc Trăng",KV1,
6449,59,Sóc Trăng,07,Thị xã Vĩnh Châu,054,THCS&THPT DTNT Vĩnh Châu,"Phường Vĩnh Phước, TX. Vĩnh Châu, T. Sóc Trăng",KV1,DTNT
6450,59,Sóc Trăng,07,Thị xã Vĩnh Châu,061,THCS&THPT Khánh Hoà,"Phường Khánh Hoà, TX. Vĩnh Châu, T. Sóc Trăng",KV1,
6451,59,Sóc Trăng,07,Thị xã Vĩnh Châu,098,Trung tâm GDNN-GDTX Thị xã Vĩnh Châu,"Phường 1, TX. Vĩnh Châu, T. Sóc Trăng",KV1,
6452,59,Sóc Trăng,08,Huyện Cù Lao Dung,022,THPT Đoàn Văn Tố,"TT Cù Lao Dung, H. Cù Lao Dung, T. Sóc Trăng",KV1,
6453,59,Sóc Trăng,08,Huyện Cù Lao Dung,029,THPT An Thạnh 3,"Xã An Thạnh 3, H. Cù Lao Dung, T. Sóc Trăng",KV1,
6454,59,Sóc Trăng,08,Huyện Cù Lao Dung,056,Trung tâm dạy nghề và GDTX huyện Cù Lao Dung,"Thị Trấn Cù Lao Dung, H. Cù Lao Dung, T. Sóc Trăng",KV1,
6455,59,Sóc Trăng,08,Huyện Cù Lao Dung,101,Trung tâm GDNN-GDTX huyện Cù Lao Dung,"Thị Trấn Cù Lao Dung, H. Cù Lao Dung, T. Sóc Trăng",KV1,
6456,59,Sóc Trăng,09,Thị xã Ngã Năm,019,THPT Mai Thanh Thế (trước 01/01/2021),"Phường 1, TX. Ngã Năm, T. Sóc Trăng",KV1,
6457,59,Sóc Trăng,09,Thị xã Ngã Năm,026,THPT Lê Văn Tám,"Xã Mỹ Quới, TX. Ngã Năm, T. Sóc Trăng",KV1,
6458,59,Sóc Trăng,09,Thị xã Ngã Năm,055,Trung tâm dạy nghề và GDTX huyện Ngã Năm,"Phường 1, TX. Ngã Năm, T. Sóc Trăng",KV1,
6459,59,Sóc Trăng,09,Thị xã Ngã Năm,063,THPT Ngã Năm (trước 01/01/2021),"Khóm 1, Phường 2, TX. Ngã Năm, T. Sóc Trăng",KV1,
6460,59,Sóc Trăng,09,Thị xã Ngã Năm,093,THPT Mỹ Quới,"Xã Mỹ Quới, TX. Ngã Năm, T. Sóc Trăng",KV1,
6461,59,Sóc Trăng,09,Thị xã Ngã Năm,100,Trung tâm GDNN-GDTX thị xã Ngã Năm (trước 01/01/2021),"Phường 1, TX. Ngã Năm, T. Sóc Trăng",KV1,
6462,59,Sóc Trăng,09,Thị xã Ngã Năm,112,THPT Mai Thanh Thế,"Phường 1, TX. Ngã Năm, T. Sóc Trăng",KV2-NT,
6463,59,Sóc Trăng,09,Thị xã Ngã Năm,113,Trung tâm GDNN-GDTX thị xã Ngã Năm,"Phường 1, TX. Ngã Năm, T. Sóc Trăng",KV2-NT,
6464,59,Sóc Trăng,09,Thị xã Ngã Năm,114,THPT Ngã Năm,"Khóm 1, Phường 2, TX. Ngã Năm, T. Sóc Trăng",KV2-NT,
6465,59,Sóc Trăng,10,Huyện Châu Thành,012,THPT Phú Tâm,"Xã Phú Tâm, H. Châu Thành, T. Sóc Trăng",KV1,
6466,59,Sóc Trăng,10,Huyện Châu Thành,024,THPT Thuận Hòa,"TT Châu Thành, H. Châu Thành, T. Sóc Trăng",KV1,
6467,59,Sóc Trăng,10,Huyện Châu Thành,035,Trung tâm dạy nghề và GDTX huyện Châu Thành,"Thị trấn Châu Thành, H. Châu Thành, T. Sóc Trăng",KV1,
6468,59,Sóc Trăng,10,Huyện Châu Thành,099,Trung tâm GDNN-GDTX huyện Châu Thành,"Thị trấn Châu Thành, H. Châu Thành, T. Sóc Trăng",KV1,
6469,59,Sóc Trăng,11,Huyện Trần Đề,016,THPT Lịch Hội Thượng,"TT Lịch Hội Thượng, H. Trần Đề, T. Sóc Trăng",KV1,
6470,59,Sóc Trăng,11,Huyện Trần Đề,058,Trung tâm dạy nghề và GDTX huyện Trần Đề,"Xã Trung Bình, H.Trần Đề, T. Sóc Trăng",KV1,
6471,59,Sóc Trăng,11,Huyện Trần Đề,062,THCS&THPT Trần Đề,"Thị trấn Trần Đề, H. Trần Đề, T. Sóc Trăng",KV1,
6472,59,Sóc Trăng,11,Huyện Trần Đề,103,Trung tâm GDNN-GDTX huyện Trần Đề,"Xã Trung Bình, H.Trần Đề, T. Sóc Trăng",KV1,
6473,60,Bạc Liêu,00,Sở Giáo dục và Đào tạo,800,Học ở nước ngoài_60,,KV3,
6474,60,Bạc Liêu,00,Sở Giáo dục và Đào tạo,900,"Quân nhân, Công an tại ngũ_60",,KV3,
6475,60,Bạc Liêu,01,Thành phố Bạc Liêu,002,THPT Bạc Liêu,"Đường Nguyễn Tất Thành, Phường 1, thành phố Bạc Liêu, tỉnh Bạc Liêu",KV2,
6476,60,Bạc Liêu,01,Thành phố Bạc Liêu,008,THPT Phan Ngọc Hiển,"Số 51 Đường Cao Văn Lầu, Phường 5, thành phố Bạc Liêu, tỉnh Bạc Liêu",KV2,
6477,60,Bạc Liêu,01,Thành phố Bạc Liêu,009,THPT Chuyên Bạc Liêu,"Đường Trần Huỳnh, Phường 1, thành phố Bạc Liêu, tỉnh Bạc Liêu",KV2,
6478,60,Bạc Liêu,01,Thành phố Bạc Liêu,010,TT GDTX tỉnh Bạc Liêu,"Đường Võ Thị Sáu, Phường 7, thành phố Bạc Liêu, tỉnh Bạc Liêu",KV2,
6479,60,Bạc Liêu,01,Thành phố Bạc Liêu,021,THPT Hiệp Thành,"Đường Bạch Đằng, Phường Nhà Mát, thành phố Bạc Liêu, tỉnh Bạc Liêu",KV2,
6480,60,Bạc Liêu,01,Thành phố Bạc Liêu,034,Trung học Kinh tế - Kỹ thuật Bạc Liêu,"Đường Cách Mạng, Phường 1, TP. Bạc Liêu, tỉnh Bạc Liêu",KV2,
6481,60,Bạc Liêu,01,Thành phố Bạc Liêu,035,Trung cấp Văn hóa - Nghệ thuật Bạc Liêu,"Phường 8, TP. Bạc Liêu, tỉnh Bạc Liêu",KV2,
6482,60,Bạc Liêu,01,Thành phố Bạc Liêu,036,Cao đẳng Nghề Bạc Liêu,"Phường 1, TP. Bạc Liêu, tỉnh Bạc Liêu",KV2,
6483,60,Bạc Liêu,01,Thành phố Bạc Liêu,041,Trung học Sư phạm Bạc Liêu,"Phường 1, TP. Bạc Liêu, tỉnh Bạc Liêu",KV2,
6484,60,Bạc Liêu,01,Thành phố Bạc Liêu,042,Trung học Sư phạm Minh Hải,"TP. Bạc Liêu, tỉnh Bạc Liêu",KV2,
6485,60,Bạc Liêu,01,Thành phố Bạc Liêu,043,Cao đẳng Sư phạm Bạc Liêu,"Phường 7, TP. Bạc Liêu, tỉnh Bạc Liêu",KV2,
6486,60,Bạc Liêu,01,Thành phố Bạc Liêu,801,Trường THPT - Khu vực 1,,KV1,
6487,60,Bạc Liêu,01,Thành phố Bạc Liêu,802,Trường THPT - KV2NT,,KV2-NT,
6488,60,Bạc Liêu,01,Thành phố Bạc Liêu,803,Trường THPT - KV2,,KV2,
6489,60,Bạc Liêu,01,Thành phố Bạc Liêu,804,Trường THPT - Khu vực 3,,KV3,
6490,60,Bạc Liêu,02,Huyện Vĩnh Lợi,004,THPT Lê Văn Đẩu,"Ấp Cái Dầy, TT Châu Hưng, Vĩnh Lợi, tỉnh Bạc Liêu",KV2-NT,
6491,60,Bạc Liêu,02,Huyện Vĩnh Lợi,017,Trung tâm GD&DN Vĩnh Lợi,"Ấp Nhà Việc, Xã Châu Thới, huyện Vĩnh Lợi, tỉnh Bạc Liêu",KV2-NT,
6492,60,Bạc Liêu,02,Huyện Vĩnh Lợi,020,THPT Vĩnh Hưng,"Ấp Tam Hưng, xã Vĩnh Hưng Vĩnh Lợi, tỉnh Bạc Liêu",KV1,
6493,60,Bạc Liêu,02,Huyện Vĩnh Lợi,038,Trung cấp Nghề Bạc Liêu,"Xã Long Thạnh, H. Vĩnh Lợi, tỉnh Bạc Liêu",KV1,
6494,60,Bạc Liêu,02,Huyện Vĩnh Lợi,048,TTGDNN-GDTX huyện Vĩnh Lợi,"Ấp Nhà Việc, Xã Châu Thới, huyện Vĩnh Lợi, tỉnh Bạc Liêu",KV2-NT,
6495,60,Bạc Liêu,03,Huyện Hồng Dân,007,THPT Ngan Dừa,"Ấp Thống Nhất, TT Ngan Dừa, huyện Hồng Dân, tỉnh Bạc Liêu",KV2-NT,
6496,60,Bạc Liêu,03,Huyện Hồng Dân,019,Trung tâm GD&DN Hồng Dân,"Ấp Kinh Xáng, xã Lộc Ninh, huyện Hồng Dân, tỉnh Bạc Liêu",KV1,
6497,60,Bạc Liêu,03,Huyện Hồng Dân,024,THPT Ninh Quới,"Ấp Ninh Phước, xã Ninh Quới A, huyện Hồng Dân, tỉnh Bạc Liêu",KV2-NT,
6498,60,Bạc Liêu,03,Huyện Hồng Dân,025,THPT Ninh Thạnh Lợi,"Ấp Ninh Thạnh Tây, xã Ninh Thạnh Lợi, huyện Hồng Dân, tỉnh Bạc Liêu",KV1,
6499,60,Bạc Liêu,03,Huyện Hồng Dân,052,TTGDNN-GDTX huyện Hồng Dân,"Ấp Kinh Xáng, xã Lộc Ninh, huyện Hồng Dân, tỉnh Bạc Liêu",KV1,
6500,60,Bạc Liêu,03,Huyện Hồng Dân,062,THPT Ninh Thạnh Lợi (từ 04/6/2021),"Ấp Ninh Thạnh Tây, xã Ninh Thạnh Lợi, huyện Hồng Dân, tỉnh Bạc Liêu",KV1,
6501,60,Bạc Liêu,03,Huyện Hồng Dân,063,TTGDNN-GDTX huyện Hồng Dân (từ 04/6/2021),"Ấp Kinh Xáng, xã Lộc Ninh, huyện Hồng Dân, tỉnh Bạc Liêu",KV1,
6502,60,Bạc Liêu,03,Huyện Hồng Dân,064,THPT Ngan Dừa (từ 04/6/2021),"Ấp Thống Nhất, TT Ngan Dừa, huyện Hồng Dân, tỉnh Bạc Liêu",KV1,
6503,60,Bạc Liêu,04,Thị xã Giá Rai,005,THPT Giá Rai (Trước 01/01/2017),"Khóm 1, Phường 1, Thị xã Giá Rai, tỉnh Bạc Liêu",KV2,
6504,60,Bạc Liêu,04,Thị xã Giá Rai,013,THPT Nguyễn Trung Trực (Trước 01/01/2017),"Khóm 4, Phường 1, Thị xã Giá Rai, tỉnh Bạc Liêu",KV2,
6505,60,Bạc Liêu,04,Thị xã Giá Rai,016,Trung tâm GD&DN Giá Rai,"Khóm 1, Phường Hộ Phòng, Thị xã Giá Rai, tỉnh Bạc Liêu",KV1,
6506,60,Bạc Liêu,04,Thị xã Giá Rai,040,THPT Tân Phong (Trước 01/01/2017),"Ấp Khúc Tréo A, xã Tân Phong, Thị xã Giá Rai, tỉnh Bạc Liêu",KV2-NT,
6507,60,Bạc Liêu,04,Thị xã Giá Rai,049,TTGDNN-GDTX thị xã Giá Rai,"Khóm 1, Phường Hộ Phòng, Thị xã Giá Rai, tỉnh Bạc Liêu",KV1,
6508,60,Bạc Liêu,04,Thị xã Giá Rai,053,THPT Tân Phong (Từ 01/01/2017),"Ấp Khúc Tréo A, xã Tân Phong, Thị xã Giá Rai, tỉnh Bạc Liêu",KV2,
6509,60,Bạc Liêu,04,Thị xã Giá Rai,054,THPT Giá Rai (Từ 01/01/2017),"Khóm 4, Phường 1, Thị xã Giá Rai, tỉnh Bạc Liêu",KV1,
6510,60,Bạc Liêu,04,Thị xã Giá Rai,055,THPT Nguyễn Trung Trực (Từ 01/01/2017),"Khóm 4, Phường 1, Thị xã Giá Rai, tỉnh Bạc Liêu",KV1,
6511,60,Bạc Liêu,04,Thị xã Giá Rai,059,THPT Giá Rai (từ 04/6/2021),"Khóm 4, Phường 1, Thị xã Giá Rai, tỉnh Bạc Liêu",KV1,
6512,60,Bạc Liêu,04,Thị xã Giá Rai,060,THPT Nguyễn Trung Trực (từ 04/6/2021),"Khóm 4, Phường 1, Thị xã Giá Rai, tỉnh Bạc Liêu",KV1,
6513,60,Bạc Liêu,04,Thị xã Giá Rai,061,TTGDNN-GDTX thị xã Giá Rai (từ 04/6/2021),"Khóm 1, Phường Hộ Phòng, Thị xã Giá Rai, tỉnh Bạc Liêu",KV2,
6514,60,Bạc Liêu,05,Huyện Phước Long,006,THPT Võ Văn Kiệt,"Ấp Long Hòa, TT Phước Long, huyện Phước Long, tỉnh Bạc Liêu",KV2-NT,
6515,60,Bạc Liêu,05,Huyện Phước Long,012,THPT Trần Văn Bảy,"Xã Phước Long, huyện Phước Long, tỉnh Bạc Liêu",KV2-NT,
6516,60,Bạc Liêu,05,Huyện Phước Long,015,Trung tâm GD&DN Phước Long,"Ấp Long Thành, TT Phước Long, huyện Phước Long, tỉnh Bạc Liêu",KV2-NT,
6517,60,Bạc Liêu,05,Huyện Phước Long,046,TTGDTX Phước Long,"Ấp Long Thành, TT Phước Long, huyện Phước Long, tỉnh Bạc Liêu",KV2-NT,
6518,60,Bạc Liêu,05,Huyện Phước Long,051,TTGDNN-GDTX huyện Phước Long,"Ấp Long Thành, TT Phước Long, huyện Phước Long, tỉnh Bạc Liêu",KV2-NT,
6519,60,Bạc Liêu,06,Huyện Đông Hải,014,THPT Điền Hải,"Ấp Gò Cát, xã Điền Hải, Đông Hải, tỉnh Bạc Liêu",KV1,
6520,60,Bạc Liêu,06,Huyện Đông Hải,018,Trung tâm GD&DN Đông Hải,"Ấp 4, TT Gành Hào, huyện Đông Hải, tỉnh Bạc Liêu",KV2-NT,
6521,60,Bạc Liêu,06,Huyện Đông Hải,022,THPT Gành Hào,"Ấp 3, TT Gành Hào, huyện Đông Hải, tỉnh Bạc Liêu",KV2-NT,
6522,60,Bạc Liêu,06,Huyện Đông Hải,023,THPT Định Thành,"Ấp Lung Chim, xã Định Thành, huyện Đông Hải, tỉnh Bạc Liêu",KV2-NT,
6523,60,Bạc Liêu,06,Huyện Đông Hải,050,TTGDNN-GDTX huyện Đông Hải,"Ấp 4, TT Gành Hào, huyện Đông Hải, tỉnh Bạc Liêu",KV2-NT,
6524,60,Bạc Liêu,07,Huyện Hòa Bình,003,THPT Lê Thị Riêng,"Ấp Thị trấn A, TT Hoà Bình, huyện Hoà Bình, tỉnh Bạc Liêu",KV1,
6525,60,Bạc Liêu,07,Huyện Hòa Bình,011,Phổ thông Dân tộc Nội trú tỉnh Bạc Liêu,"Quốc lộ 1A, TT Hoà Bình, huyện Hoà Bình, tỉnh Bạc Liêu",KV1,DTNT
6526,60,Bạc Liêu,07,Huyện Hòa Bình,026,Trung tâm GD&DN Hòa Bình,"Ấp B1, TT Hòa Bình, H. Hòa Bình, tỉnh Bạc Liêu",KV1,
6527,60,Bạc Liêu,07,Huyện Hòa Bình,039,Trường THCS&THPT Trần Văn Lắm,"Ấp Thanh Sơn, xã Vĩnh Bình; huyện Hòa Bình, tỉnh Bạc Liêu",KV2-NT,
6528,60,Bạc Liêu,07,Huyện Hòa Bình,045,TTGDTX Hòa Bình,"Ấp B1, TT Hòa Bình, H. Hòa Bình, tỉnh Bạc Liêu",KV1,
6529,60,Bạc Liêu,07,Huyện Hòa Bình,047,TTGDNN-GDTX huyện Hòa Bình,"Ấp B1, TT Hòa Bình, H. Hòa Bình, tỉnh Bạc Liêu",KV1,
6530,60,Bạc Liêu,07,Huyện Hòa Bình,056,THPT Lê Thị Riêng (từ 04/6/2021),"Ấp Thị trấn A, TT Hoà Bình, huyện Hoà Bình, tỉnh Bạc Liêu",KV1,
6531,60,Bạc Liêu,07,Huyện Hòa Bình,057,Phổ thông Dân tộc Nội trú tỉnh Bạc Liêu (từ 04/6/2021),"Quốc lộ 1A, TT Hoà Bình, huyện Hoà Bình, tỉnh Bạc Liêu",KV1,DTNT
6532,60,Bạc Liêu,07,Huyện Hòa Bình,058,TTGDNN-GDTX huyện Hòa Bình (từ 04/6/2021),"Ấp B1, TT Hòa Bình, H. Hòa Bình, tỉnh Bạc Liêu",KV1,
6533,61,Cà Mau,00,Sở Giáo dục và Đào tạo,800,Học ở nước ngoài_61,"01 Bà Triệu, Phường 5, TP Cà Mau, tỉnh Cà Mau",KV3,
6534,61,Cà Mau,00,Sở Giáo dục và Đào tạo,900,"Quân nhân, Công an tại ngũ_61","01 Bà Triệu, Phường 5, TP Cà Mau, tỉnh Cà Mau",KV3,
6535,61,Cà Mau,01,Thành phố Cà Mau,002,THPT Hồ Thị Kỷ,"Số 7 Lý Bôn, Phường 2, TP Cà Mau, tỉnh Cà Mau",KV1,
6536,61,Cà Mau,01,Thành phố Cà Mau,003,THPT Tắc Vân (trước 04/6/2021),"Ấp 1, xã Tắc Vân, TP Cà Mau, tỉnh Cà Mau",KV1,
6537,61,Cà Mau,01,Thành phố Cà Mau,015,THPT Cà Mau,"Số 41 Phan Đình Phùng, Phường 2, TP Cà Mau, tỉnh Cà Mau",KV1,
6538,61,Cà Mau,01,Thành phố Cà Mau,016,THPT Chuyên Phan Ngọc Hiển,"Nguyễn Cư Trinh, Khu đô thị mới Licogi, Phường 1, TP Cà Mau, tỉnh Cà Mau",KV2,
6539,61,Cà Mau,01,Thành phố Cà Mau,017,TTGDTX TP. Cà Mau,"Phường 2, TP Cà Mau, tỉnh Cà Mau",KV1,
6540,61,Cà Mau,01,Thành phố Cà Mau,019,Phổ thông Dân tộc nội trú,"Ngô Quyền, khóm 6, Phường 1, TP Cà Mau, tỉnh Cà Mau",KV2,DTNT
6541,61,Cà Mau,01,Thành phố Cà Mau,020,THPT Nguyễn Việt Khái (trước 04/6/2021),"Khóm 1, Nguyễn Tất Thành, Phường 8, TP Cà Mau, tỉnh Cà Mau",KV1,
6542,61,Cà Mau,01,Thành phố Cà Mau,030,Phổ thông Hermann Gmeiner (trước 04/6/2021),"Tôn Đức Thắng, Phường 5, TP Cà Mau, tỉnh Cà Mau",KV1,
6543,61,Cà Mau,01,Thành phố Cà Mau,037,THPT Thanh Bình Cà Mau,"Phường 8, TP Cà Mau, tỉnh Cà Mau",KV1,
6544,61,Cà Mau,01,Thành phố Cà Mau,041,Trường TC Nghề Cà Mau,"Mậu Thân, Khóm 6, Phường 9, TP Cà Mau, tỉnh Cà Mau",KV1,
6545,61,Cà Mau,01,Thành phố Cà Mau,042,THCS-THPT Lý Văn Lâm (trước 04/6/2021),"Ấp Bà Điều, xã Lý Văn Lâm, TP Cà Mau, tỉnh Cà Mau",KV1,
6546,61,Cà Mau,01,Thành phố Cà Mau,043,TTGDNN TP. Cà Mau (trước 04/6/2021),"Số 7C Lý Bôn, Phường 4, TP Cà Mau, tỉnh Cà Mau",KV1,
6547,61,Cà Mau,01,Thành phố Cà Mau,052,Cao đẳng Nghề Việt Nam-Hàn Quốc Cà Mau (trước 04/6/2021),"Mậu Thân, Khóm 6, Phường 9, TP Cà Mau, tỉnh Cà Mau",KV1,
6548,61,Cà Mau,01,Thành phố Cà Mau,054,THPT Tắc Vân (từ 04/6/2021),"Ấp 1, xã Tắc Vân, TP Cà Mau, tỉnh Cà Mau",KV2,
6549,61,Cà Mau,01,Thành phố Cà Mau,063,Trung tâm GDTX tỉnh Cà Mau (trước 04/6/2021),"Số 4, Lê Thị Riêng, Khóm 8, Phường 5, TP. Cà Mau, tỉnh Cà Mau",KV1,
6550,61,Cà Mau,01,Thành phố Cà Mau,065,Trung tâm hỗ trợ phát triển giáo dục hoà nhập tỉnh Cà Mau (trước 04/6/2021),"Ấp Cái Trâm, xã Định Bình, thành phố Cà Mau, tỉnh Cà Mau",KV1,
6551,61,Cà Mau,01,Thành phố Cà Mau,072,THPT Nguyễn Việt Khái (từ 04/6/2021),"Khóm 1, Nguyễn Tất Thành, Phường 8, TP Cà Mau, tỉnh Cà Mau",KV2,
6552,61,Cà Mau,01,Thành phố Cà Mau,074,Phổ thông Hermann Gmeiner (từ 04/6/2021),"Tôn Đức Thắng, Phường 5, TP Cà Mau, tỉnh Cà Mau",KV2,
6553,61,Cà Mau,01,Thành phố Cà Mau,079,THCS-THPT Lý Văn Lâm (từ 04/6/2021),"Ấp Bà Điều, xã Lý Văn Lâm, TP Cà Mau, tỉnh Cà Mau",KV2,
6554,61,Cà Mau,01,Thành phố Cà Mau,080,Cao đẳng Nghề Việt Nam-Hàn Quốc Cà Mau (từ 04/6/2021),"Mậu Thân, Khóm 6, Phường 9, TP Cà Mau, tỉnh Cà Mau",KV2,
6555,61,Cà Mau,01,Thành phố Cà Mau,084,Trung tâm GDTX tỉnh Cà Mau (từ 04/6/2021),"Số 4, Lê Thị Riêng, Khóm 8, Phường 5, TP. Cà Mau, tỉnh Cà Mau",KV2,
6556,61,Cà Mau,01,Thành phố Cà Mau,086,Trung tâm hỗ trợ phát triển giáo dục hoà nhập tỉnh Cà Mau (từ 04/6/2021),"Ấp Cái Trâm, xã Định Bình, thành phố Cà Mau, tỉnh Cà Mau",KV2,
6557,61,Cà Mau,01,Thành phố Cà Mau,801,Trường THPT - Khu vực 1,,KV1,
6558,61,Cà Mau,01,Thành phố Cà Mau,802,Trường THPT - KV2NT,,KV2-NT,
6559,61,Cà Mau,01,Thành phố Cà Mau,803,Trường THPT - KV2,,KV2,
6560,61,Cà Mau,01,Thành phố Cà Mau,804,Trường THPT - Khu vực 3,,KV3,
6561,61,Cà Mau,02,Huyện Thới Bình,004,THPT Thới Bình (trước 04/6/2021),"Ấp 4, xã Thới Bình, huyện Thới Bình, tỉnh Cà Mau",KV1,
6562,61,Cà Mau,02,Huyện Thới Bình,005,THPT Lê Công Nhân,"Khóm 2, thị trấn Thới Bình, huyện Thới Bình, tỉnh Cà Mau",KV1,
6563,61,Cà Mau,02,Huyện Thới Bình,022,TTGDTX Thới Bình,"Thị trấn Thới Bình, huyện Thới Bình, tỉnh Cà Mau",KV1,
6564,61,Cà Mau,02,Huyện Thới Bình,028,THPT Nguyễn Văn Nguyễn,"Xã Trí Phải, huyện Thới Bình, tỉnh Cà Mau",KV2-NT,
6565,61,Cà Mau,02,Huyện Thới Bình,044,TTGDNN Thới Bình (trước 04/6/2021),"Đường 19/5, khóm 2, thị trấn Thới Bình, huyện Thới Bình, tỉnh Cà Mau",KV1,
6566,61,Cà Mau,02,Huyện Thới Bình,053,THPT Tân Bằng (trước 04/6/2021),"Ấp Nguyễn Huế, xã Tân Bằng,huyện Thới Bình, tỉnh Cà Mau",KV1,
6567,61,Cà Mau,02,Huyện Thới Bình,055,THPT Thới Bình (từ 16/9/2021),"Ấp 4, xã Thới Bình, huyện Thới Bình, tỉnh Cà Mau",KV1,
6568,61,Cà Mau,02,Huyện Thới Bình,062,THCS-THPT Tân Bằng (trước 04/6/2021),"Ấp Nguyễn Huế, xã Tân Bằng, huyện Thới Bình, tỉnh Cà Mau",KV1,
6569,61,Cà Mau,02,Huyện Thới Bình,064,THCS-THPT Tân Lộc (trước 04/6/2021),"Ấp 5, xã Tân Lộc, huyện Thới Bình, tỉnh Cà Mau",KV1,
6570,61,Cà Mau,02,Huyện Thới Bình,081,THCS-THPT Tân Bằng (từ 04/6/2021),"Ấp Nguyễn Huế, xã Tân Bằng,huyện Thới Bình, tỉnh Cà Mau",KV2-NT,
6571,61,Cà Mau,02,Huyện Thới Bình,085,THCS-THPT Tân Lộc (từ 16/9/2021),"Ấp 5, xã Tân Lộc, huyện Thới Bình, tỉnh Cà Mau",KV1,
6572,61,Cà Mau,03,Huyện U Minh (trước 04/6/2021),006,THPT U Minh (trước 04/6/2021),"Khóm 1, thị trấn U Minh, huyện U Minh, tỉnh Cà Mau",KV1,
6573,61,Cà Mau,03,Huyện U Minh (trước 04/6/2021),023,TTGDTX U Minh,"Thị trấn U Minh, huyện U Minh, tỉnh Cà Mau",KV1,
6574,61,Cà Mau,03,Huyện U Minh (trước 04/6/2021),031,THPT Khánh Lâm,"Ấp 4, xã Khánh Lâm, huyện U Minh, tỉnh Cà Mau",KV1,
6575,61,Cà Mau,03,Huyện U Minh (trước 04/6/2021),040,THPT Khánh An (trước 04/6/2021),"Ấp 1, xã Khánh An, huyện U Minh, tỉnh Cà Mau",KV1,
6576,61,Cà Mau,03,Huyện U Minh (trước 04/6/2021),045,TTGDNN U Minh (trước 04/6/2021),"Khóm 4, thị trấn U Minh, huyện U Minh, tỉnh Cà Mau",KV1,
6577,61,Cà Mau,03,Huyện U Minh (trước 04/6/2021),061,THCS-THPT Khánh An (trước 04/6/2021),"Ấp 1, xã Khánh An, huyện U Minh, tỉnh Cà Mau",KV1,
6578,61,Cà Mau,04,Huyện Trần Văn Thời,007,THPT Trần Văn Thời (trước 28/4/2017),"Khóm 7, thị trấn Trần Văn Thời, huyện Trần Văn Thời, tỉnh Cà Mau",KV1,
6579,61,Cà Mau,04,Huyện Trần Văn Thời,008,THPT Huỳnh Phi Hùng (trước 28/4/2017),"Khóm 9, thị trấn Trần Văn Thời, huyện Trần Văn Thời, tỉnh Cà Mau",KV1,
6580,61,Cà Mau,04,Huyện Trần Văn Thời,018,THPT Khánh Hưng (trước 04/6/2021),"Ấp Nhà Máy A, xã Khánh Hưng, huyện Trần Văn Thời, tỉnh Cà Mau",KV1,
6581,61,Cà Mau,04,Huyện Trần Văn Thời,021,THPT Sông Đốc (trước 04/6/2021),"Khóm 9, thị trấn Sông Đốc, huyện Trần Văn Thời, tỉnh Cà Mau",KV1,
6582,61,Cà Mau,04,Huyện Trần Văn Thời,024,TTGDTX Trần Văn Thời,"Thị trấn Trần Văn Thời, huyện Trần Văn Thời, tỉnh Cà Mau",KV1,
6583,61,Cà Mau,04,Huyện Trần Văn Thời,039,THPT Võ Thị Hồng (trước 04/6/2021),"Ấp Đá Bạc, xã Khánh Bình Tây, huyện Trần Văn Thời, tỉnh Cà Mau",KV1,
6584,61,Cà Mau,04,Huyện Trần Văn Thời,046,TTGDNN Trần Văn Thời (từ 28/4/2017 đến 03/6/2021),"Khóm 9, thị trấn Trần Văn Thời, huyện Trần Văn Thời, tỉnh Cà Mau",KV1,
6585,61,Cà Mau,04,Huyện Trần Văn Thời,057,THPT Trần Văn Thời (từ 28/4/2017 đến 03/6/2021),"Khóm 7, thị trấn Trần Văn Thời, huyện Trần Văn Thời, tỉnh Cà Mau",KV1,
6586,61,Cà Mau,04,Huyện Trần Văn Thời,058,THPT Huỳnh Phi Hùng (từ 28/4/2017 đến 03/6/2021),"Khóm 9, thị trấn Trần Văn Thời, huyện Trần Văn Thời, tỉnh Cà Mau",KV1,
6587,61,Cà Mau,04,Huyện Trần Văn Thời,066,THPT Trần Văn Thời (từ 16/9/2021),"Khóm 7, thị trấn Trần Văn Thời, huyện Trần Văn Thời, tỉnh Cà Mau",KV1,
6588,61,Cà Mau,04,Huyện Trần Văn Thời,067,THPT Huỳnh Phi Hùng (từ 16/9/2021),"Khóm 9, thị trấn Trần Văn Thời, huyện Trần Văn Thời, tỉnh Cà Mau",KV1,
6589,61,Cà Mau,04,Huyện Trần Văn Thời,071,THPT Khánh Hưng (từ 16/9/2021),"Ấp Nhà Máy A, xã Khánh Hưng, huyện Trần Văn Thời, tỉnh Cà Mau",KV1,
6590,61,Cà Mau,04,Huyện Trần Văn Thời,073,THPT Sông Đốc (từ 04/6/2021),"Khóm 9, thị trấn Sông Đốc, huyện Trần Văn Thời, tỉnh Cà Mau",KV2-NT,
6591,61,Cà Mau,04,Huyện Trần Văn Thời,077,THPT Võ Thị Hồng (từ 16/9/2021),"Ấp Đá Bạc, xã Khánh Bình Tây, huyện Trần Văn Thời, tỉnh Cà Mau",KV1,
6592,61,Cà Mau,05,Huyện Cái Nước,011,THPT Cái Nước,"Hồ Thị Kỷ, khóm 1, thị trấn Cái Nước, huyện Cái Nước, tỉnh Cà Mau",KV2-NT,
6593,61,Cà Mau,05,Huyện Cái Nước,012,THPT Nguyễn Mai,"Võ Thị Sáu, khóm 1, thị trấn Cái Nước, huyện Cái Nước, tỉnh Cà Mau",KV2-NT,
6594,61,Cà Mau,05,Huyện Cái Nước,025,TTGDTX Cái Nước,"Thị trấn Cái Nước, huyện Cái Nước, tỉnh Cà Mau",KV2-NT,
6595,61,Cà Mau,05,Huyện Cái Nước,029,THPT Phú Hưng,"Ấp Lộ Xe, xã Phú Hưng, huyện Cái Nước, tỉnh Cà Mau",KV2-NT,
6596,61,Cà Mau,05,Huyện Cái Nước,047,TTGDNN Cái Nước (trước 04/6/2021),"Ấp Đông Hưng, xã Tân Hưng Đông, huyện Cái Nước, tỉnh Cà Mau",KV1,
6597,61,Cà Mau,06,Huyện Đầm Dơi,009,THPT Đầm Dơi (trước 04/6/2021),"Khóm 4, thị trấn Đầm Dơi, huyện Đầm Dơi, tỉnh Cà Mau",KV1,
6598,61,Cà Mau,06,Huyện Đầm Dơi,010,THPT Thái Thanh Hoà (trước 04/6/2021),"Khóm 5, thị trấn Đầm Dơi, huyện Đầm Dơi, tỉnh Cà Mau",KV1,
6599,61,Cà Mau,06,Huyện Đầm Dơi,026,TTGDTX Đầm Dơi,"Thị trấn Đầm Dơi, huyện Đầm Dơi, tỉnh Cà Mau",KV1,
6600,61,Cà Mau,06,Huyện Đầm Dơi,034,THPT Tân Đức,"Ấp Thuận Hoà, xã Tân Đức, huyện Đầm Dơi, tỉnh Cà Mau",KV2-NT,
6601,61,Cà Mau,06,Huyện Đầm Dơi,048,TTGDNN Đầm Dơi (trước 04/6/2021),"Khóm 1, thị trấn Đầm Dơi, huyện Đầm Dơi, tỉnh Cà Mau",KV1,
6602,61,Cà Mau,06,Huyện Đầm Dơi,059,THPT Quách Văn Phẩm (trước 28/4/2017),"Ấp Xóm Dừa, xã Quách Phẩm, huyện Đầm Dơi, tỉnh Cà Mau",KV1,
6603,61,Cà Mau,06,Huyện Đầm Dơi,068,THPT Đầm Dơi (từ 04/6/2021),"Khóm 4, thị trấn Đầm Dơi, huyện Đầm Dơi, tỉnh Cà Mau",KV2-NT,
6604,61,Cà Mau,06,Huyện Đầm Dơi,069,THPT Thái Thanh Hoà (từ 04/6/2021),"Khóm 5, thị trấn Đầm Dơi, huyện Đầm Dơi, tỉnh Cà Mau",KV2-NT,
6605,61,Cà Mau,06,Huyện Đầm Dơi,082,THPT Quách Văn Phẩm (từ 28/4/2017 đến 03/6/2021),"Ấp Xóm Dừa, xã Quách Phẩm, huyện Đầm Dơi, tỉnh Cà Mau",KV1,
6606,61,Cà Mau,06,Huyện Đầm Dơi,083,THPT Quách Văn Phẩm (từ 16/9/2021),"Ấp Xóm Dừa, xã Quách Phẩm, huyện Đầm Dơi, tỉnh Cà Mau",KV1,
6607,61,Cà Mau,06,Huyện Đầm Dơi,087,THCS-THPT Nguyễn Huân (từ 16/9/2021),"Ấp Hải An, xã Nguyễn Huân, huyện Đầm Dơi, tỉnh Cà Mau",KV1,
6608,61,Cà Mau,06,Huyện Đầm Dơi,088,THCS-THPT Tân Đức,"Ấp Thuận Hoà, xã Tân Đức, huyện Đầm Dơi, tỉnh Cà Mau",KV2-NT,
6609,61,Cà Mau,07,Huyện Ngọc Hiển,032,TTGDTX Ngọc Hiển,"Thị trấn Rạch Gốc, huyện Ngọc Hiển, tỉnh Cà Mau",KV2-NT,
6610,61,Cà Mau,07,Huyện Ngọc Hiển,035,THPT Viên An (trước 04/6/2021),"Ấp Ông Trang, xã Viên An, huyện Ngọc Hiển, tỉnh Cà Mau",KV1,
6611,61,Cà Mau,07,Huyện Ngọc Hiển,038,THPT Ngọc Hiển,"Thị trấn Rạch Gốc, huyện Ngọc Hiển, tỉnh Cà Mau",KV2-NT,
6612,61,Cà Mau,07,Huyện Ngọc Hiển,049,TTGDNN Ngọc Hiển,"Đường số 13/12, khóm 8, thị trấn Rạch Gốc, huyện Ngọc Hiển, tỉnh Cà Mau",KV2-NT,
6613,61,Cà Mau,07,Huyện Ngọc Hiển,075,THPT Viên An (từ 04/6/2021),"Ấp Ông Trang, xã Viên An, huyện Ngọc Hiển, tỉnh Cà Mau",KV2-NT,
6614,61,Cà Mau,08,Huyện Năm Căn,014,THPT Phan Ngọc Hiển (trước 16/9/2021),"Khóm Cái Nai, thị trấn Năm Căn, huyện Năm Căn, tỉnh Cà Mau",KV2-NT,
6615,61,Cà Mau,08,Huyện Năm Căn,027,TTGDTX Năm Căn,"Thị trấn Năm Căn, huyện Năm Căn, tỉnh Cà Mau",KV2-NT,
6616,61,Cà Mau,08,Huyện Năm Căn,050,TTGDNN Năm Căn,"Châu Văn Đặng, khóm Cái Nai, thị trấn Năm Căn, huyện Năm Căn, tỉnh Cà Mau",KV2-NT,
6617,61,Cà Mau,08,Huyện Năm Căn,070,THPT Phan Ngọc Hiển (từ 16/9/2021),"Khóm Cái Nai, thị trấn Năm Căn, huyện Năm Căn, tỉnh Cà Mau",KV1,
6618,61,Cà Mau,09,Huyện Phú Tân,013,THPT Nguyễn Thị Minh Khai,"Ấp Cái Đôi, xã Phú Tân, huyện Phú Tân, tỉnh Cà Mau",KV2-NT,
6619,61,Cà Mau,09,Huyện Phú Tân,033,TTGDTX Phú Tân,"Thị trấn Cái Đôi Vàm, huyện Phú Tân, tỉnh Cà Mau",KV2-NT,
6620,61,Cà Mau,09,Huyện Phú Tân,036,THPT Phú Tân (trước 04/6/2021),"Ấp Cái Đôi Nhỏ, xã Nguyễn Việt Khái, Phú Tân, tỉnh Cà Mau",KV1,
6621,61,Cà Mau,09,Huyện Phú Tân,051,TTGDNN Phú Tân,"Khóm 1, thị trấn Cái Đôi Vàm, huyện Phú Tân, tỉnh Cà Mau",KV2-NT,
6622,61,Cà Mau,09,Huyện Phú Tân,060,THCS-THPT Vàm Đình,"Ấp Vàm Đình, xã Phú Thuận, huyện Phú Tân, tỉnh Cà Mau",KV2-NT,
6623,61,Cà Mau,09,Huyện Phú Tân,076,THPT Phú Tân (từ 16/9/2021),"Ấp Cái Đôi Nhỏ, xã Nguyễn Việt Khái, Phú Tân, tỉnh Cà Mau",KV1,
6624,61,Cà Mau,10,Huyện U Minh (từ 04/6/2021),056,THPT U Minh (từ 04/6/2021),"Khóm 1, thị trấn U Minh, huyện U Minh, tỉnh Cà Mau",KV2-NT,
6625,61,Cà Mau,10,Huyện U Minh (từ 04/6/2021),078,THCS-THPT Khánh An (từ 04/6/2021),"Ấp 1, xã Khánh An, huyện U Minh, tỉnh Cà Mau",KV2-NT,
6626,62,Điện Biên,00,Sở Giáo dục và Đào tạo,800,Học ở nước ngoài_62,,KV3,
6627,62,Điện Biên,00,Sở Giáo dục và Đào tạo,900,"Quân nhân, Công an tại ngũ_62",,KV3,
6628,62,Điện Biên,01,Thành phố Điện Biên Phủ,000,Sở Giáo dục và Đào tạo,"Tổ 15, phường Mường Thanh, thành phố Điện Biên phủ",KV1,
6629,62,Điện Biên,01,Thành phố Điện Biên Phủ,001,Trường THPT thành phố Điện Biên Phủ (trước ngày 04/6/2021),"Phố 8, Phường Mường Thanh, Thành phố Điên Biên Phủ",KV1,
6630,62,Điện Biên,01,Thành phố Điện Biên Phủ,002,Trường THPT Chuyên Lê Quý Đôn (trước ngày 04/6/2021),"Tổ 10, Mường Thanh Thành phố Điên Biên Phủ",KV1,
6631,62,Điện Biên,01,Thành phố Điện Biên Phủ,003,Trường THPT Phan Đình Giót,"Phố 16, Phường Him Lam-Thành phố Điên Biên Phủ",KV1,
6632,62,Điện Biên,01,Thành phố Điện Biên Phủ,005,Trung tâm GDTX Tỉnh (trước ngày 04/6/2021),Tổ 4-Thanh Bình-Thành phố Điên Biên Phủ,KV1,
6633,62,Điện Biên,01,Thành phố Điện Biên Phủ,038,Trường Cao đẳng Nghề Điện Biên,"Phường Thanh Bình , TP Điện Biên",KV1,
6634,62,Điện Biên,01,Thành phố Điện Biên Phủ,048,Trường CĐ Kinh tế Kỹ thuật Điện Biên,"P. Him Lam, Tp. Điện Biên Phủ, Điện Biên",KV1,
6635,62,Điện Biên,01,Thành phố Điện Biên Phủ,049,Trường CĐ Y tế Điện Biên,"P. Noong Bua, Tp. Điện Biên Phủ, Tỉnh Điện Biên",KV1,
6636,62,Điện Biên,01,Thành phố Điện Biên Phủ,050,Trường CĐ Sư phạm Điện Biên,"P. Mường Thanh, Tp. Điện Biên Phủ, Tỉnh Điện Biên",KV1,
6637,62,Điện Biên,01,Thành phố Điện Biên Phủ,051,Trường THPT Lương Thế Vinh,"Phường Him Lam, TP Điện Biên Phủ",KV1,
6638,62,Điện Biên,01,Thành phố Điện Biên Phủ,065,Trường THPT Chuyên Lê Quý Đôn,"Tổ 10, Mường Thanh Thành phố Điên Biên Phủ",KV2,
6639,62,Điện Biên,01,Thành phố Điện Biên Phủ,066,Trường THPT thành phố Điện Biên Phủ,"Phố 8, Phường Mường Thanh, Thành phố Điên Biên Phủ",KV2,
6640,62,Điện Biên,01,Thành phố Điện Biên Phủ,067,Trường Phổ thông Dân tộc Nội Trú Tỉnh,"Tổ 4, Phường Tân Thanh-Thành phố Điên Biên Phủ",KV1,DTNT
6641,62,Điện Biên,01,Thành phố Điện Biên Phủ,068,Trung tâm GDTX Tỉnh,Tổ 4-Thanh Bình-Thành phố Điên Biên Phủ,KV2,
6642,62,Điện Biên,01,Thành phố Điện Biên Phủ,801,Trường THPT - Khu vực 1,,KV1,
6643,62,Điện Biên,01,Thành phố Điện Biên Phủ,802,Trường THPT - KV2NT,,KV2-NT,
6644,62,Điện Biên,01,Thành phố Điện Biên Phủ,803,Trường THPT - KV2,,KV2,
6645,62,Điện Biên,01,Thành phố Điện Biên Phủ,804,Trường THPT - Khu vực 3,,KV3,
6646,62,Điện Biên,02,Thị xã Mường Lay,007,Trường THPT thị xã Mường Lay,"Phường Na Lay, Thị xã Mường Lay, tỉnh Điện Biên",KV1,
6647,62,Điện Biên,02,Thị xã Mường Lay,062,Trung tâm GDNN-GDTX thị xã Mường Lay,"Tổ 6, Phường Sông Đà, Thị xã Mường Lay",KV1,
6648,62,Điện Biên,03,Huyện Điện Biên,009,Trường THPT huyện Điện Biên,"Xã Noong Hẹt, Huyện Điện Biên, tỉnh Điện Biên",KV1,
6649,62,Điện Biên,03,Huyện Điện Biên,010,Trường THPT Thanh Chăn,"Xã Thanh Chăn, Huyện Điện Biên, tỉnh Điện Biên",KV1,
6650,62,Điện Biên,03,Huyện Điện Biên,011,Phòng GD&ĐT huyện Điện Biên,"Pú Tỉu, xã Thanh Xương, huyện Điện Biên, tỉnh Điện Biên",KV1,
6651,62,Điện Biên,03,Huyện Điện Biên,022,Trường THPT Mường Nhà,"Xã Mường Nhà, huyện Điện Biên",KV1,
6652,62,Điện Biên,03,Huyện Điện Biên,024,Trường THPT Nà Tấu,"Xã Nà Tấu, huyện Điện Biên",KV1,
6653,62,Điện Biên,03,Huyện Điện Biên,027,Trung tâm GDTX huyện Điện Biên,"Xã Noong Hẹt, huyện Điện Biên",KV1,
6654,62,Điện Biên,03,Huyện Điện Biên,039,Trường PT DTNT THPT huyện Điện Biên,Phường Nam Thanh- T.P Điện Biên Phủ,KV1,DTNT
6655,62,Điện Biên,03,Huyện Điện Biên,046,Trường THPT Thanh Nưa,"Xã Thanh Nưa, huyện Điện Biên",KV1,
6656,62,Điện Biên,03,Huyện Điện Biên,055,Trung tâm GDNN-GDTX huyện Điện Biên,"Xã Noong Hẹt, huyện Điện Biên",KV1,
6657,62,Điện Biên,04,Huyện Tuần Giáo,012,Trường THPT Tuần Giáo,"Khối 2A, thị trấn Tuần Giáo",KV1,
6658,62,Điện Biên,04,Huyện Tuần Giáo,030,Trung tâm GDTX huyện Tuần Giáo,"Thị trấn Tuần Giáo, huyện Tuần Giáo",KV1,
6659,62,Điện Biên,04,Huyện Tuần Giáo,033,Trường THPT Mùn Chung,"Xã Mùn Chung, huyện Tuần Giáo",KV1,
6660,62,Điện Biên,04,Huyện Tuần Giáo,040,Trường PT DTNT THPT huyện Tuần Giáo,"Thị trấn Tuần Giáo, huyện Tuần Giáo",KV1,DTNT
6661,62,Điện Biên,04,Huyện Tuần Giáo,053,Trường THCS và THPT Quài Tở,"Bản Pậu, Xã Quài Tở, huyện Tuần Giáo",KV1,
6662,62,Điện Biên,04,Huyện Tuần Giáo,058,Trung tâm GDNN-GDTX huyện Tuần Giáo,"Khối Đồng Tâm, Thị trấn Tuần Giáo",KV1,
6663,62,Điện Biên,05,Huyện Mường Chà,015,Trường THPT Mường Chà,"Thị trấn Mường Chà, huyện Mường Chà",KV1,
6664,62,Điện Biên,05,Huyện Mường Chà,028,Trung tâm GDTX huyện Mường Chà,"Thị trấn Mường Chà, huyện Mường Chà",KV1,
6665,62,Điện Biên,05,Huyện Mường Chà,045,Trường PT DTNT THPT huyện Mường Chà,"Thị trấn Mường Chà, huyện Mường Chà",KV1,DTNT
6666,62,Điện Biên,05,Huyện Mường Chà,056,Trung tâm GDNN-GDTX huyện Mường Chà,Tổ 14,KV1,
6667,62,Điện Biên,06,Huyện Tủa Chùa,017,Trường THPT Tủa Chùa,"Phố Thắng Lợi, thị trấn Tủa Chùa, huyện Tủa Chùa",KV1,
6668,62,Điện Biên,06,Huyện Tủa Chùa,029,Trung tâm GDTX huyện Tủa Chùa,"Phố Thắng Lợi, thị trấn Tủa Chùa, huyện Tủa Chùa",KV1,
6669,62,Điện Biên,06,Huyện Tủa Chùa,036,Trường THCS và THPT Tả Sìn Thàng,"Xã Tả Sìn Thàng, huyện Tủa Chùa",KV1,
6670,62,Điện Biên,06,Huyện Tủa Chùa,041,Trường PT DTNT THPT huyện Tủa Chùa,"Khu Thành Công, thị trấn Tủa Chùa, huyện Tủa Chùa",KV1,DTNT
6671,62,Điện Biên,06,Huyện Tủa Chùa,057,Trung tâm GDNN-GDTX huyện Tủa Chùa,"Phố Thắng Lợi, thị trấn Tủa Chùa, huyện Tủa Chùa",KV1,
6672,62,Điện Biên,06,Huyện Tủa Chùa,064,Trường THCS và THPT Quyết Tiến,"Xã Xá Nhè, huyện Tủa Chùa, tỉnh Điện Biên",KV1,
6673,62,Điện Biên,07,Huyện Điện Biên Đông,019,Trường THPT Trần Can,"Thị trấn Điện Biên Đông, huyện Điện Biên Đông",KV1,
6674,62,Điện Biên,07,Huyện Điện Biên Đông,023,Trường THPT Mường Luân,"Xã Mường Luân, huyện Điện Biên Đông",KV1,
6675,62,Điện Biên,07,Huyện Điện Biên Đông,026,Trung tâm GDTX huyện Điện Biên Đông,"Thị trấn Điện Biên Đông, huyện Điện Biên Đông",KV1,
6676,62,Điện Biên,07,Huyện Điện Biên Đông,044,Trường PT DTNT THPT huyện Điện Biên Đông,"Thị trấn Điện Biên Đông, huyện Điện Biên Đông",KV1,DTNT
6677,62,Điện Biên,07,Huyện Điện Biên Đông,054,Trung tâm GDNN-GDTX huyện Điện Biên Đông,"Thị trấn Điện Biên Đông, huyện Điện Biên Đông",KV1,
6678,62,Điện Biên,08,Huyện Mường Nhé,031,Trường THPT Mường Nhé,"Xã Mường Nhé, huyện Mường Nhé",KV1,
6679,62,Điện Biên,08,Huyện Mường Nhé,037,Trung tâm GDTX huyện Mường Nhé,"Xã Mường Nhé, huyện Mường Nhé",KV1,
6680,62,Điện Biên,08,Huyện Mường Nhé,043,Trường PT DTNT THPT huyện Mường Nhé,"Xã Mường Nhé, huyện Mường Nhé",KV1,DTNT
6681,62,Điện Biên,08,Huyện Mường Nhé,060,Trung tâm GDNN-GDTX huyện Mường Nhé,"Xã Mường Nhé, huyện Mường Nhé",KV1,
6682,62,Điện Biên,09,Huyện Mường Ảng,013,Trường THPT Mường Ảng,"Thị trấn Mường Ảng, huyện Mường Ảng",KV1,
6683,62,Điện Biên,09,Huyện Mường Ảng,025,Trường THPT Búng Lao,"Xã Búng Lao, huyện Mường ảng",KV1,
6684,62,Điện Biên,09,Huyện Mường Ảng,034,Trung tâm GDTX huyện Mường Ảng,"Thị trấn Mường Ảng, huyện Mường Ảng",KV1,
6685,62,Điện Biên,09,Huyện Mường Ảng,042,Trường PT DTNT THPT huyện Mường Ảng,"Thị trấn Mường Ảng, huyện Mường Ảng",KV1,DTNT
6686,62,Điện Biên,09,Huyện Mường Ảng,059,Trung tâm GDNN-GDTX huyện Mường Ảng,"Bản Hón, thị trấn Mường Ảng",KV1,
6687,62,Điện Biên,10,Huyện Nậm Pồ,035,Trường THPT Chà Cang,"Xã Chà Cang, huyện Nậm Pồ",KV1,
6688,62,Điện Biên,10,Huyện Nậm Pồ,052,Trường THPT Nậm Pồ,"Bản Phiêng Ngúa, xã Nà Hỳ, huyện Nậm Pồ",KV1,
6689,62,Điện Biên,10,Huyện Nậm Pồ,061,Trung tâm GDNN-GDTX huyện Nậm Pồ,"Bản Nà Hỳ 1, Xã Nà Hỳ, huyện Nậm Pồ",KV1,
6690,62,Điện Biên,10,Huyện Nậm Pồ,063,Trường PT DTNT THPT huyện Nậm Pồ,Trung tâm xã Nà Hỳ,KV1,
6691,63,Đắk Nông,00,Sở Giáo dục và Đào tạo,800,Học ở nước ngoài_63,,KV3,
6692,63,Đắk Nông,00,Sở Giáo dục và Đào tạo,900,"Quân nhân, Công an tại ngũ_63",,KV3,
6693,63,Đắk Nông,01,Thành phố Gia Nghĩa,000,Sở GD&ĐT Dăk Nông,Thị xã Gia Nghĩa,KV1,
6694,63,Đắk Nông,01,Thành phố Gia Nghĩa,001,THPT Chu Văn An,Thị xã Gia Nghĩa,KV1,
6695,63,Đắk Nông,01,Thành phố Gia Nghĩa,002,Trung học phổ thông Dân tộc nội trú N' Trang Lơng tỉnh Đắk Nông,Thị xã Gia Nghĩa,KV1,DTNT
6696,63,Đắk Nông,01,Thành phố Gia Nghĩa,022,THPT Gia Nghĩa,"Thị xã Gia Nghĩa, Đăk Nông",KV1,
6697,63,Đắk Nông,01,Thành phố Gia Nghĩa,024,"TT GDTX-Ngoại ngữ, tin học tỉnh Đắk Nông","Thị xã Gia Nghĩa, Đăk Nông",KV1,
6698,63,Đắk Nông,01,Thành phố Gia Nghĩa,033,Trung cấp nghề Đăk Nông,Thị xã Gia Nghĩa,KV1,
6699,63,Đắk Nông,01,Thành phố Gia Nghĩa,037,THPT Chuyên Nguyễn Chí Thanh,"Thị xã Gia Nghĩa, Đăk Nông",KV1,
6700,63,Đắk Nông,01,Thành phố Gia Nghĩa,101,THPT Chu Văn An,"Phường Nghĩa Thành, TP. Gia Nghĩa, tỉnh Đắk Nông",KV2,
6701,63,Đắk Nông,01,Thành phố Gia Nghĩa,102,Trung học phổ thông Dân tộc nội trú N'Trang Lơng tỉnh Đắk Nông,"Phường Nghĩa Trung, TP. Gia Nghĩa",KV2,DTNT
6702,63,Đắk Nông,01,Thành phố Gia Nghĩa,103,THPT Gia Nghĩa,"Phường Nghĩa Tân, TP. Gia Nghĩa",KV2,
6703,63,Đắk Nông,01,Thành phố Gia Nghĩa,104,THPT Chuyên Nguyễn Chí Thanh,"Phường Nghĩa Tân, TP. Gia Nghĩa",KV2,
6704,63,Đắk Nông,01,Thành phố Gia Nghĩa,105,"Trung tâm GDTX-Ngoại ngữ, tin học tỉnh Đắk Nông","Phường Nghĩa Trung, TP. Gia Nghĩa",KV2,
6705,63,Đắk Nông,01,Thành phố Gia Nghĩa,801,Trường THPT - Khu vực 1,,KV1,
6706,63,Đắk Nông,01,Thành phố Gia Nghĩa,802,Trường THPT - KV2NT,,KV2-NT,
6707,63,Đắk Nông,01,Thành phố Gia Nghĩa,803,Trường THPT - KV2,,KV2,
6708,63,Đắk Nông,01,Thành phố Gia Nghĩa,804,Trường THPT - Khu vực 3,,KV3,
6709,63,Đắk Nông,02,Huyện Đăk R'Lấp,003,THPT Phạm Văn Đồng,"TT kiến Đức, H. Đăk RLấp",KV1,
6710,63,Đắk Nông,02,Huyện Đăk R'Lấp,004,THPT Nguyễn Tất Thành,"Xã Nghĩa Thắng, H. Đăk RLấp",KV1,
6711,63,Đắk Nông,02,Huyện Đăk R'Lấp,010,TT GDNN - GDTX Đắk RLấp,"TT kiến Đức, H. Đăk RLấp",KV1,
6712,63,Đắk Nông,02,Huyện Đăk R'Lấp,017,THPT Trường Chinh,"Xã Đăk Wer, H. Đăk Rlấp",KV1,
6713,63,Đắk Nông,02,Huyện Đăk R'Lấp,030,Phổ thông DTNT THCS-THPT huyện Đăk RLấp,"TTr. Kiến Đức, H. Đăk RLấp",KV1,DTNT
6714,63,Đắk Nông,02,Huyện Đăk R'Lấp,035,THPT Nguyễn Đình Chiểu,"Xã Đăk Ru, H. Đăk R’Lấp",KV1,
6715,63,Đắk Nông,02,Huyện Đăk R'Lấp,106,THPT Phạm Văn Đồng,"Thị trấn Kiến Đức, huyện Đắk R'Lấp, tỉnh Đắk Nông",KV2-NT,
6716,63,Đắk Nông,02,Huyện Đăk R'Lấp,107,THPT Nguyễn Tất Thành,"Xã Nghĩa Thắng, huyện Đắk R'Lấp",KV2-NT,
6717,63,Đắk Nông,02,Huyện Đăk R'Lấp,108,Trung tâm GDNN - GDTX Đắk R'Lấp,"Thị trấn Kiến Đức, huyện Đắk R'Lấp, tỉnh Đắk Nông",KV2-NT,
6718,63,Đắk Nông,02,Huyện Đăk R'Lấp,109,Phổ thông DTNT THCS-THPT huyện Đắk R'Lấp,"Thị trấn Kiến Đức, huyện Đắk R'Lấp, tỉnh Đắk Nông",KV2-NT,DTNT
6719,63,Đắk Nông,03,Huyện Đăk Mil,006,THPT Đăk Mil,"TT Đăk Mil, H. Đăk Mil",KV1,
6720,63,Đắk Nông,03,Huyện Đăk Mil,007,THPT Trần Hưng Đạo,"TT Đăk Mil, H. Đăk Mil",KV1,
6721,63,Đắk Nông,03,Huyện Đăk Mil,011,TT GDNN - GDTX Đăk Mil,"Xã Thuận An, H. Đăk Mil",KV1,
6722,63,Đắk Nông,03,Huyện Đăk Mil,015,THPT Quang Trung,"Xã Đăk RLa, H. Đăk Mil",KV1,
6723,63,Đắk Nông,03,Huyện Đăk Mil,027,THPT Nguyễn Du,"Xã Đăk Sắc, H. Đăk Mil",KV1,
6724,63,Đắk Nông,03,Huyện Đăk Mil,028,Phổ thông DTNT THCS-THPT huyện Đăk Mil,"Thị trấn Đăk Mil, huyện Đăk Mil",KV1,DTNT
6725,63,Đắk Nông,03,Huyện Đăk Mil,041,THCS-THPT Trương Vĩnh Ký,"Thôn Xuân Phong, xã Đức Minh, huyện Đắk Mil, tỉnh Đắk Nông",KV1,
6726,63,Đắk Nông,03,Huyện Đăk Mil,110,THPT Đắk Mil,"Thị trấn Đắk Mil, huyện Đắk Mil, tỉnh Đắk Nông",KV2-NT,
6727,63,Đắk Nông,03,Huyện Đăk Mil,111,THPT Trần Hưng Đạo,"Thị trấn Đắk Mil, huyện Đắk Mil, tỉnh Đắk Nông",KV2-NT,
6728,63,Đắk Nông,03,Huyện Đăk Mil,112,Phổ thông DTNT THCS-THPT huyện Đắk Mil,"Thị trấn Đắk Mil, huyện Đắk Mil, tỉnh Đắk Nông",KV2-NT,DTNT
6729,63,Đắk Nông,04,Huyện Cư Jút,008,THPT Phan Chu Trinh,"TT EaTLinh, H. Cư Jút",KV1,
6730,63,Đắk Nông,04,Huyện Cư Jút,013,TT GDNN - GDTX Cư Jút,"TT EaTLinh, H. Cư Jút",KV1,
6731,63,Đắk Nông,04,Huyện Cư Jút,014,THPT Phan Bội Châu,"Xã Nam Dong, H. Cư Jút",KV1,
6732,63,Đắk Nông,04,Huyện Cư Jút,019,THPT Nguyễn Bỉnh Khiêm,"X Đăk Drông, H. Cư Jút",KV1,
6733,63,Đắk Nông,04,Huyện Cư Jút,026,THPT Đào Duy Từ,"Xã Tâm thắng, H. Cư Jút",KV1,
6734,63,Đắk Nông,04,Huyện Cư Jút,032,Phổ thông DTNT THCS-THPT huyện Cư Jút,"Thị trấn Eatling, huyện Cư Jút",KV1,DTNT
6735,63,Đắk Nông,05,Huyện Đăk Song,005,THPT Đăk Song,"TT Đức An, H. Đăk Song",KV1,
6736,63,Đắk Nông,05,Huyện Đăk Song,020,TT GDNN - GDTX Đăk Song,"TT Đức An, H. Đăk Song",KV1,
6737,63,Đắk Nông,05,Huyện Đăk Song,025,THPT Phan Đình Phùng,"Xã Đăk DNRung, H. Đăk Song",KV1,
6738,63,Đắk Nông,05,Huyện Đăk Song,029,Phổ thông DTNT THCS-THPT huyện Đăk Song,"TTr. Đức An, H. Đăk Song",KV1,DTNT
6739,63,Đắk Nông,05,Huyện Đăk Song,039,THPT Lương Thế Vinh,"Xã Thuận Hạnh, huyện Đăk Song",KV1,
6740,63,Đắk Nông,05,Huyện Đăk Song,113,THPT Đắk Song,"Thị trấn Đức An, huyện Đắk Song, tỉnh Đắk Nông",KV2-NT,
6741,63,Đắk Nông,05,Huyện Đăk Song,114,TT GDNN - GDTX Đắk Song,"Thị trấn Đức An, huyện Đắk Song, tỉnh Đắk Nông",KV2-NT,
6742,63,Đắk Nông,05,Huyện Đăk Song,115,Phổ thông DTNT THCS-THPT huyện Đắk Song,"Thị trấn Đức An, huyện Đắk Song, tỉnh Đắk Nông",KV2-NT,DTNT
6743,63,Đắk Nông,06,Huyện Krông Nô,009,THPT Krông Nô,TT Đăk Mâm. H. Krông Nô,KV1,
6744,63,Đắk Nông,06,Huyện Krông Nô,012,TT GDNN - GDTX Krông Nô,"TDP1, TT Đăk Mâm. H. Krông Nô",KV1,
6745,63,Đắk Nông,06,Huyện Krông Nô,016,THPT Hùng Vương,"Xã Quảng Phú, H. Krông Nô",KV1,
6746,63,Đắk Nông,06,Huyện Krông Nô,021,THPT Trần Phú,"Xã Đăk Sô, H. Krông Nô",KV1,
6747,63,Đắk Nông,06,Huyện Krông Nô,034,Phổ thông DTNT THCS-THPT huyện Krông Nô,"Thị trấn Đăk Mâm, Huyện Krông Nô",KV1,DTNT
6748,63,Đắk Nông,07,Huyện Đắk Glong,023,THPT Đăk Glong,Xã Quảng Khê-H. Đăk Glong,KV1,
6749,63,Đắk Nông,07,Huyện Đắk Glong,031,Phổ thông DTNT THCS-THPT huyện Đăk Glong,"Xã Quảng Khê, H. Đăk Glong",KV1,DTNT
6750,63,Đắk Nông,07,Huyện Đắk Glong,036,THPT Lê Duẩn,"Xã Quảng Sơn, H. Đăk Glong",KV1,
6751,63,Đắk Nông,08,Huyện Tuy Đức,018,THPT Lê Quý Đôn,H. Tuy Đức,KV1,
6752,63,Đắk Nông,08,Huyện Tuy Đức,038,TT GDNN - GDTX Tuy Đức,H. Tuy Đức,KV1,
6753,63,Đắk Nông,08,Huyện Tuy Đức,040,Phổ thông DTNT THCS-THPT huyện Tuy Đức,xã Đăk Buk So,KV1,DTNT
6754,63,Đắk Nông,08,Huyện Tuy Đức,042,THCS&THPT Lê Hữu Trác,"Bản Giang Châu, xã Đắk Ngo, huyện Tuy Đức, tỉnh Đắk Nông",KV1,
6755,64,Hậu Giang,00,Sở Giáo dục và Đào tạo,800,Học ở nước ngoài_64,,KV3,
6756,64,Hậu Giang,00,Sở Giáo dục và Đào tạo,900,"Quân nhân, Công an tại ngũ_64",,KV3,
6757,64,Hậu Giang,01,Thành phố Vị Thanh,001,Sở GD và ĐT Hậu Giang,Sở GD và ĐT Hậu Giang,KV2,
6758,64,Hậu Giang,01,Thành phố Vị Thanh,002,THPT Vị Thanh (trước 04/6/2021),Phường III thành phố Vị Thanh,KV1,
6759,64,Hậu Giang,01,Thành phố Vị Thanh,018,Phòng Giáo dục thành phố Vị Thanh,Phường III Thành phố Vị Thanh,KV1,
6760,64,Hậu Giang,01,Thành phố Vị Thanh,028,THPT Chiêm Thành Tấn (trước 04/6/2021),Phường VII thành phố Vị Thanh,KV1,
6761,64,Hậu Giang,01,Thành phố Vị Thanh,029,TT GDTX thành phố Vị Thanh,Phường III thành phố Vị Thanh,KV1,
6762,64,Hậu Giang,01,Thành phố Vị Thanh,039,THPT chuyên Vị Thanh (trước 04/6/2021),Phường I thành phố Vị Thanh,KV1,
6763,64,Hậu Giang,01,Thành phố Vị Thanh,042,TC nghề tỉnh Hậu Giang,"Khu vực IV, Phường IV, TP. Vị Thanh, Hậu Giang",KV1,
6764,64,Hậu Giang,01,Thành phố Vị Thanh,229,TT GDTX tỉnh Hậu Giang (tước 04/6/2021),Phường I thành phố Vị Thanh,KV1,
6765,64,Hậu Giang,01,Thành phố Vị Thanh,349,Trường Trung cấp Kỹ thuật-Công nghệ tỉnh Hậu Giang,"Đường 19/8, xã Vị Tân, thành phố Vị Thanh",KV1,
6766,64,Hậu Giang,01,Thành phố Vị Thanh,350,Trường Cao đẳng Cộng đồng Hậu Giang (trước 04/6/2021),"Đường 19/8, xã Vị Tân, thành phố Vị Thanh",KV1,
6767,64,Hậu Giang,01,Thành phố Vị Thanh,502,THPT Vị Thanh (từ 04/6/2021),Phường III thành phố Vị Thanh,KV2,
6768,64,Hậu Giang,01,Thành phố Vị Thanh,528,THPT Chiêm Thành Tấn (từ 04/6/2021),Phường VII thành phố Vị Thanh,KV2,
6769,64,Hậu Giang,01,Thành phố Vị Thanh,529,TT GDTX tỉnh Hậu Giang (từ 04/6/2021),"Phường I, TP Vị Thanh",KV2,
6770,64,Hậu Giang,01,Thành phố Vị Thanh,539,THPT Chuyên Vị Thanh (từ 04/6/2021),"Phường I, TP Vị Thanh",KV2,
6771,64,Hậu Giang,01,Thành phố Vị Thanh,550,Trường Cao đẳng Cộng đồng Hậu Giang (từ 04/6/2021),"Phường IV, TP Vị Thanh",KV2,
6772,64,Hậu Giang,01,Thành phố Vị Thanh,801,Trường THPT - Khu vực 1,,KV1,
6773,64,Hậu Giang,01,Thành phố Vị Thanh,802,Trường THPT - KV2NT,,KV2-NT,
6774,64,Hậu Giang,01,Thành phố Vị Thanh,803,Trường THPT - KV2,,KV2,
6775,64,Hậu Giang,01,Thành phố Vị Thanh,804,Trường THPT - Khu vực 3,,KV3,
6776,64,Hậu Giang,02,Huyện Vị Thủy,004,THPT Vị Thủy,TT Nàng Mau H. Vị Thủy,KV2-NT,
6777,64,Hậu Giang,02,Huyện Vị Thủy,019,Phòng Giáo dục H. Vị Thủy,TT Nàng Mau H. Vị Thủy,KV2-NT,
6778,64,Hậu Giang,02,Huyện Vị Thủy,027,THPT Lê Hồng Phong,Xã Vị Thanh H. Vị Thuỷ,KV2-NT,
6779,64,Hậu Giang,02,Huyện Vị Thủy,030,TT GDTX H. Vị Thuỷ,TT Nàng Mau H. Vị Thuỷ,KV2-NT,
6780,64,Hậu Giang,02,Huyện Vị Thủy,046,THPT Vĩnh Tường,"Xã Vĩnh Tường, H. Vị Thuỷ",KV2-NT,
6781,64,Hậu Giang,02,Huyện Vị Thủy,230,TT GDNN-GDTX H. Vị Thuỷ,TT Nàng Mau H. Vị Thuỷ,KV2-NT,
6782,64,Hậu Giang,02,Huyện Vị Thủy,248,Trường Trung cấp Luật Vị Thanh,"Xã Vị Trung, huyện Vị Thuỷ, Hậu Giang",KV1,
6783,64,Hậu Giang,02,Huyện Vị Thủy,351,Trường Trung cấp Kinh tế-Kỹ thuật tỉnh Hậu Giang,"QL61C, xã Vị Trung, huyện Vị Thủy",KV1,
6784,64,Hậu Giang,03,Huyện Long Mỹ,005,THPT Long Mỹ (huyện LM),"TT Long Mỹ, huyện Long Mỹ",KV2-NT,
6785,64,Hậu Giang,03,Huyện Long Mỹ,006,THPT Tây Đô (trước 01/5/2019),Xã Vĩnh Viễn H. Long Mỹ,KV1,
6786,64,Hậu Giang,03,Huyện Long Mỹ,020,Phòng Giáo dục H. Long Mỹ,xã Vĩnh Viễn H. Long Mỹ,KV2-NT,
6787,64,Hậu Giang,03,Huyện Long Mỹ,025,Phổ thông Dân tộc nội trú (huyện LM),"xã Long Bình, huyện Long Mỹ",KV2-NT,DTNT
6788,64,Hậu Giang,03,Huyện Long Mỹ,026,THPT Tân Phú (huyện LM),"Xã Tân Phú, huyện Long Mỹ",KV2-NT,
6789,64,Hậu Giang,03,Huyện Long Mỹ,031,TT GDTX Long Mỹ,"TT Long Mỹ, huyện Long Mỹ",KV2-NT,
6790,64,Hậu Giang,03,Huyện Long Mỹ,037,THPT Lương Tâm (trước 04/6/2021),Xã Lương Tâm H. Long Mỹ,KV1,
6791,64,Hậu Giang,03,Huyện Long Mỹ,247,TT GDNN-GDTX H. Long Mỹ,"ấp 6, xã Thuận Hưng, huyện Long Mỹ",KV2-NT,
6792,64,Hậu Giang,03,Huyện Long Mỹ,406,THPT Tây Đô (từ 01/05/2019 đến trước 04/6/2021),"Thị trấn Vĩnh Viễn, H. Long Mỹ",KV1,
6793,64,Hậu Giang,03,Huyện Long Mỹ,506,THPT Tây Đô (từ 04/6/2021),"TT Vĩnh Viễn, huyện Long Mỹ",KV2-NT,
6794,64,Hậu Giang,03,Huyện Long Mỹ,537,THPT Lương Tâm (từ 04/6/2021),Xã Lương Tâm H. Long Mỹ,KV2-NT,
6795,64,Hậu Giang,04,Huyện Phụng Hiệp,009,THPT Lương Thế Vinh,TT Kinh Cùng H. Phụng Hiệp,KV2-NT,
6796,64,Hậu Giang,04,Huyện Phụng Hiệp,010,THPT Cây Dương,TT Cây Dương H. Phụng Hiệp,KV2-NT,
6797,64,Hậu Giang,04,Huyện Phụng Hiệp,017,THPT Tân Long,"Xã Tân Long, H. Phụng Hiệp",KV2-NT,
6798,64,Hậu Giang,04,Huyện Phụng Hiệp,021,Phòng Giáo dục H. Phụng Hiệp,TT Cây Dương H. Phụng Hiệp,KV2-NT,
6799,64,Hậu Giang,04,Huyện Phụng Hiệp,032,TT GDTX H. Phụng Hiệp,TT Cây Dương H. Phụng Hiệp,KV2-NT,
6800,64,Hậu Giang,04,Huyện Phụng Hiệp,036,THPT Hòa An (trước 04/6/2021),Xã Hòa An H. Phụng Hiệp,KV1,
6801,64,Hậu Giang,04,Huyện Phụng Hiệp,232,TT GDNN-GDTX H. Phụng Hiệp,TT Cây Dương H. Phụng Hiệp,KV2-NT,
6802,64,Hậu Giang,04,Huyện Phụng Hiệp,536,THPT Hòa An (từ 04/6/2021),Xã Hòa An H. Phụng Hiệp,KV2-NT,
6803,64,Hậu Giang,05,Huyện Châu Thành,012,THPT Ngã Sáu,TT Ngã Sáu H. Châu Thành,KV2-NT,
6804,64,Hậu Giang,05,Huyện Châu Thành,022,Phòng Giáo dục H. Châu Thành,TT Ngã Sáu H. Châu Thành,KV2-NT,
6805,64,Hậu Giang,05,Huyện Châu Thành,033,TT GDTX H. Châu Thành,TT Ngã Sáu H. Châu Thành,KV2-NT,
6806,64,Hậu Giang,05,Huyện Châu Thành,038,THPT Phú Hữu,Xã Phú Hữu H. Châu Thành,KV2-NT,
6807,64,Hậu Giang,05,Huyện Châu Thành,045,CĐ Nghề Trần Đại Nghĩa,"Khu ĐT Đông Phú, Đông Phú, Châu Thành, HG",KV2-NT,
6808,64,Hậu Giang,05,Huyện Châu Thành,233,TT GDNN-GDTX H. Châu Thành,TT Ngã Sáu H. Châu Thành,KV2-NT,
6809,64,Hậu Giang,06,Huyện Châu Thành A,013,THPT Tầm Vu,Xã Thạnh Xuân H. Châu Thành A,KV2-NT,
6810,64,Hậu Giang,06,Huyện Châu Thành A,014,THPT Cái Tắc (trước 04/6/2021),Thị trấn Cái Tắc huyện Châu Thành A,KV1,
6811,64,Hậu Giang,06,Huyện Châu Thành A,015,THPT Châu Thành A,TT Một Ngàn H. Châu Thành A,KV2-NT,
6812,64,Hậu Giang,06,Huyện Châu Thành A,023,Phòng Giáo dục H. Châu Thành A,TT Một ngàn H. Châu Thành A,KV2-NT,
6813,64,Hậu Giang,06,Huyện Châu Thành A,034,TT GDTX H. Châu Thành A,TT Một ngàn H. Châu Thành A,KV2-NT,
6814,64,Hậu Giang,06,Huyện Châu Thành A,041,THPT Trường Long Tây,"Xã Trường Long Tây, H. Châu Thành A",KV2-NT,
6815,64,Hậu Giang,06,Huyện Châu Thành A,234,TT GDNN-GDTX H. Châu Thành A,TT Một ngàn H. Châu Thành A,KV2-NT,
6816,64,Hậu Giang,06,Huyện Châu Thành A,514,THPT Cái Tắc (từ 04/6/2021),Thị trấn Cái Tắc huyện Châu Thành A,KV2-NT,
6817,64,Hậu Giang,07,Thị xã Ngã Bảy,011,THPT Nguyễn Minh Quang (Trước 28/04/2017),"Phường Lái Hiếu, thị xã Ngã Bảy",KV2,
6818,64,Hậu Giang,07,Thị xã Ngã Bảy,024,Phòng Giáo dục Thị xã Ngã Bảy,Phường Ngã Bảy thị xã Ngã Bảy,KV1,
6819,64,Hậu Giang,07,Thị xã Ngã Bảy,035,TT GDTX thị xã Ngã Bảy,Phường Lái Hiếu thị xã Ngã Bảy,KV2,
6820,64,Hậu Giang,07,Thị xã Ngã Bảy,040,THPT Lê Quý Đôn (Trước 28/04/2017),Phường Lái Hiếu thị xã Ngã Bảy,KV2,
6821,64,Hậu Giang,07,Thị xã Ngã Bảy,043,TC nghề Ngã Bảy,"Số 3567, Hùng Vương, Khu vực IV, P.Hiệp Thành",KV2,
6822,64,Hậu Giang,07,Thị xã Ngã Bảy,311,THPT Nguyễn Minh Quang (Từ 28/4/2017 đến trước 01/02/2020),"Phường Lái Hiếu, thị xã Ngã Bảy",KV1,
6823,64,Hậu Giang,07,Thị xã Ngã Bảy,335,TT GDNN-GDTX thị xã Ngã Bảy,"Phường Lái Hiếu, thị xã Ngã Bảy",KV1,
6824,64,Hậu Giang,07,Thị xã Ngã Bảy,340,THPT Lê Qúy Đôn (Từ 28/4/2017 đến trước 01/02/2020),"Phường Lái Hiếu, thị xã Ngã Bảy",KV1,
6825,64,Hậu Giang,08,Thị xã Long Mỹ,047,Phòng Giáo dục thị xã Long Mỹ (huyện LM),Phường Bình Thạnh thị xã Long Mỹ,KV2-NT,
6826,64,Hậu Giang,08,Thị xã Long Mỹ,105,THPT Long Mỹ,Phường Bình Thạnh thị xã Long Mỹ,KV2,
6827,64,Hậu Giang,08,Thị xã Long Mỹ,125,Phổ thông Dân tộc nội trú,Phường Vĩnh Tường thị xã Long Mỹ,KV2,DTNT
6828,64,Hậu Giang,08,Thị xã Long Mỹ,126,THPT Tân Phú,Xã Tân Phú thị xã Long Mỹ,KV2,
6829,64,Hậu Giang,08,Thị xã Long Mỹ,131,TT GDTX Long Mỹ,Phường Thuận An thị xã Long Mỹ,KV2,
6830,64,Hậu Giang,08,Thị xã Long Mỹ,147,Phòng Giáo dục thị xã Long Mỹ,Phường Bình Thạnh thị xã Long Mỹ,KV2,
6831,64,Hậu Giang,08,Thị xã Long Mỹ,231,TT GDNN-GDTX tx Long Mỹ,Phường Thuận An thị xã Long Mỹ,KV2,
6832,64,Hậu Giang,09,Thành phố Ngã Bảy,411,THPT Nguyễn Minh Quang (Từ 01/02/2020 đến trước 04/6/2021),"Phường Lái Hiếu, Thành phố Ngã Bảy",KV1,
6833,64,Hậu Giang,09,Thành phố Ngã Bảy,435,TT GDNN-GDTX thành phố Ngã Bảy (Từ 01/02/2020),"Phường Lái Hiếu, thành phố Ngã Bảy",KV1,
6834,64,Hậu Giang,09,Thành phố Ngã Bảy,440,THPT Lê Qúy Đôn (Từ 01/02/2020 đến trước 04/6/2021),"Phường Lái Hiếu, Thành phố Ngã Bảy",KV1,
6835,64,Hậu Giang,09,Thành phố Ngã Bảy,511,THPT Nguyễn Minh Quang (từ 04/6/2021),"Phường Lái Hiếu, Thành phố Ngã Bảy",KV2,
6836,64,Hậu Giang,09,Thành phố Ngã Bảy,535,TT GDNN-GDTX thành phố Ngã Bảy (từ 04/6/2021),Phường Lái Hiếu thành phố Ngã Bảy,KV2,
6837,64,Hậu Giang,09,Thành phố Ngã Bảy,540,THPT Lê Qúy Đôn (từ 04/6/2021),"Phường Lái Hiếu, Thành phố Ngã Bảy",KV2,
6838,65,Cục nhà trường,01,Cục Nhà trường - Hà Nội,001,Trường Đại học văn hóa nghệ thuật Quân đội,Số 67B phố Cửa Bắc- Quận Ba Đình,KV3,
6839,65,Cục nhà trường,01,Cục Nhà trường - Hà Nội,801,Trường THPT - Khu vực 1,,KV1,
6840,65,Cục nhà trường,01,Cục Nhà trường - Hà Nội,802,Trường THPT - KV2NT,,KV2-NT,
6841,65,Cục nhà trường,01,Cục Nhà trường - Hà Nội,803,Trường THPT - KV2,,KV2,
6842,65,Cục nhà trường,01,Cục Nhà trường - Hà Nội,804,Trường THPT - Khu vực 3,,KV3,
6843,65,Cục nhà trường,02,Cục Nhà trường - Đồng Nai,002,Trường Cao đẳng nghề Số 8,,KV2,
